0 verbose cli C:\software\node.exe C:\software\node_modules\npm\bin\npm-cli.js
1 info using npm@11.13.0
2 info using node@v24.16.0
3 silly config load:file:C:\software\node_modules\npm\npmrc
4 silly config load:file:C:\Users\34026\Desktop\基于 AI 的在线像素画创作与编辑平台\.npmrc
5 silly config load:file:C:\Users\34026\.npmrc
6 silly config load:file:C:\Users\34026\AppData\Roaming\npm\etc\npmrc
7 verbose title npm install
8 verbose argv "install" "--cache" ".npm-cache" "--prefer-offline"
9 verbose logfile logs-max:10 dir:C:\Users\34026\Desktop\基于 AI 的在线像素画创作与编辑平台\.npm-cache\_logs\2026-07-14T07_12_14_418Z-
10 verbose logfile C:\Users\34026\Desktop\基于 AI 的在线像素画创作与编辑平台\.npm-cache\_logs\2026-07-14T07_12_14_418Z-debug-0.log
11 silly logfile done cleaning log files
12 silly packumentCache heap:4496293888 maxSize:1124073472 maxEntrySize:562036736
13 silly idealTree buildDeps
14 silly fetch manifest @types/node@22.10.2
15 silly packumentCache full:https://registry.npmjs.org/@types%2fnode cache-miss
16 http fetch GET 200 https://registry.npmjs.org/npm 2333ms
17 http fetch GET 200 https://registry.npmjs.org/@types%2fnode 10394ms (cache miss)
18 silly packumentCache full:https://registry.npmjs.org/@types%2fnode set size:undefined disposed:false
19 silly fetch manifest @types/react@19.0.2
20 silly packumentCache full:https://registry.npmjs.org/@types%2freact cache-miss
21 http fetch GET 200 https://registry.npmjs.org/@types%2freact 3441ms (cache miss)
22 silly packumentCache full:https://registry.npmjs.org/@types%2freact set size:undefined disposed:false
23 silly fetch manifest @types/react-dom@19.0.2
24 silly packumentCache full:https://registry.npmjs.org/@types%2freact-dom cache-miss
25 http fetch GET 200 https://registry.npmjs.org/@types%2freact-dom 1675ms (cache miss)
26 silly packumentCache full:https://registry.npmjs.org/@types%2freact-dom set size:undefined disposed:false
27 silly fetch manifest lucide-react@^0.468.0
28 silly packumentCache full:https://registry.npmjs.org/lucide-react cache-miss
29 http fetch GET 200 https://registry.npmjs.org/lucide-react 1532ms (cache miss)
30 silly packumentCache full:https://registry.npmjs.org/lucide-react set size:undefined disposed:false
31 silly fetch manifest react@19.0.0
32 silly packumentCache full:https://registry.npmjs.org/react cache-miss
33 http fetch GET 200 https://registry.npmjs.org/react 39041ms (cache miss)
34 silly packumentCache full:https://registry.npmjs.org/react set size:undefined disposed:false
35 silly fetch manifest next@15.1.1
36 silly packumentCache full:https://registry.npmjs.org/next cache-miss
37 http fetch GET 200 https://registry.npmjs.org/next 6620ms (cache miss)
38 silly packumentCache full:https://registry.npmjs.org/next set size:undefined disposed:false
39 silly fetch manifest @opentelemetry/api@^1.1.0
40 silly packumentCache full:https://registry.npmjs.org/@opentelemetry%2fapi cache-miss
41 http fetch GET 200 https://registry.npmjs.org/@opentelemetry%2fapi 840ms (cache miss)
42 silly packumentCache full:https://registry.npmjs.org/@opentelemetry%2fapi set size:undefined disposed:false
43 silly fetch manifest @playwright/test@^1.41.2
44 silly packumentCache full:https://registry.npmjs.org/@playwright%2ftest cache-miss
45 http fetch GET 200 https://registry.npmjs.org/@playwright%2ftest 5454ms (cache miss)
46 silly packumentCache full:https://registry.npmjs.org/@playwright%2ftest set size:undefined disposed:false
47 silly fetch manifest babel-plugin-react-compiler@*
48 silly packumentCache full:https://registry.npmjs.org/babel-plugin-react-compiler cache-miss
49 http fetch GET 200 https://registry.npmjs.org/babel-plugin-react-compiler 1549ms (cache miss)
50 silly packumentCache full:https://registry.npmjs.org/babel-plugin-react-compiler set size:undefined disposed:false
51 silly fetch manifest react-dom@19.0.0
52 silly packumentCache full:https://registry.npmjs.org/react-dom cache-miss
53 http fetch GET 200 https://registry.npmjs.org/react-dom 4684ms (cache miss)
54 silly packumentCache full:https://registry.npmjs.org/react-dom set size:undefined disposed:false
55 silly fetch manifest sass@^1.3.0
56 silly packumentCache full:https://registry.npmjs.org/sass cache-miss
57 http fetch GET 200 https://registry.npmjs.org/sass 3865ms (cache miss)
58 silly packumentCache full:https://registry.npmjs.org/sass set size:undefined disposed:false
59 silly fetch manifest tailwindcss@^4.0.0
60 silly packumentCache full:https://registry.npmjs.org/tailwindcss cache-miss
61 http fetch GET 200 https://registry.npmjs.org/tailwindcss 5884ms (cache miss)
62 silly packumentCache full:https://registry.npmjs.org/tailwindcss set size:undefined disposed:false
63 silly fetch manifest typescript@^5.7.2
64 silly packumentCache full:https://registry.npmjs.org/typescript cache-miss
65 http fetch GET 200 https://registry.npmjs.org/typescript 21256ms (cache miss)
66 silly packumentCache full:https://registry.npmjs.org/typescript set size:undefined disposed:false
67 silly fetch manifest @tailwindcss/postcss@^4.0.0
68 silly packumentCache full:https://registry.npmjs.org/@tailwindcss%2fpostcss cache-miss
69 http fetch GET 200 https://registry.npmjs.org/@tailwindcss%2fpostcss 1711ms (cache miss)
70 silly packumentCache full:https://registry.npmjs.org/@tailwindcss%2fpostcss set size:undefined disposed:false
71 silly fetch manifest eslint@^9.17.0
72 silly packumentCache full:https://registry.npmjs.org/eslint cache-miss
73 http fetch GET 200 https://registry.npmjs.org/eslint 2397ms (cache miss)
74 silly packumentCache full:https://registry.npmjs.org/eslint set size:undefined disposed:false
75 silly fetch manifest jiti@*
76 silly packumentCache full:https://registry.npmjs.org/jiti cache-miss
77 http fetch GET 200 https://registry.npmjs.org/jiti 541ms (cache miss)
78 silly packumentCache full:https://registry.npmjs.org/jiti set size:undefined disposed:false
79 silly fetch manifest eslint-config-next@15.1.1
80 silly packumentCache full:https://registry.npmjs.org/eslint-config-next cache-miss
81 http fetch GET 200 https://registry.npmjs.org/eslint-config-next 10780ms (cache miss)
82 silly packumentCache full:https://registry.npmjs.org/eslint-config-next set size:undefined disposed:false
83 silly placeDep ROOT @tailwindcss/postcss@4.3.2 OK for: ai-pixel-studio@0.1.0 want: ^4.0.0
84 silly placeDep ROOT @types/node@22.10.2 OK for: ai-pixel-studio@0.1.0 want: 22.10.2
85 silly placeDep ROOT @types/react@19.0.2 OK for: ai-pixel-studio@0.1.0 want: 19.0.2
86 silly placeDep ROOT @types/react-dom@19.0.2 OK for: ai-pixel-studio@0.1.0 want: 19.0.2
87 silly placeDep ROOT eslint@9.39.5 OK for: ai-pixel-studio@0.1.0 want: ^9.17.0
88 silly placeDep ROOT eslint-config-next@15.1.1 OK for: ai-pixel-studio@0.1.0 want: 15.1.1
89 silly placeDep ROOT lucide-react@0.468.0 OK for: ai-pixel-studio@0.1.0 want: ^0.468.0
90 silly placeDep ROOT react@19.0.0 OK for: lucide-react@0.468.0 want: ^16.5.1 || ^17.0.0 || ^18.0.0 || ^19.0.0-rc
91 silly placeDep ROOT next@15.1.1 OK for: ai-pixel-studio@0.1.0 want: 15.1.1
92 silly placeDep ROOT react-dom@19.0.0 OK for: next@15.1.1 want: ^18.2.0 || 19.0.0-rc-de68d2f4-20241204 || ^19.0.0
93 silly placeDep ROOT tailwindcss@4.3.2 OK for: ai-pixel-studio@0.1.0 want: ^4.0.0
94 silly placeDep ROOT typescript@5.9.3 OK for: ai-pixel-studio@0.1.0 want: ^5.7.2
95 silly fetch manifest postcss@^8.5.15
96 silly packumentCache full:https://registry.npmjs.org/postcss cache-miss
97 silly fetch manifest tailwindcss@4.3.2
98 silly packumentCache full:https://registry.npmjs.org/tailwindcss cache-miss
99 silly fetch manifest @alloc/quick-lru@^5.2.0
100 silly packumentCache full:https://registry.npmjs.org/@alloc%2fquick-lru cache-miss
101 silly fetch manifest @tailwindcss/node@4.3.2
102 silly packumentCache full:https://registry.npmjs.org/@tailwindcss%2fnode cache-miss
103 silly fetch manifest @tailwindcss/oxide@4.3.2
104 silly packumentCache full:https://registry.npmjs.org/@tailwindcss%2foxide cache-miss
105 silly fetch manifest undici-types@~6.20.0
106 silly packumentCache full:https://registry.npmjs.org/undici-types cache-miss
107 silly fetch manifest csstype@^3.0.2
108 silly packumentCache full:https://registry.npmjs.org/csstype cache-miss
109 silly fetch manifest ajv@^6.14.0
110 silly packumentCache full:https://registry.npmjs.org/ajv cache-miss
111 silly fetch manifest chalk@^4.0.0
112 silly packumentCache full:https://registry.npmjs.org/chalk cache-miss
113 silly fetch manifest debug@^4.3.2
114 silly packumentCache full:https://registry.npmjs.org/debug cache-miss
115 silly fetch manifest espree@^10.4.0
116 silly packumentCache full:https://registry.npmjs.org/espree cache-miss
117 silly fetch manifest ignore@^5.2.0
118 silly packumentCache full:https://registry.npmjs.org/ignore cache-miss
119 silly fetch manifest esquery@^1.5.0
120 silly packumentCache full:https://registry.npmjs.org/esquery cache-miss
121 silly fetch manifest esutils@^2.0.2
122 silly packumentCache full:https://registry.npmjs.org/esutils cache-miss
123 silly fetch manifest find-up@^5.0.0
124 silly packumentCache full:https://registry.npmjs.org/find-up cache-miss
125 silly fetch manifest is-glob@^4.0.0
126 silly packumentCache full:https://registry.npmjs.org/is-glob cache-miss
127 silly fetch manifest minimatch@^3.1.5
128 silly packumentCache full:https://registry.npmjs.org/minimatch cache-miss
129 silly fetch manifest @eslint/js@9.39.5
130 silly packumentCache full:https://registry.npmjs.org/@eslint%2fjs cache-miss
131 silly fetch manifest optionator@^0.9.3
132 silly packumentCache full:https://registry.npmjs.org/optionator cache-miss
133 silly fetch manifest cross-spawn@^7.0.6
134 silly packumentCache full:https://registry.npmjs.org/cross-spawn cache-miss
135 silly fetch manifest glob-parent@^6.0.2
136 silly packumentCache full:https://registry.npmjs.org/glob-parent cache-miss
137 silly fetch manifest imurmurhash@^0.1.4
138 silly packumentCache full:https://registry.npmjs.org/imurmurhash cache-miss
139 silly fetch manifest @eslint/core@^0.17.0
140 silly packumentCache full:https://registry.npmjs.org/@eslint%2fcore cache-miss
141 http cache https://registry.npmjs.org/tailwindcss 93ms (cache hit)
142 silly packumentCache full:https://registry.npmjs.org/tailwindcss set size:10756033 disposed:false
143 silly fetch manifest eslint-scope@^8.4.0
144 silly packumentCache full:https://registry.npmjs.org/eslint-scope cache-miss
145 http fetch GET 200 https://registry.npmjs.org/@alloc%2fquick-lru 491ms (cache miss)
146 silly packumentCache full:https://registry.npmjs.org/@alloc%2fquick-lru set size:undefined disposed:false
147 silly fetch manifest lodash.merge@^4.6.2
148 silly packumentCache full:https://registry.npmjs.org/lodash.merge cache-miss
149 http fetch GET 200 https://registry.npmjs.org/postcss 780ms (cache miss)
150 silly packumentCache full:https://registry.npmjs.org/postcss set size:undefined disposed:false
151 silly fetch manifest @humanfs/node@^0.16.6
152 silly packumentCache full:https://registry.npmjs.org/@humanfs%2fnode cache-miss
153 http fetch GET 200 https://registry.npmjs.org/chalk 1125ms (cache miss)
154 silly packumentCache full:https://registry.npmjs.org/chalk set size:undefined disposed:false
155 silly fetch manifest @types/estree@^1.0.6
156 silly packumentCache full:https://registry.npmjs.org/@types%2festree cache-miss
157 http fetch GET 200 https://registry.npmjs.org/@eslint%2fjs 1195ms (cache miss)
158 silly packumentCache full:https://registry.npmjs.org/@eslint%2fjs set size:undefined disposed:false
159 silly fetch manifest fast-deep-equal@^3.1.3
160 silly packumentCache full:https://registry.npmjs.org/fast-deep-equal cache-miss
161 http fetch GET 200 https://registry.npmjs.org/undici-types 1205ms (cache miss)
162 silly packumentCache full:https://registry.npmjs.org/undici-types set size:undefined disposed:false
163 silly fetch manifest natural-compare@^1.4.0
164 silly packumentCache full:https://registry.npmjs.org/natural-compare cache-miss
165 http fetch GET 200 https://registry.npmjs.org/debug 1716ms (cache miss)
166 silly packumentCache full:https://registry.npmjs.org/debug set size:undefined disposed:false
167 silly fetch manifest @eslint/eslintrc@^3.3.6
168 silly packumentCache full:https://registry.npmjs.org/@eslint%2feslintrc cache-miss
169 http fetch GET 200 https://registry.npmjs.org/optionator 1722ms (cache miss)
170 silly packumentCache full:https://registry.npmjs.org/optionator set size:undefined disposed:false
171 silly fetch manifest file-entry-cache@^8.0.0
172 silly packumentCache full:https://registry.npmjs.org/file-entry-cache cache-miss
173 http fetch GET 200 https://registry.npmjs.org/glob-parent 1727ms (cache miss)
174 silly packumentCache full:https://registry.npmjs.org/glob-parent set size:undefined disposed:false
175 silly fetch manifest @eslint/plugin-kit@^0.4.1
176 silly packumentCache full:https://registry.npmjs.org/@eslint%2fplugin-kit cache-miss
177 http fetch GET 200 https://registry.npmjs.org/ignore 1791ms (cache miss)
178 silly packumentCache full:https://registry.npmjs.org/ignore set size:undefined disposed:false
179 silly fetch manifest eslint-visitor-keys@^4.2.1
180 silly packumentCache full:https://registry.npmjs.org/eslint-visitor-keys cache-miss
181 http fetch GET 200 https://registry.npmjs.org/espree 1929ms (cache miss)
182 silly packumentCache full:https://registry.npmjs.org/espree set size:undefined disposed:false
183 silly fetch manifest @eslint/config-array@^0.21.2
184 silly packumentCache full:https://registry.npmjs.org/@eslint%2fconfig-array cache-miss
185 http fetch GET 200 https://registry.npmjs.org/minimatch 2002ms (cache miss)
186 silly packumentCache full:https://registry.npmjs.org/minimatch set size:undefined disposed:false
187 silly fetch manifest @humanwhocodes/retry@^0.4.2
188 silly packumentCache full:https://registry.npmjs.org/@humanwhocodes%2fretry cache-miss
189 http fetch GET 200 https://registry.npmjs.org/@eslint%2fcore 2006ms (cache miss)
190 silly packumentCache full:https://registry.npmjs.org/@eslint%2fcore set size:undefined disposed:false
191 silly fetch manifest escape-string-regexp@^4.0.0
192 silly packumentCache full:https://registry.npmjs.org/escape-string-regexp cache-miss
193 http fetch GET 200 https://registry.npmjs.org/cross-spawn 2071ms (cache miss)
194 silly packumentCache full:https://registry.npmjs.org/cross-spawn set size:undefined disposed:false
195 silly fetch manifest @eslint/config-helpers@^0.4.2
196 silly packumentCache full:https://registry.npmjs.org/@eslint%2fconfig-helpers cache-miss
197 http fetch GET 200 https://registry.npmjs.org/esquery 2150ms (cache miss)
198 silly packumentCache full:https://registry.npmjs.org/esquery set size:undefined disposed:false
199 silly fetch manifest @eslint-community/regexpp@^4.12.1
200 silly packumentCache full:https://registry.npmjs.org/@eslint-community%2fregexpp cache-miss
201 http fetch GET 200 https://registry.npmjs.org/is-glob 2176ms (cache miss)
202 silly packumentCache full:https://registry.npmjs.org/is-glob set size:undefined disposed:false
203 silly fetch manifest @eslint-community/eslint-utils@^4.8.0
204 silly packumentCache full:https://registry.npmjs.org/@eslint-community%2feslint-utils cache-miss
205 http fetch GET 200 https://registry.npmjs.org/imurmurhash 2212ms (cache miss)
206 silly packumentCache full:https://registry.npmjs.org/imurmurhash set size:undefined disposed:false
207 silly fetch manifest @humanwhocodes/module-importer@^1.0.1
208 silly packumentCache full:https://registry.npmjs.org/@humanwhocodes%2fmodule-importer cache-miss
209 http fetch GET 200 https://registry.npmjs.org/eslint-scope 2039ms (cache miss)
210 silly packumentCache full:https://registry.npmjs.org/eslint-scope set size:undefined disposed:false
211 silly fetch manifest json-stable-stringify-without-jsonify@^1.0.1
212 silly packumentCache full:https://registry.npmjs.org/json-stable-stringify-without-jsonify cache-miss
213 http fetch GET 200 https://registry.npmjs.org/natural-compare 1065ms (cache miss)
214 silly packumentCache full:https://registry.npmjs.org/natural-compare set size:undefined disposed:false
215 silly fetch manifest eslint-plugin-react@^7.37.0
216 silly packumentCache full:https://registry.npmjs.org/eslint-plugin-react cache-miss
217 http fetch GET 200 https://registry.npmjs.org/@humanfs%2fnode 1656ms (cache miss)
218 silly packumentCache full:https://registry.npmjs.org/@humanfs%2fnode set size:undefined disposed:false
219 silly fetch manifest eslint-plugin-import@^2.31.0
220 silly packumentCache full:https://registry.npmjs.org/eslint-plugin-import cache-miss
221 http fetch GET 200 https://registry.npmjs.org/find-up 2443ms (cache miss)
222 silly packumentCache full:https://registry.npmjs.org/find-up set size:undefined disposed:false
223 silly fetch manifest eslint-plugin-jsx-a11y@^6.10.0
224 silly packumentCache full:https://registry.npmjs.org/eslint-plugin-jsx-a11y cache-miss
225 http fetch GET 200 https://registry.npmjs.org/lodash.merge 1960ms (cache miss)
226 silly packumentCache full:https://registry.npmjs.org/lodash.merge set size:undefined disposed:false
227 silly fetch manifest @rushstack/eslint-patch@^1.10.3
228 silly packumentCache full:https://registry.npmjs.org/@rushstack%2feslint-patch cache-miss
229 http fetch GET 200 https://registry.npmjs.org/@eslint%2feslintrc 734ms (cache miss)
230 silly packumentCache full:https://registry.npmjs.org/@eslint%2feslintrc set size:undefined disposed:false
231 silly fetch manifest @next/eslint-plugin-next@15.1.1
232 silly packumentCache full:https://registry.npmjs.org/@next%2feslint-plugin-next cache-miss
233 http fetch GET 200 https://registry.npmjs.org/@eslint%2fplugin-kit 732ms (cache miss)
234 silly packumentCache full:https://registry.npmjs.org/@eslint%2fplugin-kit set size:undefined disposed:false
235 silly fetch manifest @typescript-eslint/parser@^5.4.2 || ^6.0.0 || ^7.0.0 || ^8.0.0
236 silly packumentCache full:https://registry.npmjs.org/@typescript-eslint%2fparser cache-miss
237 http fetch GET 200 https://registry.npmjs.org/fast-deep-equal 1323ms (cache miss)
238 silly packumentCache full:https://registry.npmjs.org/fast-deep-equal set size:undefined disposed:false
239 silly fetch manifest eslint-plugin-react-hooks@^5.0.0
240 silly packumentCache full:https://registry.npmjs.org/eslint-plugin-react-hooks cache-miss
241 http fetch GET 200 https://registry.npmjs.org/@types%2festree 1565ms (cache miss)
242 silly packumentCache full:https://registry.npmjs.org/@types%2festree set size:undefined disposed:false
243 silly fetch manifest eslint-import-resolver-node@^0.3.6
244 silly packumentCache full:https://registry.npmjs.org/eslint-import-resolver-node cache-miss
245 http fetch GET 200 https://registry.npmjs.org/eslint-visitor-keys 965ms (cache miss)
246 silly packumentCache full:https://registry.npmjs.org/eslint-visitor-keys set size:undefined disposed:false
247 silly fetch manifest @typescript-eslint/eslint-plugin@^5.4.2 || ^6.0.0 || ^7.0.0 || ^8.0.0
248 silly packumentCache full:https://registry.npmjs.org/@typescript-eslint%2feslint-plugin cache-miss
249 http fetch GET 200 https://registry.npmjs.org/escape-string-regexp 750ms (cache miss)
250 silly packumentCache full:https://registry.npmjs.org/escape-string-regexp set size:undefined disposed:false
251 silly fetch manifest eslint-import-resolver-typescript@^3.5.2
252 silly packumentCache full:https://registry.npmjs.org/eslint-import-resolver-typescript cache-miss
253 http fetch GET 200 https://registry.npmjs.org/@humanwhocodes%2fretry 757ms (cache miss)
254 silly packumentCache full:https://registry.npmjs.org/@humanwhocodes%2fretry set size:undefined disposed:false
255 silly fetch manifest busboy@1.6.0
256 silly packumentCache full:https://registry.npmjs.org/busboy cache-miss
257 http fetch GET 200 https://registry.npmjs.org/@eslint%2fconfig-helpers 691ms (cache miss)
258 silly packumentCache full:https://registry.npmjs.org/@eslint%2fconfig-helpers set size:undefined disposed:false
259 silly fetch manifest postcss@8.4.31
260 silly packumentCache full:https://registry.npmjs.org/postcss cache-miss
261 http fetch GET 200 https://registry.npmjs.org/ajv 2776ms (cache miss)
262 silly packumentCache full:https://registry.npmjs.org/ajv set size:undefined disposed:false
263 silly fetch manifest @next/env@15.1.1
264 silly packumentCache full:https://registry.npmjs.org/@next%2fenv cache-miss
265 http cache https://registry.npmjs.org/postcss 24ms (cache hit)
266 silly packumentCache full:https://registry.npmjs.org/postcss set size:736604 disposed:false
267 silly fetch manifest styled-jsx@5.1.6
268 silly packumentCache full:https://registry.npmjs.org/styled-jsx cache-miss
269 http fetch GET 200 https://registry.npmjs.org/@eslint%2fconfig-array 876ms (cache miss)
270 silly packumentCache full:https://registry.npmjs.org/@eslint%2fconfig-array set size:undefined disposed:false
271 silly fetch manifest @swc/counter@0.1.3
272 silly packumentCache full:https://registry.npmjs.org/@swc%2fcounter cache-miss
273 http fetch GET 200 https://registry.npmjs.org/@humanwhocodes%2fmodule-importer 593ms (cache miss)
274 silly packumentCache full:https://registry.npmjs.org/@humanwhocodes%2fmodule-importer set size:undefined disposed:false
275 silly fetch manifest @swc/helpers@0.5.15
276 silly packumentCache full:https://registry.npmjs.org/@swc%2fhelpers cache-miss
277 http fetch GET 200 https://registry.npmjs.org/@tailwindcss%2fnode 2906ms (cache miss)
278 silly packumentCache full:https://registry.npmjs.org/@tailwindcss%2fnode set size:undefined disposed:false
279 silly fetch manifest caniuse-lite@^1.0.30001579
280 silly packumentCache full:https://registry.npmjs.org/caniuse-lite cache-miss
281 http fetch GET 200 https://registry.npmjs.org/json-stable-stringify-without-jsonify 748ms (cache miss)
282 silly packumentCache full:https://registry.npmjs.org/json-stable-stringify-without-jsonify set size:undefined disposed:false
283 silly fetch manifest sharp@^0.33.5
284 silly packumentCache full:https://registry.npmjs.org/sharp cache-miss
285 http fetch GET 200 https://registry.npmjs.org/file-entry-cache 1254ms (cache miss)
286 silly packumentCache full:https://registry.npmjs.org/file-entry-cache set size:undefined disposed:false
287 silly fetch manifest @next/swc-darwin-x64@15.1.1
288 silly packumentCache full:https://registry.npmjs.org/@next%2fswc-darwin-x64 cache-miss
289 http fetch GET 200 https://registry.npmjs.org/@eslint-community%2fregexpp 929ms (cache miss)
290 silly packumentCache full:https://registry.npmjs.org/@eslint-community%2fregexpp set size:undefined disposed:false
291 silly fetch manifest @next/swc-darwin-arm64@15.1.1
292 silly packumentCache full:https://registry.npmjs.org/@next%2fswc-darwin-arm64 cache-miss
293 http fetch GET 200 https://registry.npmjs.org/@rushstack%2feslint-patch 735ms (cache miss)
294 silly packumentCache full:https://registry.npmjs.org/@rushstack%2feslint-patch set size:undefined disposed:false
295 silly fetch manifest @next/swc-linux-x64-gnu@15.1.1
296 silly packumentCache full:https://registry.npmjs.org/@next%2fswc-linux-x64-gnu cache-miss
297 http fetch GET 200 https://registry.npmjs.org/esutils 3259ms (cache miss)
298 silly packumentCache full:https://registry.npmjs.org/esutils set size:undefined disposed:false
299 silly fetch manifest @next/swc-linux-x64-musl@15.1.1
300 silly packumentCache full:https://registry.npmjs.org/@next%2fswc-linux-x64-musl cache-miss
301 http fetch GET 200 https://registry.npmjs.org/eslint-import-resolver-node 1007ms (cache miss)
302 silly packumentCache full:https://registry.npmjs.org/eslint-import-resolver-node set size:undefined disposed:false
303 silly fetch manifest @next/swc-win32-x64-msvc@15.1.1
304 silly packumentCache full:https://registry.npmjs.org/@next%2fswc-win32-x64-msvc cache-miss
305 http fetch GET 200 https://registry.npmjs.org/@eslint-community%2feslint-utils 1522ms (cache miss)
306 silly packumentCache full:https://registry.npmjs.org/@eslint-community%2feslint-utils set size:undefined disposed:false
307 silly fetch manifest @next/swc-linux-arm64-gnu@15.1.1
308 silly packumentCache full:https://registry.npmjs.org/@next%2fswc-linux-arm64-gnu cache-miss
309 http fetch GET 200 https://registry.npmjs.org/eslint-plugin-import 1267ms (cache miss)
310 silly packumentCache full:https://registry.npmjs.org/eslint-plugin-import set size:undefined disposed:false
311 silly fetch manifest @next/swc-linux-arm64-musl@15.1.1
312 silly packumentCache full:https://registry.npmjs.org/@next%2fswc-linux-arm64-musl cache-miss
313 http fetch GET 200 https://registry.npmjs.org/eslint-plugin-jsx-a11y 1476ms (cache miss)
314 silly packumentCache full:https://registry.npmjs.org/eslint-plugin-jsx-a11y set size:undefined disposed:false
315 silly fetch manifest @next/swc-win32-arm64-msvc@15.1.1
316 silly packumentCache full:https://registry.npmjs.org/@next%2fswc-win32-arm64-msvc cache-miss
317 http fetch GET 200 https://registry.npmjs.org/@swc%2fcounter 1248ms (cache miss)
318 silly packumentCache full:https://registry.npmjs.org/@swc%2fcounter set size:undefined disposed:false
319 silly fetch manifest scheduler@^0.25.0
320 silly packumentCache full:https://registry.npmjs.org/scheduler cache-miss
321 http fetch GET 200 https://registry.npmjs.org/busboy 1956ms (cache miss)
322 silly packumentCache full:https://registry.npmjs.org/busboy set size:undefined disposed:false
323 http fetch GET 200 https://registry.npmjs.org/eslint-import-resolver-typescript 1960ms (cache miss)
324 silly packumentCache full:https://registry.npmjs.org/eslint-import-resolver-typescript set size:undefined disposed:false
325 http fetch GET 200 https://registry.npmjs.org/csstype 5036ms (cache miss)
326 silly packumentCache full:https://registry.npmjs.org/csstype set size:undefined disposed:false
327 http fetch GET 200 https://registry.npmjs.org/styled-jsx 2237ms (cache miss)
328 silly packumentCache full:https://registry.npmjs.org/styled-jsx set size:undefined disposed:false
329 http fetch GET 200 https://registry.npmjs.org/eslint-plugin-react 2852ms (cache miss)
330 silly packumentCache full:https://registry.npmjs.org/eslint-plugin-react set size:undefined disposed:false
331 http fetch GET 200 https://registry.npmjs.org/sharp 2150ms (cache miss)
332 silly packumentCache full:https://registry.npmjs.org/sharp set size:undefined disposed:false
333 http fetch GET 200 https://registry.npmjs.org/@tailwindcss%2foxide 6286ms (cache miss)
334 silly packumentCache full:https://registry.npmjs.org/@tailwindcss%2foxide set size:undefined disposed:false
335 http fetch GET 200 https://registry.npmjs.org/@swc%2fhelpers 4561ms (cache miss)
336 silly packumentCache full:https://registry.npmjs.org/@swc%2fhelpers set size:undefined disposed:false
337 http fetch GET 200 https://registry.npmjs.org/@next%2fswc-linux-arm64-musl 6947ms (cache miss)
338 silly packumentCache full:https://registry.npmjs.org/@next%2fswc-linux-arm64-musl set size:undefined disposed:false
339 http fetch GET 200 https://registry.npmjs.org/@next%2fswc-linux-x64-musl 8123ms (cache miss)
340 silly packumentCache full:https://registry.npmjs.org/@next%2fswc-linux-x64-musl set size:undefined disposed:false
341 http fetch GET 200 https://registry.npmjs.org/@next%2fswc-linux-x64-gnu 8571ms (cache miss)
342 silly packumentCache full:https://registry.npmjs.org/@next%2fswc-linux-x64-gnu set size:undefined disposed:false
343 http fetch GET 200 https://registry.npmjs.org/@next%2fswc-linux-arm64-gnu 8078ms (cache miss)
344 silly packumentCache full:https://registry.npmjs.org/@next%2fswc-linux-arm64-gnu set size:undefined disposed:false
345 http fetch GET 200 https://registry.npmjs.org/@next%2fswc-darwin-arm64 9321ms (cache miss)
346 silly packumentCache full:https://registry.npmjs.org/@next%2fswc-darwin-arm64 set size:undefined disposed:false
347 http fetch GET 200 https://registry.npmjs.org/@next%2fswc-darwin-x64 9569ms (cache miss)
348 silly packumentCache full:https://registry.npmjs.org/@next%2fswc-darwin-x64 set size:undefined disposed:false
349 http fetch GET 200 https://registry.npmjs.org/@next%2fenv 10207ms (cache miss)
350 silly packumentCache full:https://registry.npmjs.org/@next%2fenv set size:undefined disposed:false
351 http fetch GET 200 https://registry.npmjs.org/@next%2fswc-win32-arm64-msvc 9643ms (cache miss)
352 silly packumentCache full:https://registry.npmjs.org/@next%2fswc-win32-arm64-msvc set size:undefined disposed:false
353 http fetch GET 200 https://registry.npmjs.org/@next%2fswc-win32-x64-msvc 11179ms (cache miss)
354 silly packumentCache full:https://registry.npmjs.org/@next%2fswc-win32-x64-msvc set size:undefined disposed:false
355 http fetch GET 200 https://registry.npmjs.org/caniuse-lite 14048ms (cache miss)
356 silly packumentCache full:https://registry.npmjs.org/caniuse-lite set size:undefined disposed:false
357 http fetch GET 200 https://registry.npmjs.org/@next%2feslint-plugin-next 14659ms (cache miss)
358 silly packumentCache full:https://registry.npmjs.org/@next%2feslint-plugin-next set size:undefined disposed:false
359 http fetch GET 200 https://registry.npmjs.org/eslint-plugin-react-hooks 14883ms (cache miss)
360 silly packumentCache full:https://registry.npmjs.org/eslint-plugin-react-hooks set size:undefined disposed:false
361 http fetch GET 200 https://registry.npmjs.org/scheduler 13563ms (cache miss)
362 silly packumentCache full:https://registry.npmjs.org/scheduler set size:undefined disposed:false
363 http fetch GET 200 https://registry.npmjs.org/@typescript-eslint%2feslint-plugin 26511ms (cache miss)
364 silly packumentCache full:https://registry.npmjs.org/@typescript-eslint%2feslint-plugin set size:undefined disposed:false
365 http fetch GET 200 https://registry.npmjs.org/@typescript-eslint%2fparser 32195ms (cache miss)
366 silly packumentCache full:https://registry.npmjs.org/@typescript-eslint%2fparser set size:undefined disposed:false
367 silly placeDep ROOT @alloc/quick-lru@5.2.0 OK for: @tailwindcss/postcss@4.3.2 want: ^5.2.0
368 silly placeDep ROOT @tailwindcss/node@4.3.2 OK for: @tailwindcss/postcss@4.3.2 want: 4.3.2
369 silly placeDep ROOT @tailwindcss/oxide@4.3.2 OK for: @tailwindcss/postcss@4.3.2 want: 4.3.2
370 silly placeDep ROOT postcss@8.5.19 OK for: @tailwindcss/postcss@4.3.2 want: ^8.5.15
371 silly fetch manifest jiti@^2.7.0
372 silly packumentCache full:https://registry.npmjs.org/jiti cache-miss
373 silly fetch manifest lightningcss@1.32.0
374 silly packumentCache full:https://registry.npmjs.org/lightningcss cache-miss
375 silly fetch manifest magic-string@^0.30.21
376 silly packumentCache full:https://registry.npmjs.org/magic-string cache-miss
377 silly fetch manifest source-map-js@^1.2.1
378 silly packumentCache full:https://registry.npmjs.org/source-map-js cache-miss
379 silly fetch manifest enhanced-resolve@5.21.6
380 silly packumentCache full:https://registry.npmjs.org/enhanced-resolve cache-miss
381 silly fetch manifest @jridgewell/remapping@^2.3.5
382 silly packumentCache full:https://registry.npmjs.org/@jridgewell%2fremapping cache-miss
383 silly fetch manifest @tailwindcss/oxide-darwin-x64@4.3.2
384 silly packumentCache full:https://registry.npmjs.org/@tailwindcss%2foxide-darwin-x64 cache-miss
385 silly fetch manifest @tailwindcss/oxide-freebsd-x64@4.3.2
386 silly packumentCache full:https://registry.npmjs.org/@tailwindcss%2foxide-freebsd-x64 cache-miss
387 silly fetch manifest @tailwindcss/oxide-wasm32-wasi@4.3.2
388 silly packumentCache full:https://registry.npmjs.org/@tailwindcss%2foxide-wasm32-wasi cache-miss
389 silly fetch manifest @tailwindcss/oxide-darwin-arm64@4.3.2
390 silly packumentCache full:https://registry.npmjs.org/@tailwindcss%2foxide-darwin-arm64 cache-miss
391 silly fetch manifest @tailwindcss/oxide-android-arm64@4.3.2
392 silly packumentCache full:https://registry.npmjs.org/@tailwindcss%2foxide-android-arm64 cache-miss
393 silly fetch manifest @tailwindcss/oxide-linux-x64-gnu@4.3.2
394 silly packumentCache full:https://registry.npmjs.org/@tailwindcss%2foxide-linux-x64-gnu cache-miss
395 silly fetch manifest @tailwindcss/oxide-linux-x64-musl@4.3.2
396 silly packumentCache full:https://registry.npmjs.org/@tailwindcss%2foxide-linux-x64-musl cache-miss
397 silly fetch manifest @tailwindcss/oxide-win32-x64-msvc@4.3.2
398 silly packumentCache full:https://registry.npmjs.org/@tailwindcss%2foxide-win32-x64-msvc cache-miss
399 silly fetch manifest @tailwindcss/oxide-linux-arm64-gnu@4.3.2
400 silly packumentCache full:https://registry.npmjs.org/@tailwindcss%2foxide-linux-arm64-gnu cache-miss
401 silly fetch manifest @tailwindcss/oxide-linux-arm64-musl@4.3.2
402 silly packumentCache full:https://registry.npmjs.org/@tailwindcss%2foxide-linux-arm64-musl cache-miss
403 silly fetch manifest @tailwindcss/oxide-win32-arm64-msvc@4.3.2
404 silly packumentCache full:https://registry.npmjs.org/@tailwindcss%2foxide-win32-arm64-msvc cache-miss
405 silly fetch manifest @tailwindcss/oxide-linux-arm-gnueabihf@4.3.2
406 silly packumentCache full:https://registry.npmjs.org/@tailwindcss%2foxide-linux-arm-gnueabihf cache-miss
407 silly fetch manifest nanoid@^3.3.12
408 silly packumentCache full:https://registry.npmjs.org/nanoid cache-miss
409 silly fetch manifest picocolors@^1.1.1
410 silly packumentCache full:https://registry.npmjs.org/picocolors cache-miss
411 silly fetch manifest source-map-js@^1.2.1
412 silly packumentCache full:https://registry.npmjs.org/source-map-js cache-miss
413 http cache https://registry.npmjs.org/jiti 59ms (cache hit)
414 silly packumentCache full:https://registry.npmjs.org/jiti set size:387989 disposed:false
415 http fetch GET 200 https://registry.npmjs.org/source-map-js 258ms (cache miss)
416 silly packumentCache full:https://registry.npmjs.org/source-map-js set size:undefined disposed:false
417 http fetch GET 200 https://registry.npmjs.org/lightningcss 469ms (cache miss)
418 silly packumentCache full:https://registry.npmjs.org/lightningcss set size:undefined disposed:false
419 http fetch GET 200 https://registry.npmjs.org/@jridgewell%2fremapping 535ms (cache miss)
420 silly packumentCache full:https://registry.npmjs.org/@jridgewell%2fremapping set size:undefined disposed:false
421 http fetch GET 200 https://registry.npmjs.org/magic-string 1050ms (cache miss)
422 silly packumentCache full:https://registry.npmjs.org/magic-string set size:undefined disposed:false
423 http fetch GET 200 https://registry.npmjs.org/@tailwindcss%2foxide-wasm32-wasi 1255ms (cache miss)
424 silly packumentCache full:https://registry.npmjs.org/@tailwindcss%2foxide-wasm32-wasi set size:undefined disposed:false
425 http fetch GET 200 https://registry.npmjs.org/picocolors 1353ms (cache miss)
426 silly packumentCache full:https://registry.npmjs.org/picocolors set size:undefined disposed:false
427 http fetch GET 200 https://registry.npmjs.org/nanoid 1441ms (cache miss)
428 silly packumentCache full:https://registry.npmjs.org/nanoid set size:undefined disposed:false
429 http fetch GET 200 https://registry.npmjs.org/@tailwindcss%2foxide-win32-arm64-msvc 1571ms (cache miss)
430 silly packumentCache full:https://registry.npmjs.org/@tailwindcss%2foxide-win32-arm64-msvc set size:undefined disposed:false
431 http fetch GET 200 https://registry.npmjs.org/source-map-js 1869ms (cache miss)
432 silly packumentCache full:https://registry.npmjs.org/source-map-js set size:undefined disposed:false
433 http fetch GET 200 https://registry.npmjs.org/enhanced-resolve 2276ms (cache miss)
434 silly packumentCache full:https://registry.npmjs.org/enhanced-resolve set size:undefined disposed:false
435 http fetch GET 200 https://registry.npmjs.org/@tailwindcss%2foxide-darwin-arm64 2512ms (cache miss)
436 silly packumentCache full:https://registry.npmjs.org/@tailwindcss%2foxide-darwin-arm64 set size:undefined disposed:false
437 http fetch GET 200 https://registry.npmjs.org/@tailwindcss%2foxide-linux-arm-gnueabihf 2527ms (cache miss)
438 silly packumentCache full:https://registry.npmjs.org/@tailwindcss%2foxide-linux-arm-gnueabihf set size:undefined disposed:false
439 http fetch GET 200 https://registry.npmjs.org/@tailwindcss%2foxide-linux-arm64-musl 2649ms (cache miss)
440 silly packumentCache full:https://registry.npmjs.org/@tailwindcss%2foxide-linux-arm64-musl set size:undefined disposed:false
441 http fetch GET 200 https://registry.npmjs.org/@tailwindcss%2foxide-freebsd-x64 3368ms (cache miss)
442 silly packumentCache full:https://registry.npmjs.org/@tailwindcss%2foxide-freebsd-x64 set size:undefined disposed:false
443 http fetch GET 200 https://registry.npmjs.org/@tailwindcss%2foxide-darwin-x64 3518ms (cache miss)
444 silly packumentCache full:https://registry.npmjs.org/@tailwindcss%2foxide-darwin-x64 set size:undefined disposed:false
445 http fetch GET 200 https://registry.npmjs.org/@tailwindcss%2foxide-win32-x64-msvc 3823ms (cache miss)
446 silly packumentCache full:https://registry.npmjs.org/@tailwindcss%2foxide-win32-x64-msvc set size:undefined disposed:false
447 http fetch GET 200 https://registry.npmjs.org/@tailwindcss%2foxide-linux-x64-musl 4231ms (cache miss)
448 silly packumentCache full:https://registry.npmjs.org/@tailwindcss%2foxide-linux-x64-musl set size:undefined disposed:false
449 http fetch GET 200 https://registry.npmjs.org/@tailwindcss%2foxide-linux-x64-gnu 4671ms (cache miss)
450 silly packumentCache full:https://registry.npmjs.org/@tailwindcss%2foxide-linux-x64-gnu set size:undefined disposed:false
451 http fetch GET 200 https://registry.npmjs.org/@tailwindcss%2foxide-linux-arm64-gnu 4755ms (cache miss)
452 silly packumentCache full:https://registry.npmjs.org/@tailwindcss%2foxide-linux-arm64-gnu set size:undefined disposed:false
453 http fetch GET 200 https://registry.npmjs.org/@tailwindcss%2foxide-android-arm64 5068ms (cache miss)
454 silly packumentCache full:https://registry.npmjs.org/@tailwindcss%2foxide-android-arm64 set size:undefined disposed:false
455 silly placeDep ROOT @jridgewell/remapping@2.3.5 OK for: @tailwindcss/node@4.3.2 want: ^2.3.5
456 silly placeDep ROOT enhanced-resolve@5.21.6 OK for: @tailwindcss/node@4.3.2 want: 5.21.6
457 silly placeDep ROOT jiti@2.7.0 OK for: @tailwindcss/node@4.3.2 want: ^2.7.0
458 silly placeDep ROOT lightningcss@1.32.0 OK for: @tailwindcss/node@4.3.2 want: 1.32.0
459 silly placeDep ROOT magic-string@0.30.21 OK for: @tailwindcss/node@4.3.2 want: ^0.30.21
460 silly placeDep ROOT source-map-js@1.2.1 OK for: @tailwindcss/node@4.3.2 want: ^1.2.1
461 silly fetch manifest @jridgewell/gen-mapping@^0.3.5
462 silly packumentCache full:https://registry.npmjs.org/@jridgewell%2fgen-mapping cache-miss
463 silly fetch manifest @jridgewell/trace-mapping@^0.3.24
464 silly packumentCache full:https://registry.npmjs.org/@jridgewell%2ftrace-mapping cache-miss
465 silly fetch manifest tapable@^2.3.3
466 silly packumentCache full:https://registry.npmjs.org/tapable cache-miss
467 silly fetch manifest graceful-fs@^4.2.4
468 silly packumentCache full:https://registry.npmjs.org/graceful-fs cache-miss
469 silly fetch manifest detect-libc@^2.0.3
470 silly packumentCache full:https://registry.npmjs.org/detect-libc cache-miss
471 silly fetch manifest lightningcss-darwin-x64@1.32.0
472 silly packumentCache full:https://registry.npmjs.org/lightningcss-darwin-x64 cache-miss
473 silly fetch manifest lightningcss-linux-x64-gnu@1.32.0
474 silly packumentCache full:https://registry.npmjs.org/lightningcss-linux-x64-gnu cache-miss
475 silly fetch manifest lightningcss-win32-x64-msvc@1.32.0
476 silly packumentCache full:https://registry.npmjs.org/lightningcss-win32-x64-msvc cache-miss
477 silly fetch manifest lightningcss-win32-arm64-msvc@1.32.0
478 silly packumentCache full:https://registry.npmjs.org/lightningcss-win32-arm64-msvc cache-miss
479 silly fetch manifest lightningcss-darwin-arm64@1.32.0
480 silly packumentCache full:https://registry.npmjs.org/lightningcss-darwin-arm64 cache-miss
481 silly fetch manifest lightningcss-linux-arm64-gnu@1.32.0
482 silly packumentCache full:https://registry.npmjs.org/lightningcss-linux-arm64-gnu cache-miss
483 silly fetch manifest lightningcss-linux-arm-gnueabihf@1.32.0
484 silly packumentCache full:https://registry.npmjs.org/lightningcss-linux-arm-gnueabihf cache-miss
485 silly fetch manifest lightningcss-linux-arm64-musl@1.32.0
486 silly packumentCache full:https://registry.npmjs.org/lightningcss-linux-arm64-musl cache-miss
487 silly fetch manifest lightningcss-linux-x64-musl@1.32.0
488 silly packumentCache full:https://registry.npmjs.org/lightningcss-linux-x64-musl cache-miss
489 silly fetch manifest lightningcss-freebsd-x64@1.32.0
490 silly packumentCache full:https://registry.npmjs.org/lightningcss-freebsd-x64 cache-miss
491 silly fetch manifest lightningcss-android-arm64@1.32.0
492 silly packumentCache full:https://registry.npmjs.org/lightningcss-android-arm64 cache-miss
493 silly fetch manifest @jridgewell/sourcemap-codec@^1.5.5
494 silly packumentCache full:https://registry.npmjs.org/@jridgewell%2fsourcemap-codec cache-miss
495 http fetch GET 200 https://registry.npmjs.org/lightningcss-win32-x64-msvc 360ms (cache miss)
496 silly packumentCache full:https://registry.npmjs.org/lightningcss-win32-x64-msvc set size:undefined disposed:false
497 http fetch GET 200 https://registry.npmjs.org/lightningcss-freebsd-x64 360ms (cache miss)
498 silly packumentCache full:https://registry.npmjs.org/lightningcss-freebsd-x64 set size:undefined disposed:false
499 http fetch GET 200 https://registry.npmjs.org/lightningcss-win32-arm64-msvc 362ms (cache miss)
500 silly packumentCache full:https://registry.npmjs.org/lightningcss-win32-arm64-msvc set size:undefined disposed:false
501 http fetch GET 200 https://registry.npmjs.org/lightningcss-darwin-x64 705ms (cache miss)
502 silly packumentCache full:https://registry.npmjs.org/lightningcss-darwin-x64 set size:undefined disposed:false
503 http fetch GET 200 https://registry.npmjs.org/detect-libc 706ms (cache miss)
504 silly packumentCache full:https://registry.npmjs.org/detect-libc set size:undefined disposed:false
505 http fetch GET 200 https://registry.npmjs.org/lightningcss-linux-arm64-gnu 706ms (cache miss)
506 silly packumentCache full:https://registry.npmjs.org/lightningcss-linux-arm64-gnu set size:undefined disposed:false
507 http fetch GET 200 https://registry.npmjs.org/lightningcss-linux-arm-gnueabihf 708ms (cache miss)
508 silly packumentCache full:https://registry.npmjs.org/lightningcss-linux-arm-gnueabihf set size:undefined disposed:false
509 http fetch GET 200 https://registry.npmjs.org/tapable 711ms (cache miss)
510 silly packumentCache full:https://registry.npmjs.org/tapable set size:undefined disposed:false
511 http fetch GET 200 https://registry.npmjs.org/graceful-fs 714ms (cache miss)
512 silly packumentCache full:https://registry.npmjs.org/graceful-fs set size:undefined disposed:false
513 http fetch GET 200 https://registry.npmjs.org/@jridgewell%2ftrace-mapping 716ms (cache miss)
514 silly packumentCache full:https://registry.npmjs.org/@jridgewell%2ftrace-mapping set size:undefined disposed:false
515 http fetch GET 200 https://registry.npmjs.org/lightningcss-linux-x64-musl 774ms (cache miss)
516 silly packumentCache full:https://registry.npmjs.org/lightningcss-linux-x64-musl set size:undefined disposed:false
517 http fetch GET 200 https://registry.npmjs.org/@jridgewell%2fgen-mapping 796ms (cache miss)
518 silly packumentCache full:https://registry.npmjs.org/@jridgewell%2fgen-mapping set size:undefined disposed:false
519 http fetch GET 200 https://registry.npmjs.org/lightningcss-darwin-arm64 902ms (cache miss)
520 silly packumentCache full:https://registry.npmjs.org/lightningcss-darwin-arm64 set size:undefined disposed:false
521 http fetch GET 200 https://registry.npmjs.org/lightningcss-linux-arm64-musl 903ms (cache miss)
522 silly packumentCache full:https://registry.npmjs.org/lightningcss-linux-arm64-musl set size:undefined disposed:false
523 http fetch GET 200 https://registry.npmjs.org/@jridgewell%2fsourcemap-codec 1206ms (cache miss)
524 silly packumentCache full:https://registry.npmjs.org/@jridgewell%2fsourcemap-codec set size:undefined disposed:false
525 http fetch GET 200 https://registry.npmjs.org/lightningcss-linux-x64-gnu 1842ms (cache miss)
526 silly packumentCache full:https://registry.npmjs.org/lightningcss-linux-x64-gnu set size:undefined disposed:false
527 http fetch GET 200 https://registry.npmjs.org/lightningcss-android-arm64 2138ms (cache miss)
528 silly packumentCache full:https://registry.npmjs.org/lightningcss-android-arm64 set size:undefined disposed:false
529 silly placeDep ROOT @jridgewell/gen-mapping@0.3.13 OK for: @jridgewell/remapping@2.3.5 want: ^0.3.5
530 silly placeDep ROOT @jridgewell/trace-mapping@0.3.31 OK for: @jridgewell/remapping@2.3.5 want: ^0.3.24
531 silly fetch manifest @jridgewell/sourcemap-codec@^1.5.0
532 silly packumentCache full:https://registry.npmjs.org/@jridgewell%2fsourcemap-codec cache-miss
533 silly fetch manifest @jridgewell/resolve-uri@^3.1.0
534 silly packumentCache full:https://registry.npmjs.org/@jridgewell%2fresolve-uri cache-miss
535 silly fetch manifest @jridgewell/sourcemap-codec@^1.4.14
536 silly packumentCache full:https://registry.npmjs.org/@jridgewell%2fsourcemap-codec cache-miss
537 http cache https://registry.npmjs.org/@jridgewell%2fsourcemap-codec 8ms (cache hit)
538 silly packumentCache full:https://registry.npmjs.org/@jridgewell%2fsourcemap-codec set size:51856 disposed:false
539 http cache https://registry.npmjs.org/@jridgewell%2fsourcemap-codec 10ms (cache hit)
540 silly packumentCache full:https://registry.npmjs.org/@jridgewell%2fsourcemap-codec set size:51856 disposed:false
541 silly packumentCache full:https://registry.npmjs.org/@jridgewell%2fsourcemap-codec dispose
542 http fetch GET 200 https://registry.npmjs.org/@jridgewell%2fresolve-uri 885ms (cache miss)
543 silly packumentCache full:https://registry.npmjs.org/@jridgewell%2fresolve-uri set size:undefined disposed:false
544 silly placeDep ROOT @jridgewell/sourcemap-codec@1.5.5 OK for: @jridgewell/gen-mapping@0.3.13 want: ^1.5.0
545 silly placeDep ROOT @jridgewell/resolve-uri@3.1.2 OK for: @jridgewell/trace-mapping@0.3.31 want: ^3.1.0
546 silly placeDep ROOT @tailwindcss/oxide-android-arm64@4.3.2 OK for: @tailwindcss/oxide@4.3.2 want: 4.3.2
547 silly placeDep ROOT @tailwindcss/oxide-darwin-arm64@4.3.2 OK for: @tailwindcss/oxide@4.3.2 want: 4.3.2
548 silly placeDep ROOT @tailwindcss/oxide-darwin-x64@4.3.2 OK for: @tailwindcss/oxide@4.3.2 want: 4.3.2
549 silly placeDep ROOT @tailwindcss/oxide-freebsd-x64@4.3.2 OK for: @tailwindcss/oxide@4.3.2 want: 4.3.2
550 silly placeDep ROOT @tailwindcss/oxide-linux-arm-gnueabihf@4.3.2 OK for: @tailwindcss/oxide@4.3.2 want: 4.3.2
551 silly placeDep ROOT @tailwindcss/oxide-linux-arm64-gnu@4.3.2 OK for: @tailwindcss/oxide@4.3.2 want: 4.3.2
552 silly placeDep ROOT @tailwindcss/oxide-linux-arm64-musl@4.3.2 OK for: @tailwindcss/oxide@4.3.2 want: 4.3.2
553 silly placeDep ROOT @tailwindcss/oxide-linux-x64-gnu@4.3.2 OK for: @tailwindcss/oxide@4.3.2 want: 4.3.2
554 silly placeDep ROOT @tailwindcss/oxide-linux-x64-musl@4.3.2 OK for: @tailwindcss/oxide@4.3.2 want: 4.3.2
555 silly placeDep ROOT @tailwindcss/oxide-wasm32-wasi@4.3.2 OK for: @tailwindcss/oxide@4.3.2 want: 4.3.2
556 silly placeDep ROOT @tailwindcss/oxide-win32-arm64-msvc@4.3.2 OK for: @tailwindcss/oxide@4.3.2 want: 4.3.2
557 silly placeDep ROOT @tailwindcss/oxide-win32-x64-msvc@4.3.2 OK for: @tailwindcss/oxide@4.3.2 want: 4.3.2
558 silly placeDep ROOT undici-types@6.20.0 OK for: @types/node@22.10.2 want: ~6.20.0
559 silly placeDep ROOT csstype@3.2.3 OK for: @types/react@19.0.2 want: ^3.0.2
560 silly placeDep ROOT graceful-fs@4.2.11 OK for: enhanced-resolve@5.21.6 want: ^4.2.4
561 silly placeDep ROOT tapable@2.3.3 OK for: enhanced-resolve@5.21.6 want: ^2.3.3
562 silly fetch manifest eslint@^6.0.0 || ^7.0.0 || >=8.0.0
563 silly packumentCache full:https://registry.npmjs.org/eslint cache-miss
564 http cache https://registry.npmjs.org/eslint 10ms (cache hit)
565 silly packumentCache full:https://registry.npmjs.org/eslint set size:2033084 disposed:false
566 silly placeDep ROOT @eslint-community/eslint-utils@4.9.1 OK for: eslint@9.39.5 want: ^4.8.0
567 silly placeDep ROOT @eslint-community/regexpp@4.12.2 OK for: eslint@9.39.5 want: ^4.12.1
568 silly placeDep ROOT @eslint/config-array@0.21.2 OK for: eslint@9.39.5 want: ^0.21.2
569 silly placeDep ROOT @eslint/config-helpers@0.4.2 OK for: eslint@9.39.5 want: ^0.4.2
570 silly placeDep ROOT @eslint/core@0.17.0 OK for: eslint@9.39.5 want: ^0.17.0
571 silly placeDep ROOT @eslint/eslintrc@3.3.6 OK for: eslint@9.39.5 want: ^3.3.6
572 silly placeDep ROOT @eslint/js@9.39.5 OK for: eslint@9.39.5 want: 9.39.5
573 silly placeDep ROOT @eslint/plugin-kit@0.4.1 OK for: eslint@9.39.5 want: ^0.4.1
574 silly placeDep ROOT @humanfs/node@0.16.8 OK for: eslint@9.39.5 want: ^0.16.6
575 silly placeDep ROOT @humanwhocodes/module-importer@1.0.1 OK for: eslint@9.39.5 want: ^1.0.1
576 silly placeDep ROOT @humanwhocodes/retry@0.4.3 OK for: eslint@9.39.5 want: ^0.4.2
577 silly placeDep ROOT @types/estree@1.0.9 OK for: eslint@9.39.5 want: ^1.0.6
578 silly placeDep ROOT ajv@6.15.0 OK for: eslint@9.39.5 want: ^6.14.0
579 silly placeDep ROOT chalk@4.1.2 OK for: eslint@9.39.5 want: ^4.0.0
580 silly placeDep ROOT cross-spawn@7.0.6 OK for: eslint@9.39.5 want: ^7.0.6
581 silly placeDep ROOT debug@4.4.3 OK for: eslint@9.39.5 want: ^4.3.2
582 silly placeDep ROOT escape-string-regexp@4.0.0 OK for: eslint@9.39.5 want: ^4.0.0
583 silly placeDep ROOT eslint-scope@8.4.0 OK for: eslint@9.39.5 want: ^8.4.0
584 silly placeDep ROOT eslint-visitor-keys@4.2.1 OK for: eslint@9.39.5 want: ^4.2.1
585 silly placeDep ROOT espree@10.4.0 OK for: eslint@9.39.5 want: ^10.4.0
586 silly placeDep ROOT esquery@1.7.0 OK for: eslint@9.39.5 want: ^1.5.0
587 silly placeDep ROOT esutils@2.0.3 OK for: eslint@9.39.5 want: ^2.0.2
588 silly placeDep ROOT fast-deep-equal@3.1.3 OK for: eslint@9.39.5 want: ^3.1.3
589 silly placeDep ROOT file-entry-cache@8.0.0 OK for: eslint@9.39.5 want: ^8.0.0
590 silly placeDep ROOT find-up@5.0.0 OK for: eslint@9.39.5 want: ^5.0.0
591 silly placeDep ROOT glob-parent@6.0.2 OK for: eslint@9.39.5 want: ^6.0.2
592 silly placeDep ROOT ignore@5.3.2 OK for: eslint@9.39.5 want: ^5.2.0
593 silly placeDep ROOT imurmurhash@0.1.4 OK for: eslint@9.39.5 want: ^0.1.4
594 silly placeDep ROOT is-glob@4.0.3 OK for: eslint@9.39.5 want: ^4.0.0
595 silly placeDep ROOT json-stable-stringify-without-jsonify@1.0.1 OK for: eslint@9.39.5 want: ^1.0.1
596 silly placeDep ROOT lodash.merge@4.6.2 OK for: eslint@9.39.5 want: ^4.6.2
597 silly placeDep ROOT minimatch@3.1.5 OK for: eslint@9.39.5 want: ^3.1.5
598 silly placeDep ROOT natural-compare@1.4.0 OK for: eslint@9.39.5 want: ^1.4.0
599 silly placeDep ROOT optionator@0.9.4 OK for: eslint@9.39.5 want: ^0.9.3
600 silly fetch manifest eslint-visitor-keys@^3.4.3
601 silly packumentCache full:https://registry.npmjs.org/eslint-visitor-keys cache-miss
602 silly fetch manifest debug@^4.3.1
603 silly packumentCache full:https://registry.npmjs.org/debug cache-miss
604 silly fetch manifest @eslint/object-schema@^2.1.7
605 silly packumentCache full:https://registry.npmjs.org/@eslint%2fobject-schema cache-miss
606 silly fetch manifest @types/json-schema@^7.0.15
607 silly packumentCache full:https://registry.npmjs.org/@types%2fjson-schema cache-miss
608 silly fetch manifest espree@^10.0.1
609 silly packumentCache full:https://registry.npmjs.org/espree cache-miss
610 silly fetch manifest globals@^14.0.0
611 silly packumentCache full:https://registry.npmjs.org/globals cache-miss
612 silly fetch manifest import-fresh@^3.2.1
613 silly packumentCache full:https://registry.npmjs.org/import-fresh cache-miss
614 silly fetch manifest js-yaml@^4.3.0
615 silly packumentCache full:https://registry.npmjs.org/js-yaml cache-miss
616 silly fetch manifest strip-json-comments@^3.1.1
617 silly packumentCache full:https://registry.npmjs.org/strip-json-comments cache-miss
618 silly fetch manifest levn@^0.4.1
619 silly packumentCache full:https://registry.npmjs.org/levn cache-miss
620 silly fetch manifest @humanwhocodes/retry@^0.4.0
621 silly packumentCache full:https://registry.npmjs.org/@humanwhocodes%2fretry cache-miss
622 silly fetch manifest @humanfs/core@^0.19.2
623 silly packumentCache full:https://registry.npmjs.org/@humanfs%2fcore cache-miss
624 silly fetch manifest @humanfs/types@^0.15.0
625 silly packumentCache full:https://registry.npmjs.org/@humanfs%2ftypes cache-miss
626 silly fetch manifest uri-js@^4.2.2
627 silly packumentCache full:https://registry.npmjs.org/uri-js cache-miss
628 silly fetch manifest fast-deep-equal@^3.1.1
629 silly packumentCache full:https://registry.npmjs.org/fast-deep-equal cache-miss
630 silly fetch manifest json-schema-traverse@^0.4.1
631 silly packumentCache full:https://registry.npmjs.org/json-schema-traverse cache-miss
632 silly fetch manifest fast-json-stable-stringify@^2.0.0
633 silly packumentCache full:https://registry.npmjs.org/fast-json-stable-stringify cache-miss
634 silly fetch manifest ansi-styles@^4.1.0
635 silly packumentCache full:https://registry.npmjs.org/ansi-styles cache-miss
636 silly fetch manifest supports-color@^7.1.0
637 silly packumentCache full:https://registry.npmjs.org/supports-color cache-miss
638 silly fetch manifest which@^2.0.1
639 silly packumentCache full:https://registry.npmjs.org/which cache-miss
640 silly fetch manifest path-key@^3.1.0
641 silly packumentCache full:https://registry.npmjs.org/path-key cache-miss
642 silly fetch manifest shebang-command@^2.0.0
643 silly packumentCache full:https://registry.npmjs.org/shebang-command cache-miss
644 silly fetch manifest ms@^2.1.3
645 silly packumentCache full:https://registry.npmjs.org/ms cache-miss
646 http cache https://registry.npmjs.org/espree 28ms (cache hit)
647 silly packumentCache full:https://registry.npmjs.org/espree set size:326080 disposed:false
648 silly fetch manifest esrecurse@^4.3.0
649 silly packumentCache full:https://registry.npmjs.org/esrecurse cache-miss
650 http cache https://registry.npmjs.org/fast-deep-equal 32ms (cache hit)
651 silly packumentCache full:https://registry.npmjs.org/fast-deep-equal set size:48634 disposed:false
652 silly fetch manifest estraverse@^5.2.0
653 silly packumentCache full:https://registry.npmjs.org/estraverse cache-miss
654 http cache https://registry.npmjs.org/debug 40ms (cache hit)
655 silly packumentCache full:https://registry.npmjs.org/debug set size:195840 disposed:false
656 silly fetch manifest acorn@^8.15.0
657 silly packumentCache full:https://registry.npmjs.org/acorn cache-miss
658 http cache https://registry.npmjs.org/eslint-visitor-keys 45ms (cache hit)
659 silly packumentCache full:https://registry.npmjs.org/eslint-visitor-keys set size:69949 disposed:false
660 silly fetch manifest acorn-jsx@^5.3.2
661 silly packumentCache full:https://registry.npmjs.org/acorn-jsx cache-miss
662 http cache https://registry.npmjs.org/@humanwhocodes%2fretry 44ms (cache hit)
663 silly packumentCache full:https://registry.npmjs.org/@humanwhocodes%2fretry set size:42348 disposed:false
664 silly fetch manifest estraverse@^5.1.0
665 silly packumentCache full:https://registry.npmjs.org/estraverse cache-miss
666 http fetch GET 200 https://registry.npmjs.org/@humanfs%2ftypes 286ms (cache miss)
667 silly packumentCache full:https://registry.npmjs.org/@humanfs%2ftypes set size:undefined disposed:false
668 silly fetch manifest flat-cache@^4.0.0
669 silly packumentCache full:https://registry.npmjs.org/flat-cache cache-miss
670 http fetch GET 200 https://registry.npmjs.org/fast-json-stable-stringify 287ms (cache miss)
671 silly packumentCache full:https://registry.npmjs.org/fast-json-stable-stringify set size:undefined disposed:false
672 silly fetch manifest locate-path@^6.0.0
673 silly packumentCache full:https://registry.npmjs.org/locate-path cache-miss
674 http fetch GET 200 https://registry.npmjs.org/@humanfs%2fcore 347ms (cache miss)
675 silly packumentCache full:https://registry.npmjs.org/@humanfs%2fcore set size:undefined disposed:false
676 silly fetch manifest path-exists@^4.0.0
677 silly packumentCache full:https://registry.npmjs.org/path-exists cache-miss
678 http fetch GET 200 https://registry.npmjs.org/@eslint%2fobject-schema 352ms (cache miss)
679 silly packumentCache full:https://registry.npmjs.org/@eslint%2fobject-schema set size:undefined disposed:false
680 silly fetch manifest is-glob@^4.0.3
681 silly packumentCache full:https://registry.npmjs.org/is-glob cache-miss
682 http fetch GET 200 https://registry.npmjs.org/import-fresh 353ms (cache miss)
683 silly packumentCache full:https://registry.npmjs.org/import-fresh set size:undefined disposed:false
684 silly fetch manifest is-extglob@^2.1.1
685 silly packumentCache full:https://registry.npmjs.org/is-extglob cache-miss
686 http fetch GET 200 https://registry.npmjs.org/json-schema-traverse 353ms (cache miss)
687 silly packumentCache full:https://registry.npmjs.org/json-schema-traverse set size:undefined disposed:false
688 silly fetch manifest brace-expansion@^1.1.7
689 silly packumentCache full:https://registry.npmjs.org/brace-expansion cache-miss
690 http fetch GET 200 https://registry.npmjs.org/ansi-styles 353ms (cache miss)
691 silly packumentCache full:https://registry.npmjs.org/ansi-styles set size:undefined disposed:false
692 silly fetch manifest prelude-ls@^1.2.1
693 silly packumentCache full:https://registry.npmjs.org/prelude-ls cache-miss
694 http cache https://registry.npmjs.org/is-glob 10ms (cache hit)
695 silly packumentCache full:https://registry.npmjs.org/is-glob set size:40530 disposed:false
696 silly fetch manifest deep-is@^0.1.3
697 silly packumentCache full:https://registry.npmjs.org/deep-is cache-miss
698 http fetch GET 200 https://registry.npmjs.org/uri-js 1964ms (cache miss)
699 silly packumentCache full:https://registry.npmjs.org/uri-js set size:undefined disposed:false
700 silly fetch manifest word-wrap@^1.2.5
701 silly packumentCache full:https://registry.npmjs.org/word-wrap cache-miss
702 http fetch GET 200 https://registry.npmjs.org/shebang-command 1970ms (cache miss)
703 silly packumentCache full:https://registry.npmjs.org/shebang-command set size:undefined disposed:false
704 silly fetch manifest type-check@^0.4.0
705 silly packumentCache full:https://registry.npmjs.org/type-check cache-miss
706 http fetch GET 200 https://registry.npmjs.org/strip-json-comments 1977ms (cache miss)
707 silly packumentCache full:https://registry.npmjs.org/strip-json-comments set size:undefined disposed:false
708 silly fetch manifest levn@^0.4.1
709 silly packumentCache full:https://registry.npmjs.org/levn cache-miss
710 http fetch GET 200 https://registry.npmjs.org/esrecurse 1989ms (cache miss)
711 silly packumentCache full:https://registry.npmjs.org/esrecurse set size:undefined disposed:false
712 silly fetch manifest fast-levenshtein@^2.0.6
713 silly packumentCache full:https://registry.npmjs.org/fast-levenshtein cache-miss
714 http fetch GET 200 https://registry.npmjs.org/@types%2fjson-schema 2216ms (cache miss)
715 silly packumentCache full:https://registry.npmjs.org/@types%2fjson-schema set size:undefined disposed:false
716 http fetch GET 200 https://registry.npmjs.org/path-key 2210ms (cache miss)
717 silly packumentCache full:https://registry.npmjs.org/path-key set size:undefined disposed:false
718 http fetch GET 200 https://registry.npmjs.org/js-yaml 2216ms (cache miss)
719 silly packumentCache full:https://registry.npmjs.org/js-yaml set size:undefined disposed:false
720 http fetch GET 200 https://registry.npmjs.org/globals 2219ms (cache miss)
721 silly packumentCache full:https://registry.npmjs.org/globals set size:undefined disposed:false
722 http fetch GET 200 https://registry.npmjs.org/supports-color 2317ms (cache miss)
723 silly packumentCache full:https://registry.npmjs.org/supports-color set size:undefined disposed:false
724 http fetch GET 200 https://registry.npmjs.org/estraverse 2289ms (cache miss)
725 silly packumentCache full:https://registry.npmjs.org/estraverse set size:undefined disposed:false
726 http fetch GET 200 https://registry.npmjs.org/levn 2326ms (cache miss)
727 silly packumentCache full:https://registry.npmjs.org/levn set size:undefined disposed:false
728 http fetch GET 200 https://registry.npmjs.org/which 2403ms (cache miss)
729 silly packumentCache full:https://registry.npmjs.org/which set size:undefined disposed:false
730 http fetch GET 200 https://registry.npmjs.org/deep-is 2095ms (cache miss)
731 silly packumentCache full:https://registry.npmjs.org/deep-is set size:undefined disposed:false
732 http fetch GET 200 https://registry.npmjs.org/flat-cache 2290ms (cache miss)
733 silly packumentCache full:https://registry.npmjs.org/flat-cache set size:undefined disposed:false
734 http fetch GET 200 https://registry.npmjs.org/locate-path 2299ms (cache miss)
735 silly packumentCache full:https://registry.npmjs.org/locate-path set size:undefined disposed:false
736 http fetch GET 200 https://registry.npmjs.org/levn 620ms (cache miss)
737 silly packumentCache full:https://registry.npmjs.org/levn set size:undefined disposed:false
738 http fetch GET 200 https://registry.npmjs.org/word-wrap 710ms (cache miss)
739 silly packumentCache full:https://registry.npmjs.org/word-wrap set size:undefined disposed:false
740 http fetch GET 200 https://registry.npmjs.org/path-exists 2333ms (cache miss)
741 silly packumentCache full:https://registry.npmjs.org/path-exists set size:undefined disposed:false
742 http fetch GET 200 https://registry.npmjs.org/ms 2677ms (cache miss)
743 silly packumentCache full:https://registry.npmjs.org/ms set size:undefined disposed:false
744 http fetch GET 200 https://registry.npmjs.org/estraverse 2792ms (cache miss)
745 silly packumentCache full:https://registry.npmjs.org/estraverse set size:undefined disposed:false
746 http fetch GET 200 https://registry.npmjs.org/acorn 2799ms (cache miss)
747 silly packumentCache full:https://registry.npmjs.org/acorn set size:undefined disposed:false
748 http fetch GET 200 https://registry.npmjs.org/is-extglob 2490ms (cache miss)
749 silly packumentCache full:https://registry.npmjs.org/is-extglob set size:undefined disposed:false
750 http fetch GET 200 https://registry.npmjs.org/brace-expansion 2660ms (cache miss)
751 silly packumentCache full:https://registry.npmjs.org/brace-expansion set size:undefined disposed:false
752 http fetch GET 200 https://registry.npmjs.org/fast-levenshtein 1214ms (cache miss)
753 silly packumentCache full:https://registry.npmjs.org/fast-levenshtein set size:undefined disposed:false
754 http fetch GET 200 https://registry.npmjs.org/prelude-ls 3057ms (cache miss)
755 silly packumentCache full:https://registry.npmjs.org/prelude-ls set size:undefined disposed:false
756 http fetch GET 200 https://registry.npmjs.org/type-check 2556ms (cache miss)
757 silly packumentCache full:https://registry.npmjs.org/type-check set size:undefined disposed:false
758 http fetch GET 200 https://registry.npmjs.org/acorn-jsx 5451ms (cache miss)
759 silly packumentCache full:https://registry.npmjs.org/acorn-jsx set size:undefined disposed:false
760 silly placeDep node_modules/@eslint-community/eslint-utils eslint-visitor-keys@3.4.3 OK for: @eslint-community/eslint-utils@4.9.1 want: ^3.4.3
761 silly placeDep ROOT @eslint/object-schema@2.1.7 OK for: @eslint/config-array@0.21.2 want: ^2.1.7
762 silly placeDep ROOT @types/json-schema@7.0.15 OK for: @eslint/core@0.17.0 want: ^7.0.15
763 silly placeDep ROOT globals@14.0.0 OK for: @eslint/eslintrc@3.3.6 want: ^14.0.0
764 silly placeDep ROOT import-fresh@3.3.1 OK for: @eslint/eslintrc@3.3.6 want: ^3.2.1
765 silly placeDep ROOT js-yaml@4.3.0 OK for: @eslint/eslintrc@3.3.6 want: ^4.3.0
766 silly placeDep ROOT strip-json-comments@3.1.1 OK for: @eslint/eslintrc@3.3.6 want: ^3.1.1
767 silly fetch manifest resolve-from@^4.0.0
768 silly packumentCache full:https://registry.npmjs.org/resolve-from cache-miss
769 silly fetch manifest parent-module@^1.0.0
770 silly packumentCache full:https://registry.npmjs.org/parent-module cache-miss
771 silly fetch manifest argparse@^2.0.1
772 silly packumentCache full:https://registry.npmjs.org/argparse cache-miss
773 http fetch GET 200 https://registry.npmjs.org/parent-module 266ms (cache miss)
774 silly packumentCache full:https://registry.npmjs.org/parent-module set size:undefined disposed:false
775 http fetch GET 200 https://registry.npmjs.org/argparse 467ms (cache miss)
776 silly packumentCache full:https://registry.npmjs.org/argparse set size:undefined disposed:false
777 http fetch GET 200 https://registry.npmjs.org/resolve-from 498ms (cache miss)
778 silly packumentCache full:https://registry.npmjs.org/resolve-from set size:undefined disposed:false
779 silly placeDep ROOT levn@0.4.1 OK for: @eslint/plugin-kit@0.4.1 want: ^0.4.1
780 silly fetch manifest type-check@~0.4.0
781 silly packumentCache full:https://registry.npmjs.org/type-check cache-miss
782 http cache https://registry.npmjs.org/type-check 29ms (cache hit)
783 silly packumentCache full:https://registry.npmjs.org/type-check set size:21221 disposed:false
784 silly placeDep ROOT @humanfs/core@0.19.2 OK for: @humanfs/node@0.16.8 want: ^0.19.2
785 silly placeDep ROOT @humanfs/types@0.15.0 OK for: @humanfs/node@0.16.8 want: ^0.15.0
786 silly placeDep ROOT fast-json-stable-stringify@2.1.0 OK for: ajv@6.15.0 want: ^2.0.0
787 silly placeDep ROOT json-schema-traverse@0.4.1 OK for: ajv@6.15.0 want: ^0.4.1
788 silly placeDep ROOT uri-js@4.4.1 OK for: ajv@6.15.0 want: ^4.2.2
789 silly fetch manifest punycode@^2.1.0
790 silly packumentCache full:https://registry.npmjs.org/punycode cache-miss
791 http fetch GET 200 https://registry.npmjs.org/punycode 617ms (cache miss)
792 silly packumentCache full:https://registry.npmjs.org/punycode set size:undefined disposed:false
793 silly placeDep ROOT ansi-styles@4.3.0 OK for: chalk@4.1.2 want: ^4.1.0
794 silly placeDep ROOT supports-color@7.2.0 OK for: chalk@4.1.2 want: ^7.1.0
795 silly fetch manifest color-convert@^2.0.1
796 silly packumentCache full:https://registry.npmjs.org/color-convert cache-miss
797 silly fetch manifest has-flag@^4.0.0
798 silly packumentCache full:https://registry.npmjs.org/has-flag cache-miss
799 http fetch GET 200 https://registry.npmjs.org/has-flag 359ms (cache miss)
800 silly packumentCache full:https://registry.npmjs.org/has-flag set size:undefined disposed:false
801 http fetch GET 200 https://registry.npmjs.org/color-convert 926ms (cache miss)
802 silly packumentCache full:https://registry.npmjs.org/color-convert set size:undefined disposed:false
803 silly placeDep ROOT color-convert@2.0.1 OK for: ansi-styles@4.3.0 want: ^2.0.1
804 silly fetch manifest color-name@~1.1.4
805 silly packumentCache full:https://registry.npmjs.org/color-name cache-miss
806 http fetch GET 200 https://registry.npmjs.org/color-name 508ms (cache miss)
807 silly packumentCache full:https://registry.npmjs.org/color-name set size:undefined disposed:false
808 silly placeDep ROOT color-name@1.1.4 OK for: color-convert@2.0.1 want: ~1.1.4
809 silly placeDep ROOT path-key@3.1.1 OK for: cross-spawn@7.0.6 want: ^3.1.0
810 silly placeDep ROOT shebang-command@2.0.0 OK for: cross-spawn@7.0.6 want: ^2.0.0
811 silly placeDep ROOT which@2.0.2 OK for: cross-spawn@7.0.6 want: ^2.0.1
812 silly fetch manifest shebang-regex@^3.0.0
813 silly packumentCache full:https://registry.npmjs.org/shebang-regex cache-miss
814 silly fetch manifest isexe@^2.0.0
815 silly packumentCache full:https://registry.npmjs.org/isexe cache-miss
816 http fetch GET 200 https://registry.npmjs.org/shebang-regex 448ms (cache miss)
817 silly packumentCache full:https://registry.npmjs.org/shebang-regex set size:undefined disposed:false
818 http fetch GET 200 https://registry.npmjs.org/isexe 521ms (cache miss)
819 silly packumentCache full:https://registry.npmjs.org/isexe set size:undefined disposed:false
820 silly placeDep ROOT ms@2.1.3 OK for: debug@4.4.3 want: ^2.1.3
821 silly fetch manifest eslint@^7.23.0 || ^8.0.0 || ^9.0.0
822 silly packumentCache full:https://registry.npmjs.org/eslint cache-miss
823 http cache https://registry.npmjs.org/eslint 9ms (cache hit)
824 silly packumentCache full:https://registry.npmjs.org/eslint set size:2033084 disposed:false
825 silly fetch manifest typescript@>=3.3.1
826 silly packumentCache full:https://registry.npmjs.org/typescript cache-miss
827 http cache https://registry.npmjs.org/typescript 51ms (cache hit)
828 silly packumentCache full:https://registry.npmjs.org/typescript set size:15435925 disposed:false
829 silly fetch manifest typescript@>=4.8.4 <6.1.0
830 silly packumentCache full:https://registry.npmjs.org/typescript cache-miss
831 http cache https://registry.npmjs.org/typescript 49ms (cache hit)
832 silly packumentCache full:https://registry.npmjs.org/typescript set size:15435925 disposed:false
833 silly fetch manifest eslint-plugin-import-x@*
834 silly packumentCache full:https://registry.npmjs.org/eslint-plugin-import-x cache-miss
835 http fetch GET 200 https://registry.npmjs.org/eslint-plugin-import-x 1627ms (cache miss)
836 silly packumentCache full:https://registry.npmjs.org/eslint-plugin-import-x set size:undefined disposed:false
837 silly fetch manifest @typescript-eslint/utils@^8.56.0
838 silly packumentCache full:https://registry.npmjs.org/@typescript-eslint%2futils cache-miss
839 http fetch GET 200 https://registry.npmjs.org/@typescript-eslint%2futils 25857ms (cache miss)
840 silly packumentCache full:https://registry.npmjs.org/@typescript-eslint%2futils set size:undefined disposed:false
841 silly placeDep ROOT @next/eslint-plugin-next@15.1.1 OK for: eslint-config-next@15.1.1 want: 15.1.1
842 silly placeDep ROOT @rushstack/eslint-patch@1.16.1 OK for: eslint-config-next@15.1.1 want: ^1.10.3
843 silly placeDep ROOT @typescript-eslint/eslint-plugin@8.64.0 OK for: eslint-config-next@15.1.1 want: ^5.4.2 || ^6.0.0 || ^7.0.0 || ^8.0.0
844 silly placeDep ROOT @typescript-eslint/parser@8.64.0 OK for: @typescript-eslint/eslint-plugin@8.64.0 want: ^8.64.0
845 silly placeDep ROOT eslint-import-resolver-node@0.3.10 OK for: eslint-config-next@15.1.1 want: ^0.3.6
846 silly placeDep ROOT eslint-import-resolver-typescript@3.10.1 OK for: eslint-config-next@15.1.1 want: ^3.5.2
847 silly placeDep ROOT eslint-plugin-import@2.32.0 OK for: eslint-config-next@15.1.1 want: ^2.31.0
848 silly placeDep ROOT eslint-plugin-jsx-a11y@6.10.2 OK for: eslint-config-next@15.1.1 want: ^6.10.0
849 silly placeDep ROOT eslint-plugin-react@7.37.5 OK for: eslint-config-next@15.1.1 want: ^7.37.0
850 silly placeDep ROOT eslint-plugin-react-hooks@5.2.0 OK for: eslint-config-next@15.1.1 want: ^5.0.0
851 silly fetch manifest fast-glob@3.3.1
852 silly packumentCache full:https://registry.npmjs.org/fast-glob cache-miss
853 silly fetch manifest ignore@^7.0.5
854 silly packumentCache full:https://registry.npmjs.org/ignore cache-miss
855 silly fetch manifest ts-api-utils@^2.5.0
856 silly packumentCache full:https://registry.npmjs.org/ts-api-utils cache-miss
857 silly fetch manifest @typescript-eslint/utils@8.64.0
858 silly packumentCache full:https://registry.npmjs.org/@typescript-eslint%2futils cache-miss
859 silly fetch manifest @typescript-eslint/type-utils@8.64.0
860 silly packumentCache full:https://registry.npmjs.org/@typescript-eslint%2ftype-utils cache-miss
861 silly fetch manifest @typescript-eslint/visitor-keys@8.64.0
862 silly packumentCache full:https://registry.npmjs.org/@typescript-eslint%2fvisitor-keys cache-miss
863 silly fetch manifest @typescript-eslint/scope-manager@8.64.0
864 silly packumentCache full:https://registry.npmjs.org/@typescript-eslint%2fscope-manager cache-miss
865 silly fetch manifest @typescript-eslint/types@8.64.0
866 silly packumentCache full:https://registry.npmjs.org/@typescript-eslint%2ftypes cache-miss
867 silly fetch manifest @typescript-eslint/visitor-keys@8.64.0
868 silly packumentCache full:https://registry.npmjs.org/@typescript-eslint%2fvisitor-keys cache-miss
869 silly fetch manifest @typescript-eslint/scope-manager@8.64.0
870 silly packumentCache full:https://registry.npmjs.org/@typescript-eslint%2fscope-manager cache-miss
871 silly fetch manifest @typescript-eslint/typescript-estree@8.64.0
872 silly packumentCache full:https://registry.npmjs.org/@typescript-eslint%2ftypescript-estree cache-miss
873 silly fetch manifest debug@^3.2.7
874 silly packumentCache full:https://registry.npmjs.org/debug cache-hit
875 silly fetch manifest resolve@^2.0.0-next.6
876 silly packumentCache full:https://registry.npmjs.org/resolve cache-miss
877 silly fetch manifest is-core-module@^2.16.1
878 silly packumentCache full:https://registry.npmjs.org/is-core-module cache-miss
879 silly fetch manifest tinyglobby@^0.2.13
880 silly packumentCache full:https://registry.npmjs.org/tinyglobby cache-miss
881 silly fetch manifest stable-hash@^0.0.5
882 silly packumentCache full:https://registry.npmjs.org/stable-hash cache-miss
883 silly fetch manifest get-tsconfig@^4.10.0
884 silly packumentCache full:https://registry.npmjs.org/get-tsconfig cache-miss
885 silly fetch manifest is-bun-module@^2.0.0
886 silly packumentCache full:https://registry.npmjs.org/is-bun-module cache-miss
887 silly fetch manifest unrs-resolver@^1.6.2
888 silly packumentCache full:https://registry.npmjs.org/unrs-resolver cache-miss
889 silly fetch manifest @nolyfill/is-core-module@1.0.39
890 silly packumentCache full:https://registry.npmjs.org/@nolyfill%2fis-core-module cache-miss
891 silly fetch manifest @rtsao/scc@^1.1.0
892 silly packumentCache full:https://registry.npmjs.org/@rtsao%2fscc cache-miss
893 silly fetch manifest array-includes@^3.1.9
894 silly packumentCache full:https://registry.npmjs.org/array-includes cache-miss
895 silly fetch manifest array.prototype.findlastindex@^1.2.6
896 silly packumentCache full:https://registry.npmjs.org/array.prototype.findlastindex cache-miss
897 silly fetch manifest array.prototype.flat@^1.3.3
898 silly packumentCache full:https://registry.npmjs.org/array.prototype.flat cache-miss
899 http cache https://registry.npmjs.org/ignore 17ms (cache hit)
900 silly packumentCache full:https://registry.npmjs.org/ignore set size:240910 disposed:false
901 silly fetch manifest array.prototype.flatmap@^1.3.3
902 silly packumentCache full:https://registry.npmjs.org/array.prototype.flatmap cache-miss
903 http cache https://registry.npmjs.org/@typescript-eslint%2futils 38ms (cache hit)
904 silly packumentCache full:https://registry.npmjs.org/@typescript-eslint%2futils set size:10468238 disposed:false
905 silly fetch manifest doctrine@^2.1.0
906 silly packumentCache full:https://registry.npmjs.org/doctrine cache-miss
907 http fetch GET 200 https://registry.npmjs.org/unrs-resolver 520ms (cache miss)
908 silly packumentCache full:https://registry.npmjs.org/unrs-resolver set size:undefined disposed:false
909 silly fetch manifest eslint-module-utils@^2.12.1
910 silly packumentCache full:https://registry.npmjs.org/eslint-module-utils cache-miss
911 http fetch GET 200 https://registry.npmjs.org/tinyglobby 543ms (cache miss)
912 silly packumentCache full:https://registry.npmjs.org/tinyglobby set size:undefined disposed:false
913 silly fetch manifest hasown@^2.0.2
914 silly packumentCache full:https://registry.npmjs.org/hasown cache-miss
915 http fetch GET 200 https://registry.npmjs.org/is-core-module 617ms (cache miss)
916 silly packumentCache full:https://registry.npmjs.org/is-core-module set size:undefined disposed:false
917 silly fetch manifest object.fromentries@^2.0.8
918 silly packumentCache full:https://registry.npmjs.org/object.fromentries cache-miss
919 http fetch GET 200 https://registry.npmjs.org/resolve 717ms (cache miss)
920 silly packumentCache full:https://registry.npmjs.org/resolve set size:undefined disposed:false
921 silly fetch manifest object.groupby@^1.0.3
922 silly packumentCache full:https://registry.npmjs.org/object.groupby cache-miss
923 http fetch GET 200 https://registry.npmjs.org/is-bun-module 732ms (cache miss)
924 silly packumentCache full:https://registry.npmjs.org/is-bun-module set size:undefined disposed:false
925 silly fetch manifest object.values@^1.2.1
926 silly packumentCache full:https://registry.npmjs.org/object.values cache-miss
927 http fetch GET 200 https://registry.npmjs.org/ts-api-utils 764ms (cache miss)
928 silly packumentCache full:https://registry.npmjs.org/ts-api-utils set size:undefined disposed:false
929 silly fetch manifest semver@^6.3.1
930 silly packumentCache full:https://registry.npmjs.org/semver cache-miss
931 http fetch GET 200 https://registry.npmjs.org/fast-glob 921ms (cache miss)
932 silly packumentCache full:https://registry.npmjs.org/fast-glob set size:undefined disposed:false
933 silly fetch manifest string.prototype.trimend@^1.0.9
934 silly packumentCache full:https://registry.npmjs.org/string.prototype.trimend cache-miss
935 http fetch GET 200 https://registry.npmjs.org/stable-hash 937ms (cache miss)
936 silly packumentCache full:https://registry.npmjs.org/stable-hash set size:undefined disposed:false
937 silly fetch manifest tsconfig-paths@^3.15.0
938 silly packumentCache full:https://registry.npmjs.org/tsconfig-paths cache-miss
939 http fetch GET 200 https://registry.npmjs.org/array-includes 1027ms (cache miss)
940 silly packumentCache full:https://registry.npmjs.org/array-includes set size:undefined disposed:false
941 silly fetch manifest aria-query@^5.3.2
942 silly packumentCache full:https://registry.npmjs.org/aria-query cache-miss
943 http fetch GET 200 https://registry.npmjs.org/array.prototype.findlastindex 1028ms (cache miss)
944 silly packumentCache full:https://registry.npmjs.org/array.prototype.findlastindex set size:undefined disposed:false
945 silly fetch manifest array-includes@^3.1.8
946 silly packumentCache full:https://registry.npmjs.org/array-includes cache-miss
947 http cache https://registry.npmjs.org/array-includes 24ms (cache hit)
948 silly packumentCache full:https://registry.npmjs.org/array-includes set size:77143 disposed:false
949 silly fetch manifest array.prototype.flatmap@^1.3.2
950 silly packumentCache full:https://registry.npmjs.org/array.prototype.flatmap cache-miss
951 http fetch GET 200 https://registry.npmjs.org/doctrine 1150ms (cache miss)
952 silly packumentCache full:https://registry.npmjs.org/doctrine set size:undefined disposed:false
953 silly fetch manifest ast-types-flow@^0.0.8
954 silly packumentCache full:https://registry.npmjs.org/ast-types-flow cache-miss
955 http fetch GET 200 https://registry.npmjs.org/hasown 710ms (cache miss)
956 silly packumentCache full:https://registry.npmjs.org/hasown set size:undefined disposed:false
957 silly fetch manifest axe-core@^4.10.0
958 silly packumentCache full:https://registry.npmjs.org/axe-core cache-miss
959 http fetch GET 200 https://registry.npmjs.org/eslint-module-utils 836ms (cache miss)
960 silly packumentCache full:https://registry.npmjs.org/eslint-module-utils set size:undefined disposed:false
961 silly fetch manifest axobject-query@^4.1.0
962 silly packumentCache full:https://registry.npmjs.org/axobject-query cache-miss
963 http fetch GET 200 https://registry.npmjs.org/array.prototype.flatmap 1352ms (cache miss)
964 silly packumentCache full:https://registry.npmjs.org/array.prototype.flatmap set size:undefined disposed:false
965 silly fetch manifest damerau-levenshtein@^1.0.8
966 silly packumentCache full:https://registry.npmjs.org/damerau-levenshtein cache-miss
967 http fetch GET 200 https://registry.npmjs.org/@rtsao%2fscc 1421ms (cache miss)
968 silly packumentCache full:https://registry.npmjs.org/@rtsao%2fscc set size:undefined disposed:false
969 silly fetch manifest emoji-regex@^9.2.2
970 silly packumentCache full:https://registry.npmjs.org/emoji-regex cache-miss
971 http fetch GET 200 https://registry.npmjs.org/object.groupby 765ms (cache miss)
972 silly packumentCache full:https://registry.npmjs.org/object.groupby set size:undefined disposed:false
973 silly fetch manifest jsx-ast-utils@^3.3.5
974 silly packumentCache full:https://registry.npmjs.org/jsx-ast-utils cache-miss
975 http fetch GET 200 https://registry.npmjs.org/@nolyfill%2fis-core-module 1968ms (cache miss)
976 silly packumentCache full:https://registry.npmjs.org/@nolyfill%2fis-core-module set size:undefined disposed:false
977 silly fetch manifest language-tags@^1.0.9
978 silly packumentCache full:https://registry.npmjs.org/language-tags cache-miss
979 http fetch GET 200 https://registry.npmjs.org/tsconfig-paths 1087ms (cache miss)
980 silly packumentCache full:https://registry.npmjs.org/tsconfig-paths set size:undefined disposed:false
981 silly fetch manifest object.fromentries@^2.0.8
982 silly packumentCache full:https://registry.npmjs.org/object.fromentries cache-miss
983 http fetch GET 200 https://registry.npmjs.org/object.fromentries 1498ms (cache miss)
984 silly packumentCache full:https://registry.npmjs.org/object.fromentries set size:undefined disposed:false
985 silly fetch manifest safe-regex-test@^1.0.3
986 silly packumentCache full:https://registry.npmjs.org/safe-regex-test cache-miss
987 http fetch GET 200 https://registry.npmjs.org/array.prototype.flat 2167ms (cache miss)
988 silly packumentCache full:https://registry.npmjs.org/array.prototype.flat set size:undefined disposed:false
989 silly fetch manifest string.prototype.includes@^2.0.1
990 silly packumentCache full:https://registry.npmjs.org/string.prototype.includes cache-miss
991 http fetch GET 200 https://registry.npmjs.org/array.prototype.flatmap 1329ms (cache miss)
992 silly packumentCache full:https://registry.npmjs.org/array.prototype.flatmap set size:undefined disposed:false
993 silly fetch manifest array.prototype.findlast@^1.2.5
994 silly packumentCache full:https://registry.npmjs.org/array.prototype.findlast cache-miss
995 http fetch GET 200 https://registry.npmjs.org/aria-query 1471ms (cache miss)
996 silly packumentCache full:https://registry.npmjs.org/aria-query set size:undefined disposed:false
997 silly fetch manifest array.prototype.tosorted@^1.1.4
998 silly packumentCache full:https://registry.npmjs.org/array.prototype.tosorted cache-miss
999 http fetch GET 200 https://registry.npmjs.org/object.values 1771ms (cache miss)
1000 silly packumentCache full:https://registry.npmjs.org/object.values set size:undefined disposed:false
1001 silly fetch manifest es-iterator-helpers@^1.2.1
1002 silly packumentCache full:https://registry.npmjs.org/es-iterator-helpers cache-miss
1003 http fetch GET 200 https://registry.npmjs.org/axobject-query 1503ms (cache miss)
1004 silly packumentCache full:https://registry.npmjs.org/axobject-query set size:undefined disposed:false
1005 silly fetch manifest estraverse@^5.3.0
1006 silly packumentCache full:https://registry.npmjs.org/estraverse cache-miss
1007 http cache https://registry.npmjs.org/estraverse 2ms (cache hit)
1008 silly packumentCache full:https://registry.npmjs.org/estraverse set size:62412 disposed:false
1009 silly fetch manifest jsx-ast-utils@^2.4.1 || ^3.0.0
1010 silly packumentCache full:https://registry.npmjs.org/jsx-ast-utils cache-miss
1011 http fetch GET 200 https://registry.npmjs.org/string.prototype.trimend 2143ms (cache miss)
1012 silly packumentCache full:https://registry.npmjs.org/string.prototype.trimend set size:undefined disposed:false
1013 silly fetch manifest object.entries@^1.1.9
1014 silly packumentCache full:https://registry.npmjs.org/object.entries cache-miss
1015 http fetch GET 200 https://registry.npmjs.org/ast-types-flow 1832ms (cache miss)
1016 silly packumentCache full:https://registry.npmjs.org/ast-types-flow set size:undefined disposed:false
1017 silly fetch manifest prop-types@^15.8.1
1018 silly packumentCache full:https://registry.npmjs.org/prop-types cache-miss
1019 http fetch GET 200 https://registry.npmjs.org/damerau-levenshtein 1720ms (cache miss)
1020 silly packumentCache full:https://registry.npmjs.org/damerau-levenshtein set size:undefined disposed:false
1021 silly fetch manifest resolve@^2.0.0-next.5
1022 silly packumentCache full:https://registry.npmjs.org/resolve cache-miss
1023 http cache https://registry.npmjs.org/resolve 4ms (cache hit)
1024 silly packumentCache full:https://registry.npmjs.org/resolve set size:244568 disposed:false
1025 silly fetch manifest semver@^6.3.1
1026 silly packumentCache full:https://registry.npmjs.org/semver cache-miss
1027 http fetch GET 200 https://registry.npmjs.org/get-tsconfig 3158ms (cache miss)
1028 silly packumentCache full:https://registry.npmjs.org/get-tsconfig set size:undefined disposed:false
1029 silly fetch manifest string.prototype.matchall@^4.0.12
1030 silly packumentCache full:https://registry.npmjs.org/string.prototype.matchall cache-miss
1031 http fetch GET 200 https://registry.npmjs.org/emoji-regex 2039ms (cache miss)
1032 silly packumentCache full:https://registry.npmjs.org/emoji-regex set size:undefined disposed:false
1033 silly fetch manifest string.prototype.repeat@^1.0.0
1034 silly packumentCache full:https://registry.npmjs.org/string.prototype.repeat cache-miss
1035 http fetch GET 200 https://registry.npmjs.org/jsx-ast-utils 1985ms (cache miss)
1036 silly packumentCache full:https://registry.npmjs.org/jsx-ast-utils set size:undefined disposed:false
1037 http fetch GET 200 https://registry.npmjs.org/string.prototype.includes 1691ms (cache miss)
1038 silly packumentCache full:https://registry.npmjs.org/string.prototype.includes set size:undefined disposed:false
1039 http fetch GET 200 https://registry.npmjs.org/array.prototype.findlast 1507ms (cache miss)
1040 silly packumentCache full:https://registry.npmjs.org/array.prototype.findlast set size:undefined disposed:false
1041 http fetch GET 200 https://registry.npmjs.org/array.prototype.tosorted 1421ms (cache miss)
1042 silly packumentCache full:https://registry.npmjs.org/array.prototype.tosorted set size:undefined disposed:false
1043 http fetch GET 200 https://registry.npmjs.org/semver 3211ms (cache miss)
1044 silly packumentCache full:https://registry.npmjs.org/semver set size:undefined disposed:false
1045 http fetch GET 200 https://registry.npmjs.org/safe-regex-test 1956ms (cache miss)
1046 silly packumentCache full:https://registry.npmjs.org/safe-regex-test set size:undefined disposed:false
1047 http fetch GET 200 https://registry.npmjs.org/object.entries 1212ms (cache miss)
1048 silly packumentCache full:https://registry.npmjs.org/object.entries set size:undefined disposed:false
1049 http fetch GET 200 https://registry.npmjs.org/jsx-ast-utils 1533ms (cache miss)
1050 silly packumentCache full:https://registry.npmjs.org/jsx-ast-utils set size:undefined disposed:false
1051 http fetch GET 200 https://registry.npmjs.org/prop-types 1470ms (cache miss)
1052 silly packumentCache full:https://registry.npmjs.org/prop-types set size:undefined disposed:false
1053 http fetch GET 200 https://registry.npmjs.org/string.prototype.repeat 1136ms (cache miss)
1054 silly packumentCache full:https://registry.npmjs.org/string.prototype.repeat set size:undefined disposed:false
1055 http fetch GET 200 https://registry.npmjs.org/string.prototype.matchall 1736ms (cache miss)
1056 silly packumentCache full:https://registry.npmjs.org/string.prototype.matchall set size:undefined disposed:false
1057 http fetch GET 200 https://registry.npmjs.org/object.fromentries 3182ms (cache miss)
1058 silly packumentCache full:https://registry.npmjs.org/object.fromentries set size:undefined disposed:false
1059 http fetch GET 200 https://registry.npmjs.org/language-tags 3244ms (cache miss)
1060 silly packumentCache full:https://registry.npmjs.org/language-tags set size:undefined disposed:false
1061 http fetch GET 200 https://registry.npmjs.org/es-iterator-helpers 3515ms (cache miss)
1062 silly packumentCache full:https://registry.npmjs.org/es-iterator-helpers set size:undefined disposed:false
1063 http fetch GET 200 https://registry.npmjs.org/@typescript-eslint%2fscope-manager 9686ms (cache miss)
1064 silly packumentCache full:https://registry.npmjs.org/@typescript-eslint%2fscope-manager set size:undefined disposed:false
1065 http fetch GET 200 https://registry.npmjs.org/semver 7443ms (cache miss)
1066 silly packumentCache full:https://registry.npmjs.org/semver set size:undefined disposed:false
1067 http fetch GET 200 https://registry.npmjs.org/@typescript-eslint%2fvisitor-keys 10572ms (cache miss)
1068 silly packumentCache full:https://registry.npmjs.org/@typescript-eslint%2fvisitor-keys set size:undefined disposed:false
1069 http fetch GET 200 https://registry.npmjs.org/@typescript-eslint%2fscope-manager 11917ms (cache miss)
1070 silly packumentCache full:https://registry.npmjs.org/@typescript-eslint%2fscope-manager set size:undefined disposed:false
1071 http fetch GET 200 https://registry.npmjs.org/@typescript-eslint%2fvisitor-keys 12618ms (cache miss)
1072 silly packumentCache full:https://registry.npmjs.org/@typescript-eslint%2fvisitor-keys set size:undefined disposed:false
1073 http fetch GET 200 https://registry.npmjs.org/@typescript-eslint%2ftypes 26018ms (cache miss)
1074 silly packumentCache full:https://registry.npmjs.org/@typescript-eslint%2ftypes set size:undefined disposed:false
1075 http fetch GET 200 https://registry.npmjs.org/@typescript-eslint%2ftypescript-estree 30399ms (cache miss)
1076 silly packumentCache full:https://registry.npmjs.org/@typescript-eslint%2ftypescript-estree set size:undefined disposed:false
1077 http fetch GET 200 https://registry.npmjs.org/axe-core 32625ms (cache miss)
1078 silly packumentCache full:https://registry.npmjs.org/axe-core set size:undefined disposed:false
1079 http fetch GET 200 https://registry.npmjs.org/@typescript-eslint%2ftype-utils 55829ms (cache miss)
1080 silly packumentCache full:https://registry.npmjs.org/@typescript-eslint%2ftype-utils set size:undefined disposed:false
1081 silly placeDep ROOT fast-glob@3.3.1 OK for: @next/eslint-plugin-next@15.1.1 want: 3.3.1
1082 silly fetch manifest merge2@^1.3.0
1083 silly packumentCache full:https://registry.npmjs.org/merge2 cache-miss
1084 silly fetch manifest micromatch@^4.0.4
1085 silly packumentCache full:https://registry.npmjs.org/micromatch cache-miss
1086 silly fetch manifest glob-parent@^5.1.2
1087 silly packumentCache full:https://registry.npmjs.org/glob-parent cache-miss
1088 silly fetch manifest @nodelib/fs.stat@^2.0.2
1089 silly packumentCache full:https://registry.npmjs.org/@nodelib%2ffs.stat cache-miss
1090 silly fetch manifest @nodelib/fs.walk@^1.2.3
1091 silly packumentCache full:https://registry.npmjs.org/@nodelib%2ffs.walk cache-miss
1092 http cache https://registry.npmjs.org/glob-parent 15ms (cache hit)
1093 silly packumentCache full:https://registry.npmjs.org/glob-parent set size:42445 disposed:false
1094 http fetch GET 200 https://registry.npmjs.org/@nodelib%2ffs.stat 673ms (cache miss)
1095 silly packumentCache full:https://registry.npmjs.org/@nodelib%2ffs.stat set size:undefined disposed:false
1096 http fetch GET 200 https://registry.npmjs.org/merge2 838ms (cache miss)
1097 silly packumentCache full:https://registry.npmjs.org/merge2 set size:undefined disposed:false
1098 http fetch GET 200 https://registry.npmjs.org/micromatch 1389ms (cache miss)
1099 silly packumentCache full:https://registry.npmjs.org/micromatch set size:undefined disposed:false
1100 http fetch GET 200 https://registry.npmjs.org/@nodelib%2ffs.walk 2110ms (cache miss)
1101 silly packumentCache full:https://registry.npmjs.org/@nodelib%2ffs.walk set size:undefined disposed:false
1102 silly fetch manifest eslint@^8.57.0 || ^9.0.0 || ^10.0.0
1103 silly packumentCache full:https://registry.npmjs.org/eslint cache-miss
1104 http cache https://registry.npmjs.org/eslint 6ms (cache hit)
1105 silly packumentCache full:https://registry.npmjs.org/eslint set size:2033084 disposed:false
1106 silly placeDep ROOT @typescript-eslint/scope-manager@8.64.0 OK for: @typescript-eslint/eslint-plugin@8.64.0 want: 8.64.0
1107 silly placeDep ROOT @typescript-eslint/type-utils@8.64.0 OK for: @typescript-eslint/eslint-plugin@8.64.0 want: 8.64.0
1108 silly placeDep ROOT @typescript-eslint/utils@8.64.0 OK for: @typescript-eslint/eslint-plugin@8.64.0 want: 8.64.0
1109 silly placeDep ROOT @typescript-eslint/visitor-keys@8.64.0 OK for: @typescript-eslint/eslint-plugin@8.64.0 want: 8.64.0
1110 silly placeDep node_modules/@typescript-eslint/eslint-plugin ignore@7.0.6 OK for: @typescript-eslint/eslint-plugin@8.64.0 want: ^7.0.5
1111 silly placeDep ROOT ts-api-utils@2.5.0 OK for: @typescript-eslint/eslint-plugin@8.64.0 want: ^2.5.0
1112 silly fetch manifest eslint-visitor-keys@^5.0.0
1113 silly packumentCache full:https://registry.npmjs.org/eslint-visitor-keys cache-hit
1114 silly placeDep ROOT @typescript-eslint/types@8.64.0 OK for: @typescript-eslint/parser@8.64.0 want: 8.64.0
1115 silly placeDep ROOT @typescript-eslint/typescript-estree@8.64.0 OK for: @typescript-eslint/parser@8.64.0 want: 8.64.0
1116 silly fetch manifest semver@^7.7.3
1117 silly packumentCache full:https://registry.npmjs.org/semver cache-miss
1118 silly fetch manifest minimatch@^10.2.2
1119 silly packumentCache full:https://registry.npmjs.org/minimatch cache-miss
1120 silly fetch manifest tinyglobby@^0.2.15
1121 silly packumentCache full:https://registry.npmjs.org/tinyglobby cache-miss
1122 silly fetch manifest @typescript-eslint/tsconfig-utils@8.64.0
1123 silly packumentCache full:https://registry.npmjs.org/@typescript-eslint%2ftsconfig-utils cache-miss
1124 silly fetch manifest @typescript-eslint/project-service@8.64.0
1125 silly packumentCache full:https://registry.npmjs.org/@typescript-eslint%2fproject-service cache-miss
1126 http cache https://registry.npmjs.org/semver 10ms (cache hit)
1127 silly packumentCache full:https://registry.npmjs.org/semver set size:246069 disposed:false
1128 http cache https://registry.npmjs.org/tinyglobby 15ms (cache hit)
1129 silly packumentCache full:https://registry.npmjs.org/tinyglobby set size:54291 disposed:false
1130 http cache https://registry.npmjs.org/minimatch 17ms (cache hit)
1131 silly packumentCache full:https://registry.npmjs.org/minimatch set size:375282 disposed:false
1132 http fetch GET 200 https://registry.npmjs.org/@typescript-eslint%2fproject-service 6729ms (cache miss)
1133 silly packumentCache full:https://registry.npmjs.org/@typescript-eslint%2fproject-service set size:undefined disposed:false
1134 http fetch GET 200 https://registry.npmjs.org/@typescript-eslint%2ftsconfig-utils 7763ms (cache miss)
1135 silly packumentCache full:https://registry.npmjs.org/@typescript-eslint%2ftsconfig-utils set size:undefined disposed:false
1136 silly placeDep ROOT @typescript-eslint/project-service@8.64.0 OK for: @typescript-eslint/typescript-estree@8.64.0 want: 8.64.0
1137 silly placeDep ROOT @typescript-eslint/tsconfig-utils@8.64.0 OK for: @typescript-eslint/typescript-estree@8.64.0 want: 8.64.0
1138 silly placeDep node_modules/@typescript-eslint/typescript-estree minimatch@10.2.5 OK for: @typescript-eslint/typescript-estree@8.64.0 want: ^10.2.2
1139 silly placeDep ROOT semver@7.8.5 OK for: @typescript-eslint/typescript-estree@8.64.0 want: ^7.7.3
1140 silly placeDep ROOT tinyglobby@0.2.17 OK for: @typescript-eslint/typescript-estree@8.64.0 want: ^0.2.15
1141 silly fetch manifest @typescript-eslint/tsconfig-utils@^8.64.0
1142 silly packumentCache full:https://registry.npmjs.org/@typescript-eslint%2ftsconfig-utils cache-miss
1143 silly fetch manifest brace-expansion@^5.0.5
1144 silly packumentCache full:https://registry.npmjs.org/brace-expansion cache-miss
1145 silly fetch manifest fdir@^6.5.0
1146 silly packumentCache full:https://registry.npmjs.org/fdir cache-miss
1147 silly fetch manifest picomatch@^4.0.4
1148 silly packumentCache full:https://registry.npmjs.org/picomatch cache-miss
1149 http cache https://registry.npmjs.org/brace-expansion 10ms (cache hit)
1150 silly packumentCache full:https://registry.npmjs.org/brace-expansion set size:78539 disposed:false
1151 http cache https://registry.npmjs.org/@typescript-eslint%2ftsconfig-utils 15ms (cache hit)
1152 silly packumentCache full:https://registry.npmjs.org/@typescript-eslint%2ftsconfig-utils set size:1515168 disposed:false
1153 http fetch GET 200 https://registry.npmjs.org/fdir 580ms (cache miss)
1154 silly packumentCache full:https://registry.npmjs.org/fdir set size:undefined disposed:false
1155 http fetch GET 200 https://registry.npmjs.org/picomatch 4547ms (cache miss)
1156 silly packumentCache full:https://registry.npmjs.org/picomatch set size:undefined disposed:false
1157 silly placeDep node_modules/@typescript-eslint/visitor-keys eslint-visitor-keys@5.0.1 OK for: @typescript-eslint/visitor-keys@8.64.0 want: ^5.0.0
1158 silly placeDep node_modules/eslint-import-resolver-node debug@3.2.7 OK for: eslint-import-resolver-node@0.3.10 want: ^3.2.7
1159 silly placeDep ROOT is-core-module@2.16.2 OK for: eslint-import-resolver-node@0.3.10 want: ^2.16.1
1160 silly placeDep ROOT resolve@2.0.0-next.7 OK for: eslint-import-resolver-node@0.3.10 want: ^2.0.0-next.6
1161 silly fetch manifest hasown@^2.0.3
1162 silly packumentCache full:https://registry.npmjs.org/hasown cache-miss
1163 silly fetch manifest es-errors@^1.3.0
1164 silly packumentCache full:https://registry.npmjs.org/es-errors cache-miss
1165 silly fetch manifest node-exports-info@^1.6.0
1166 silly packumentCache full:https://registry.npmjs.org/node-exports-info cache-miss
1167 silly fetch manifest object-keys@^1.1.1
1168 silly packumentCache full:https://registry.npmjs.org/object-keys cache-miss
1169 silly fetch manifest path-parse@^1.0.7
1170 silly packumentCache full:https://registry.npmjs.org/path-parse cache-miss
1171 silly fetch manifest supports-preserve-symlinks-flag@^1.0.0
1172 silly packumentCache full:https://registry.npmjs.org/supports-preserve-symlinks-flag cache-miss
1173 http cache https://registry.npmjs.org/hasown 8ms (cache hit)
1174 silly packumentCache full:https://registry.npmjs.org/hasown set size:18361 disposed:false
1175 http fetch GET 200 https://registry.npmjs.org/object-keys 256ms (cache miss)
1176 silly packumentCache full:https://registry.npmjs.org/object-keys set size:undefined disposed:false
1177 http fetch GET 200 https://registry.npmjs.org/supports-preserve-symlinks-flag 430ms (cache miss)
1178 silly packumentCache full:https://registry.npmjs.org/supports-preserve-symlinks-flag set size:undefined disposed:false
1179 http fetch GET 200 https://registry.npmjs.org/es-errors 433ms (cache miss)
1180 silly packumentCache full:https://registry.npmjs.org/es-errors set size:undefined disposed:false
1181 http fetch GET 200 https://registry.npmjs.org/node-exports-info 456ms (cache miss)
1182 silly packumentCache full:https://registry.npmjs.org/node-exports-info set size:undefined disposed:false
1183 http fetch GET 200 https://registry.npmjs.org/path-parse 519ms (cache miss)
1184 silly packumentCache full:https://registry.npmjs.org/path-parse set size:undefined disposed:false
1185 silly placeDep ROOT @nolyfill/is-core-module@1.0.39 OK for: eslint-import-resolver-typescript@3.10.1 want: 1.0.39
1186 silly placeDep ROOT get-tsconfig@4.14.0 OK for: eslint-import-resolver-typescript@3.10.1 want: ^4.10.0
1187 silly placeDep ROOT is-bun-module@2.0.0 OK for: eslint-import-resolver-typescript@3.10.1 want: ^2.0.0
1188 silly placeDep ROOT stable-hash@0.0.5 OK for: eslint-import-resolver-typescript@3.10.1 want: ^0.0.5
1189 silly placeDep ROOT unrs-resolver@1.12.2 OK for: eslint-import-resolver-typescript@3.10.1 want: ^1.6.2
1190 silly fetch manifest resolve-pkg-maps@^1.0.0
1191 silly packumentCache full:https://registry.npmjs.org/resolve-pkg-maps cache-miss
1192 silly fetch manifest napi-postinstall@^0.3.4
1193 silly packumentCache full:https://registry.npmjs.org/napi-postinstall cache-miss
1194 silly fetch manifest @unrs/resolver-binding-darwin-arm64@1.12.2
1195 silly packumentCache full:https://registry.npmjs.org/@unrs%2fresolver-binding-darwin-arm64 cache-miss
1196 silly fetch manifest @unrs/resolver-binding-android-arm64@1.12.2
1197 silly packumentCache full:https://registry.npmjs.org/@unrs%2fresolver-binding-android-arm64 cache-miss
1198 silly fetch manifest @unrs/resolver-binding-win32-arm64-msvc@1.12.2
1199 silly packumentCache full:https://registry.npmjs.org/@unrs%2fresolver-binding-win32-arm64-msvc cache-miss
1200 silly fetch manifest @unrs/resolver-binding-linux-arm64-gnu@1.12.2
1201 silly packumentCache full:https://registry.npmjs.org/@unrs%2fresolver-binding-linux-arm64-gnu cache-miss
1202 silly fetch manifest @unrs/resolver-binding-linux-arm64-musl@1.12.2
1203 silly packumentCache full:https://registry.npmjs.org/@unrs%2fresolver-binding-linux-arm64-musl cache-miss
1204 silly fetch manifest @unrs/resolver-binding-openharmony-arm64@1.12.2
1205 silly packumentCache full:https://registry.npmjs.org/@unrs%2fresolver-binding-openharmony-arm64 cache-miss
1206 silly fetch manifest @unrs/resolver-binding-android-arm-eabi@1.12.2
1207 silly packumentCache full:https://registry.npmjs.org/@unrs%2fresolver-binding-android-arm-eabi cache-miss
1208 silly fetch manifest @unrs/resolver-binding-linux-arm-gnueabihf@1.12.2
1209 silly packumentCache full:https://registry.npmjs.org/@unrs%2fresolver-binding-linux-arm-gnueabihf cache-miss
1210 silly fetch manifest @unrs/resolver-binding-linux-arm-musleabihf@1.12.2
1211 silly packumentCache full:https://registry.npmjs.org/@unrs%2fresolver-binding-linux-arm-musleabihf cache-miss
1212 silly fetch manifest @unrs/resolver-binding-win32-ia32-msvc@1.12.2
1213 silly packumentCache full:https://registry.npmjs.org/@unrs%2fresolver-binding-win32-ia32-msvc cache-miss
1214 silly fetch manifest @unrs/resolver-binding-linux-loong64-gnu@1.12.2
1215 silly packumentCache full:https://registry.npmjs.org/@unrs%2fresolver-binding-linux-loong64-gnu cache-miss
1216 silly fetch manifest @unrs/resolver-binding-linux-loong64-musl@1.12.2
1217 silly packumentCache full:https://registry.npmjs.org/@unrs%2fresolver-binding-linux-loong64-musl cache-miss
1218 silly fetch manifest @unrs/resolver-binding-linux-ppc64-gnu@1.12.2
1219 silly packumentCache full:https://registry.npmjs.org/@unrs%2fresolver-binding-linux-ppc64-gnu cache-miss
1220 silly fetch manifest @unrs/resolver-binding-linux-riscv64-gnu@1.12.2
1221 silly packumentCache full:https://registry.npmjs.org/@unrs%2fresolver-binding-linux-riscv64-gnu cache-miss
1222 silly fetch manifest @unrs/resolver-binding-linux-riscv64-musl@1.12.2
1223 silly packumentCache full:https://registry.npmjs.org/@unrs%2fresolver-binding-linux-riscv64-musl cache-miss
1224 silly fetch manifest @unrs/resolver-binding-linux-s390x-gnu@1.12.2
1225 silly packumentCache full:https://registry.npmjs.org/@unrs%2fresolver-binding-linux-s390x-gnu cache-miss
1226 silly fetch manifest @unrs/resolver-binding-wasm32-wasi@1.12.2
1227 silly packumentCache full:https://registry.npmjs.org/@unrs%2fresolver-binding-wasm32-wasi cache-miss
1228 silly fetch manifest @unrs/resolver-binding-darwin-x64@1.12.2
1229 silly packumentCache full:https://registry.npmjs.org/@unrs%2fresolver-binding-darwin-x64 cache-miss
1230 silly fetch manifest @unrs/resolver-binding-win32-x64-msvc@1.12.2
1231 silly packumentCache full:https://registry.npmjs.org/@unrs%2fresolver-binding-win32-x64-msvc cache-miss
1232 silly fetch manifest @unrs/resolver-binding-freebsd-x64@1.12.2
1233 silly packumentCache full:https://registry.npmjs.org/@unrs%2fresolver-binding-freebsd-x64 cache-miss
1234 silly fetch manifest @unrs/resolver-binding-linux-x64-gnu@1.12.2
1235 silly packumentCache full:https://registry.npmjs.org/@unrs%2fresolver-binding-linux-x64-gnu cache-miss
1236 http fetch GET 200 https://registry.npmjs.org/@unrs%2fresolver-binding-openharmony-arm64 299ms (cache miss)
1237 silly packumentCache full:https://registry.npmjs.org/@unrs%2fresolver-binding-openharmony-arm64 set size:undefined disposed:false
1238 silly fetch manifest @unrs/resolver-binding-linux-x64-musl@1.12.2
1239 silly packumentCache full:https://registry.npmjs.org/@unrs%2fresolver-binding-linux-x64-musl cache-miss
1240 http fetch GET 200 https://registry.npmjs.org/@unrs%2fresolver-binding-android-arm-eabi 452ms (cache miss)
1241 silly packumentCache full:https://registry.npmjs.org/@unrs%2fresolver-binding-android-arm-eabi set size:undefined disposed:false
1242 http fetch GET 200 https://registry.npmjs.org/napi-postinstall 454ms (cache miss)
1243 silly packumentCache full:https://registry.npmjs.org/napi-postinstall set size:undefined disposed:false
1244 http fetch GET 200 https://registry.npmjs.org/@unrs%2fresolver-binding-win32-arm64-msvc 455ms (cache miss)
1245 silly packumentCache full:https://registry.npmjs.org/@unrs%2fresolver-binding-win32-arm64-msvc set size:undefined disposed:false
1246 http fetch GET 200 https://registry.npmjs.org/@unrs%2fresolver-binding-linux-loong64-gnu 488ms (cache miss)
1247 silly packumentCache full:https://registry.npmjs.org/@unrs%2fresolver-binding-linux-loong64-gnu set size:undefined disposed:false
1248 http fetch GET 200 https://registry.npmjs.org/@unrs%2fresolver-binding-linux-loong64-musl 498ms (cache miss)
1249 silly packumentCache full:https://registry.npmjs.org/@unrs%2fresolver-binding-linux-loong64-musl set size:undefined disposed:false
1250 http fetch GET 200 https://registry.npmjs.org/@unrs%2fresolver-binding-linux-arm-musleabihf 498ms (cache miss)
1251 silly packumentCache full:https://registry.npmjs.org/@unrs%2fresolver-binding-linux-arm-musleabihf set size:undefined disposed:false
1252 http fetch GET 200 https://registry.npmjs.org/@unrs%2fresolver-binding-linux-arm64-musl 509ms (cache miss)
1253 silly packumentCache full:https://registry.npmjs.org/@unrs%2fresolver-binding-linux-arm64-musl set size:undefined disposed:false
1254 http fetch GET 200 https://registry.npmjs.org/@unrs%2fresolver-binding-darwin-arm64 511ms (cache miss)
1255 silly packumentCache full:https://registry.npmjs.org/@unrs%2fresolver-binding-darwin-arm64 set size:undefined disposed:false
1256 http fetch GET 200 https://registry.npmjs.org/@unrs%2fresolver-binding-linux-riscv64-gnu 648ms (cache miss)
1257 silly packumentCache full:https://registry.npmjs.org/@unrs%2fresolver-binding-linux-riscv64-gnu set size:undefined disposed:false
1258 http fetch GET 200 https://registry.npmjs.org/resolve-pkg-maps 691ms (cache miss)
1259 silly packumentCache full:https://registry.npmjs.org/resolve-pkg-maps set size:undefined disposed:false
1260 http fetch GET 200 https://registry.npmjs.org/@unrs%2fresolver-binding-darwin-x64 734ms (cache miss)
1261 silly packumentCache full:https://registry.npmjs.org/@unrs%2fresolver-binding-darwin-x64 set size:undefined disposed:false
1262 http fetch GET 200 https://registry.npmjs.org/@unrs%2fresolver-binding-linux-ppc64-gnu 806ms (cache miss)
1263 silly packumentCache full:https://registry.npmjs.org/@unrs%2fresolver-binding-linux-ppc64-gnu set size:undefined disposed:false
1264 http fetch GET 200 https://registry.npmjs.org/@unrs%2fresolver-binding-linux-s390x-gnu 810ms (cache miss)
1265 silly packumentCache full:https://registry.npmjs.org/@unrs%2fresolver-binding-linux-s390x-gnu set size:undefined disposed:false
1266 http fetch GET 200 https://registry.npmjs.org/@unrs%2fresolver-binding-linux-riscv64-musl 935ms (cache miss)
1267 silly packumentCache full:https://registry.npmjs.org/@unrs%2fresolver-binding-linux-riscv64-musl set size:undefined disposed:false
1268 http fetch GET 200 https://registry.npmjs.org/@unrs%2fresolver-binding-freebsd-x64 993ms (cache miss)
1269 silly packumentCache full:https://registry.npmjs.org/@unrs%2fresolver-binding-freebsd-x64 set size:undefined disposed:false
1270 http fetch GET 200 https://registry.npmjs.org/@unrs%2fresolver-binding-wasm32-wasi 1032ms (cache miss)
1271 silly packumentCache full:https://registry.npmjs.org/@unrs%2fresolver-binding-wasm32-wasi set size:undefined disposed:false
1272 http fetch GET 200 https://registry.npmjs.org/@unrs%2fresolver-binding-linux-x64-gnu 1105ms (cache miss)
1273 silly packumentCache full:https://registry.npmjs.org/@unrs%2fresolver-binding-linux-x64-gnu set size:undefined disposed:false
1274 http fetch GET 200 https://registry.npmjs.org/@unrs%2fresolver-binding-linux-x64-musl 1009ms (cache miss)
1275 silly packumentCache full:https://registry.npmjs.org/@unrs%2fresolver-binding-linux-x64-musl set size:undefined disposed:false
1276 http fetch GET 200 https://registry.npmjs.org/@unrs%2fresolver-binding-linux-arm-gnueabihf 1533ms (cache miss)
1277 silly packumentCache full:https://registry.npmjs.org/@unrs%2fresolver-binding-linux-arm-gnueabihf set size:undefined disposed:false
1278 http fetch GET 200 https://registry.npmjs.org/@unrs%2fresolver-binding-android-arm64 1535ms (cache miss)
1279 silly packumentCache full:https://registry.npmjs.org/@unrs%2fresolver-binding-android-arm64 set size:undefined disposed:false
1280 http fetch GET 200 https://registry.npmjs.org/@unrs%2fresolver-binding-win32-ia32-msvc 1649ms (cache miss)
1281 silly packumentCache full:https://registry.npmjs.org/@unrs%2fresolver-binding-win32-ia32-msvc set size:undefined disposed:false
1282 http fetch GET 200 https://registry.npmjs.org/@unrs%2fresolver-binding-linux-arm64-gnu 1827ms (cache miss)
1283 silly packumentCache full:https://registry.npmjs.org/@unrs%2fresolver-binding-linux-arm64-gnu set size:undefined disposed:false
1284 http fetch GET 200 https://registry.npmjs.org/@unrs%2fresolver-binding-win32-x64-msvc 2288ms (cache miss)
1285 silly packumentCache full:https://registry.npmjs.org/@unrs%2fresolver-binding-win32-x64-msvc set size:undefined disposed:false
1286 silly placeDep ROOT @rtsao/scc@1.1.0 OK for: eslint-plugin-import@2.32.0 want: ^1.1.0
1287 silly placeDep ROOT array-includes@3.1.9 OK for: eslint-plugin-import@2.32.0 want: ^3.1.9
1288 silly placeDep ROOT array.prototype.findlastindex@1.2.6 OK for: eslint-plugin-import@2.32.0 want: ^1.2.6
1289 silly placeDep ROOT array.prototype.flat@1.3.3 OK for: eslint-plugin-import@2.32.0 want: ^1.3.3
1290 silly placeDep ROOT array.prototype.flatmap@1.3.3 OK for: eslint-plugin-import@2.32.0 want: ^1.3.3
1291 silly placeDep node_modules/eslint-plugin-import debug@3.2.7 OK for: eslint-plugin-import@2.32.0 want: ^3.2.7
1292 silly placeDep ROOT doctrine@2.1.0 OK for: eslint-plugin-import@2.32.0 want: ^2.1.0
1293 silly placeDep ROOT eslint-module-utils@2.14.0 OK for: eslint-plugin-import@2.32.0 want: ^2.12.1
1294 silly placeDep ROOT hasown@2.0.4 OK for: eslint-plugin-import@2.32.0 want: ^2.0.2
1295 silly placeDep ROOT object.fromentries@2.0.8 OK for: eslint-plugin-import@2.32.0 want: ^2.0.8
1296 silly placeDep ROOT object.groupby@1.0.3 OK for: eslint-plugin-import@2.32.0 want: ^1.0.3
1297 silly placeDep ROOT object.values@1.2.1 OK for: eslint-plugin-import@2.32.0 want: ^1.2.1
1298 silly placeDep node_modules/eslint-plugin-import semver@6.3.1 OK for: eslint-plugin-import@2.32.0 want: ^6.3.1
1299 silly placeDep ROOT string.prototype.trimend@1.0.10 OK for: eslint-plugin-import@2.32.0 want: ^1.0.9
1300 silly placeDep ROOT tsconfig-paths@3.15.0 OK for: eslint-plugin-import@2.32.0 want: ^3.15.0
1301 silly fetch manifest call-bind@^1.0.8
1302 silly packumentCache full:https://registry.npmjs.org/call-bind cache-miss
1303 silly fetch manifest call-bound@^1.0.4
1304 silly packumentCache full:https://registry.npmjs.org/call-bound cache-miss
1305 silly fetch manifest define-properties@^1.2.1
1306 silly packumentCache full:https://registry.npmjs.org/define-properties cache-miss
1307 silly fetch manifest es-abstract@^1.24.0
1308 silly packumentCache full:https://registry.npmjs.org/es-abstract cache-miss
1309 silly fetch manifest es-object-atoms@^1.1.1
1310 silly packumentCache full:https://registry.npmjs.org/es-object-atoms cache-miss
1311 silly fetch manifest get-intrinsic@^1.3.0
1312 silly packumentCache full:https://registry.npmjs.org/get-intrinsic cache-miss
1313 silly fetch manifest is-string@^1.1.1
1314 silly packumentCache full:https://registry.npmjs.org/is-string cache-miss
1315 silly fetch manifest math-intrinsics@^1.1.0
1316 silly packumentCache full:https://registry.npmjs.org/math-intrinsics cache-miss
1317 silly fetch manifest call-bind@^1.0.8
1318 silly packumentCache full:https://registry.npmjs.org/call-bind cache-miss
1319 silly fetch manifest call-bound@^1.0.4
1320 silly packumentCache full:https://registry.npmjs.org/call-bound cache-miss
1321 silly fetch manifest define-properties@^1.2.1
1322 silly packumentCache full:https://registry.npmjs.org/define-properties cache-miss
1323 silly fetch manifest es-abstract@^1.23.9
1324 silly packumentCache full:https://registry.npmjs.org/es-abstract cache-miss
1325 silly fetch manifest es-object-atoms@^1.1.1
1326 silly packumentCache full:https://registry.npmjs.org/es-object-atoms cache-miss
1327 silly fetch manifest es-shim-unscopables@^1.1.0
1328 silly packumentCache full:https://registry.npmjs.org/es-shim-unscopables cache-miss
1329 silly fetch manifest call-bind@^1.0.8
1330 silly packumentCache full:https://registry.npmjs.org/call-bind cache-miss
1331 silly fetch manifest define-properties@^1.2.1
1332 silly packumentCache full:https://registry.npmjs.org/define-properties cache-miss
1333 silly fetch manifest es-abstract@^1.23.5
1334 silly packumentCache full:https://registry.npmjs.org/es-abstract cache-miss
1335 silly fetch manifest es-shim-unscopables@^1.0.2
1336 silly packumentCache full:https://registry.npmjs.org/es-shim-unscopables cache-miss
1337 silly fetch manifest call-bind@^1.0.8
1338 silly packumentCache full:https://registry.npmjs.org/call-bind cache-miss
1339 silly fetch manifest define-properties@^1.2.1
1340 silly packumentCache full:https://registry.npmjs.org/define-properties cache-miss
1341 silly fetch manifest es-abstract@^1.23.5
1342 silly packumentCache full:https://registry.npmjs.org/es-abstract cache-miss
1343 silly fetch manifest es-shim-unscopables@^1.0.2
1344 silly packumentCache full:https://registry.npmjs.org/es-shim-unscopables cache-miss
1345 silly fetch manifest function-bind@^1.1.2
1346 silly packumentCache full:https://registry.npmjs.org/function-bind cache-miss
1347 http fetch GET 200 https://registry.npmjs.org/math-intrinsics 256ms (cache miss)
1348 silly packumentCache full:https://registry.npmjs.org/math-intrinsics set size:undefined disposed:false
1349 silly fetch manifest call-bind@^1.0.7
1350 silly packumentCache full:https://registry.npmjs.org/call-bind cache-miss
1351 http fetch GET 200 https://registry.npmjs.org/es-object-atoms 293ms (cache miss)
1352 silly packumentCache full:https://registry.npmjs.org/es-object-atoms set size:undefined disposed:false
1353 silly fetch manifest define-properties@^1.2.1
1354 silly packumentCache full:https://registry.npmjs.org/define-properties cache-miss
1355 http fetch GET 200 https://registry.npmjs.org/call-bind 327ms (cache miss)
1356 silly packumentCache full:https://registry.npmjs.org/call-bind set size:undefined disposed:false
1357 silly fetch manifest es-abstract@^1.23.2
1358 silly packumentCache full:https://registry.npmjs.org/es-abstract cache-miss
1359 http fetch GET 200 https://registry.npmjs.org/call-bound 331ms (cache miss)
1360 silly packumentCache full:https://registry.npmjs.org/call-bound set size:undefined disposed:false
1361 silly fetch manifest es-object-atoms@^1.0.0
1362 silly packumentCache full:https://registry.npmjs.org/es-object-atoms cache-miss
1363 http cache https://registry.npmjs.org/es-object-atoms 4ms (cache hit)
1364 silly packumentCache full:https://registry.npmjs.org/es-object-atoms set size:18278 disposed:false
1365 silly fetch manifest call-bind@^1.0.7
1366 silly packumentCache full:https://registry.npmjs.org/call-bind cache-miss
1367 http cache https://registry.npmjs.org/call-bind 14ms (cache hit)
1368 silly packumentCache full:https://registry.npmjs.org/call-bind set size:32985 disposed:false
1369 silly fetch manifest define-properties@^1.2.1
1370 silly packumentCache full:https://registry.npmjs.org/define-properties cache-miss
1371 http fetch GET 200 https://registry.npmjs.org/is-string 371ms (cache miss)
1372 silly packumentCache full:https://registry.npmjs.org/is-string set size:undefined disposed:false
1373 silly fetch manifest es-abstract@^1.23.2
1374 silly packumentCache full:https://registry.npmjs.org/es-abstract cache-miss
1375 http fetch GET 200 https://registry.npmjs.org/call-bind 452ms (cache miss)
1376 silly packumentCache full:https://registry.npmjs.org/call-bind set size:undefined disposed:false
1377 silly packumentCache full:https://registry.npmjs.org/call-bind dispose
1378 silly fetch manifest call-bound@^1.0.3
1379 silly packumentCache full:https://registry.npmjs.org/call-bound cache-miss
1380 http cache https://registry.npmjs.org/call-bound 3ms (cache hit)
1381 silly packumentCache full:https://registry.npmjs.org/call-bound set size:15317 disposed:false
1382 silly fetch manifest define-properties@^1.2.1
1383 silly packumentCache full:https://registry.npmjs.org/define-properties cache-miss
1384 http fetch GET 200 https://registry.npmjs.org/es-object-atoms 495ms (cache miss)
1385 silly packumentCache full:https://registry.npmjs.org/es-object-atoms set size:undefined disposed:false
1386 silly packumentCache full:https://registry.npmjs.org/es-object-atoms dispose
1387 silly fetch manifest call-bind@^1.0.9
1388 silly packumentCache full:https://registry.npmjs.org/call-bind cache-miss
1389 http fetch GET 200 https://registry.npmjs.org/define-properties 495ms (cache miss)
1390 silly packumentCache full:https://registry.npmjs.org/define-properties set size:undefined disposed:false
1391 silly fetch manifest es-object-atoms@^1.1.2
1392 silly packumentCache full:https://registry.npmjs.org/es-object-atoms cache-miss
1393 http fetch GET 200 https://registry.npmjs.org/get-intrinsic 498ms (cache miss)
1394 silly packumentCache full:https://registry.npmjs.org/get-intrinsic set size:undefined disposed:false
1395 silly fetch manifest json5@^1.0.2
1396 silly packumentCache full:https://registry.npmjs.org/json5 cache-miss
1397 http cache https://registry.npmjs.org/call-bind 7ms (cache hit)
1398 silly packumentCache full:https://registry.npmjs.org/call-bind set size:32985 disposed:true
1399 silly fetch manifest minimist@^1.2.6
1400 silly packumentCache full:https://registry.npmjs.org/minimist cache-miss
1401 http cache https://registry.npmjs.org/es-object-atoms 14ms (cache hit)
1402 silly packumentCache full:https://registry.npmjs.org/es-object-atoms set size:18278 disposed:true
1403 silly fetch manifest strip-bom@^3.0.0
1404 silly packumentCache full:https://registry.npmjs.org/strip-bom cache-miss
1405 http fetch GET 200 https://registry.npmjs.org/define-properties 544ms (cache miss)
1406 silly packumentCache full:https://registry.npmjs.org/define-properties set size:undefined disposed:false
1407 silly fetch manifest @types/json5@^0.0.29
1408 silly packumentCache full:https://registry.npmjs.org/@types%2fjson5 cache-miss
1409 http fetch GET 200 https://registry.npmjs.org/call-bound 582ms (cache miss)
1410 silly packumentCache full:https://registry.npmjs.org/call-bound set size:undefined disposed:false
1411 silly packumentCache full:https://registry.npmjs.org/call-bound dispose
1412 http fetch GET 200 https://registry.npmjs.org/es-shim-unscopables 582ms (cache miss)
1413 silly packumentCache full:https://registry.npmjs.org/es-shim-unscopables set size:undefined disposed:false
1414 http fetch GET 200 https://registry.npmjs.org/call-bind 620ms (cache miss)
1415 silly packumentCache full:https://registry.npmjs.org/call-bind set size:undefined disposed:false
1416 silly packumentCache full:https://registry.npmjs.org/call-bind dispose
1417 http fetch GET 200 https://registry.npmjs.org/es-shim-unscopables 680ms (cache miss)
1418 silly packumentCache full:https://registry.npmjs.org/es-shim-unscopables set size:undefined disposed:false
1419 http fetch GET 200 https://registry.npmjs.org/define-properties 697ms (cache miss)
1420 silly packumentCache full:https://registry.npmjs.org/define-properties set size:undefined disposed:false
1421 http fetch GET 200 https://registry.npmjs.org/define-properties 748ms (cache miss)
1422 silly packumentCache full:https://registry.npmjs.org/define-properties set size:undefined disposed:false
1423 http fetch GET 200 https://registry.npmjs.org/call-bind 493ms (cache miss)
1424 silly packumentCache full:https://registry.npmjs.org/call-bind set size:undefined disposed:true
1425 http fetch GET 200 https://registry.npmjs.org/function-bind 749ms (cache miss)
1426 silly packumentCache full:https://registry.npmjs.org/function-bind set size:undefined disposed:false
1427 http fetch GET 200 https://registry.npmjs.org/es-abstract 757ms (cache miss)
1428 silly packumentCache full:https://registry.npmjs.org/es-abstract set size:undefined disposed:false
1429 http fetch GET 200 https://registry.npmjs.org/es-shim-unscopables 959ms (cache miss)
1430 silly packumentCache full:https://registry.npmjs.org/es-shim-unscopables set size:undefined disposed:false
1431 http fetch GET 200 https://registry.npmjs.org/strip-bom 467ms (cache miss)
1432 silly packumentCache full:https://registry.npmjs.org/strip-bom set size:undefined disposed:false
1433 http fetch GET 200 https://registry.npmjs.org/call-bind 1057ms (cache miss)
1434 silly packumentCache full:https://registry.npmjs.org/call-bind set size:undefined disposed:false
1435 http fetch GET 200 https://registry.npmjs.org/minimist 583ms (cache miss)
1436 silly packumentCache full:https://registry.npmjs.org/minimist set size:undefined disposed:false
1437 http fetch GET 200 https://registry.npmjs.org/define-properties 793ms (cache miss)
1438 silly packumentCache full:https://registry.npmjs.org/define-properties set size:undefined disposed:false
1439 http fetch GET 200 https://registry.npmjs.org/@types%2fjson5 545ms (cache miss)
1440 silly packumentCache full:https://registry.npmjs.org/@types%2fjson5 set size:undefined disposed:false
1441 http fetch GET 200 https://registry.npmjs.org/es-abstract 883ms (cache miss)
1442 silly packumentCache full:https://registry.npmjs.org/es-abstract set size:undefined disposed:false
1443 http fetch GET 200 https://registry.npmjs.org/es-abstract 927ms (cache miss)
1444 silly packumentCache full:https://registry.npmjs.org/es-abstract set size:undefined disposed:false
1445 http fetch GET 200 https://registry.npmjs.org/define-properties 910ms (cache miss)
1446 silly packumentCache full:https://registry.npmjs.org/define-properties set size:undefined disposed:false
1447 http fetch GET 200 https://registry.npmjs.org/define-properties 1144ms (cache miss)
1448 silly packumentCache full:https://registry.npmjs.org/define-properties set size:undefined disposed:false
1449 http fetch GET 200 https://registry.npmjs.org/json5 1353ms (cache miss)
1450 silly packumentCache full:https://registry.npmjs.org/json5 set size:undefined disposed:false
1451 http fetch GET 200 https://registry.npmjs.org/es-abstract 2187ms (cache miss)
1452 silly packumentCache full:https://registry.npmjs.org/es-abstract set size:undefined disposed:false
1453 http fetch GET 200 https://registry.npmjs.org/es-abstract 2190ms (cache miss)
1454 silly packumentCache full:https://registry.npmjs.org/es-abstract set size:undefined disposed:false
1455 http fetch GET 200 https://registry.npmjs.org/es-abstract 5236ms (cache miss)
1456 silly packumentCache full:https://registry.npmjs.org/es-abstract set size:undefined disposed:false
1457 silly placeDep ROOT call-bind@1.0.9 OK for: array-includes@3.1.9 want: ^1.0.8
1458 silly placeDep ROOT call-bound@1.0.4 OK for: array-includes@3.1.9 want: ^1.0.4
1459 silly placeDep ROOT define-properties@1.2.1 OK for: array-includes@3.1.9 want: ^1.2.1
1460 silly placeDep ROOT es-abstract@1.24.2 OK for: array-includes@3.1.9 want: ^1.24.0
1461 silly placeDep ROOT es-object-atoms@1.1.2 OK for: array-includes@3.1.9 want: ^1.1.1
1462 silly placeDep ROOT get-intrinsic@1.3.0 OK for: array-includes@3.1.9 want: ^1.3.0
1463 silly placeDep ROOT is-string@1.1.1 OK for: array-includes@3.1.9 want: ^1.1.1
1464 silly placeDep ROOT math-intrinsics@1.1.0 OK for: array-includes@3.1.9 want: ^1.1.0
1465 silly fetch manifest call-bind-apply-helpers@^1.0.2
1466 silly packumentCache full:https://registry.npmjs.org/call-bind-apply-helpers cache-miss
1467 silly fetch manifest es-define-property@^1.0.1
1468 silly packumentCache full:https://registry.npmjs.org/es-define-property cache-miss
1469 silly fetch manifest set-function-length@^1.2.2
1470 silly packumentCache full:https://registry.npmjs.org/set-function-length cache-miss
1471 silly fetch manifest call-bind-apply-helpers@^1.0.2
1472 silly packumentCache full:https://registry.npmjs.org/call-bind-apply-helpers cache-miss
1473 silly fetch manifest define-data-property@^1.0.1
1474 silly packumentCache full:https://registry.npmjs.org/define-data-property cache-miss
1475 silly fetch manifest has-property-descriptors@^1.0.0
1476 silly packumentCache full:https://registry.npmjs.org/has-property-descriptors cache-miss
1477 silly fetch manifest array-buffer-byte-length@^1.0.2
1478 silly packumentCache full:https://registry.npmjs.org/array-buffer-byte-length cache-miss
1479 silly fetch manifest arraybuffer.prototype.slice@^1.0.4
1480 silly packumentCache full:https://registry.npmjs.org/arraybuffer.prototype.slice cache-miss
1481 silly fetch manifest available-typed-arrays@^1.0.7
1482 silly packumentCache full:https://registry.npmjs.org/available-typed-arrays cache-miss
1483 silly fetch manifest data-view-buffer@^1.0.2
1484 silly packumentCache full:https://registry.npmjs.org/data-view-buffer cache-miss
1485 silly fetch manifest data-view-byte-length@^1.0.2
1486 silly packumentCache full:https://registry.npmjs.org/data-view-byte-length cache-miss
1487 silly fetch manifest data-view-byte-offset@^1.0.1
1488 silly packumentCache full:https://registry.npmjs.org/data-view-byte-offset cache-miss
1489 silly fetch manifest es-define-property@^1.0.1
1490 silly packumentCache full:https://registry.npmjs.org/es-define-property cache-miss
1491 silly fetch manifest es-set-tostringtag@^2.1.0
1492 silly packumentCache full:https://registry.npmjs.org/es-set-tostringtag cache-miss
1493 silly fetch manifest es-to-primitive@^1.3.0
1494 silly packumentCache full:https://registry.npmjs.org/es-to-primitive cache-miss
1495 silly fetch manifest function.prototype.name@^1.1.8
1496 silly packumentCache full:https://registry.npmjs.org/function.prototype.name cache-miss
1497 silly fetch manifest get-proto@^1.0.1
1498 silly packumentCache full:https://registry.npmjs.org/get-proto cache-miss
1499 silly fetch manifest get-symbol-description@^1.1.0
1500 silly packumentCache full:https://registry.npmjs.org/get-symbol-description cache-miss
1501 silly fetch manifest globalthis@^1.0.4
1502 silly packumentCache full:https://registry.npmjs.org/globalthis cache-miss
1503 silly fetch manifest gopd@^1.2.0
1504 silly packumentCache full:https://registry.npmjs.org/gopd cache-miss
1505 silly fetch manifest has-property-descriptors@^1.0.2
1506 silly packumentCache full:https://registry.npmjs.org/has-property-descriptors cache-miss
1507 silly fetch manifest has-proto@^1.2.0
1508 silly packumentCache full:https://registry.npmjs.org/has-proto cache-miss
1509 silly fetch manifest has-symbols@^1.1.0
1510 silly packumentCache full:https://registry.npmjs.org/has-symbols cache-miss
1511 http fetch GET 200 https://registry.npmjs.org/define-data-property 224ms (cache miss)
1512 silly packumentCache full:https://registry.npmjs.org/define-data-property set size:undefined disposed:false
1513 silly fetch manifest internal-slot@^1.1.0
1514 silly packumentCache full:https://registry.npmjs.org/internal-slot cache-miss
1515 http fetch GET 200 https://registry.npmjs.org/data-view-byte-offset 234ms (cache miss)
1516 silly packumentCache full:https://registry.npmjs.org/data-view-byte-offset set size:undefined disposed:false
1517 silly fetch manifest is-array-buffer@^3.0.5
1518 silly packumentCache full:https://registry.npmjs.org/is-array-buffer cache-miss
1519 http fetch GET 200 https://registry.npmjs.org/set-function-length 237ms (cache miss)
1520 silly packumentCache full:https://registry.npmjs.org/set-function-length set size:undefined disposed:false
1521 silly fetch manifest is-callable@^1.2.7
1522 silly packumentCache full:https://registry.npmjs.org/is-callable cache-miss
1523 http fetch GET 200 https://registry.npmjs.org/call-bind-apply-helpers 239ms (cache miss)
1524 silly packumentCache full:https://registry.npmjs.org/call-bind-apply-helpers set size:undefined disposed:false
1525 silly fetch manifest is-data-view@^1.0.2
1526 silly packumentCache full:https://registry.npmjs.org/is-data-view cache-miss
1527 http fetch GET 200 https://registry.npmjs.org/call-bind-apply-helpers 304ms (cache miss)
1528 silly packumentCache full:https://registry.npmjs.org/call-bind-apply-helpers set size:undefined disposed:false
1529 silly fetch manifest is-negative-zero@^2.0.3
1530 silly packumentCache full:https://registry.npmjs.org/is-negative-zero cache-miss
1531 http fetch GET 200 https://registry.npmjs.org/available-typed-arrays 305ms (cache miss)
1532 silly packumentCache full:https://registry.npmjs.org/available-typed-arrays set size:undefined disposed:false
1533 silly fetch manifest is-regex@^1.2.1
1534 silly packumentCache full:https://registry.npmjs.org/is-regex cache-miss
1535 http fetch GET 200 https://registry.npmjs.org/data-view-buffer 345ms (cache miss)
1536 silly packumentCache full:https://registry.npmjs.org/data-view-buffer set size:undefined disposed:false
1537 silly fetch manifest is-set@^2.0.3
1538 silly packumentCache full:https://registry.npmjs.org/is-set cache-miss
1539 http fetch GET 200 https://registry.npmjs.org/has-property-descriptors 443ms (cache miss)
1540 silly packumentCache full:https://registry.npmjs.org/has-property-descriptors set size:undefined disposed:false
1541 silly fetch manifest is-shared-array-buffer@^1.0.4
1542 silly packumentCache full:https://registry.npmjs.org/is-shared-array-buffer cache-miss
1543 http fetch GET 200 https://registry.npmjs.org/get-symbol-description 443ms (cache miss)
1544 silly packumentCache full:https://registry.npmjs.org/get-symbol-description set size:undefined disposed:false
1545 silly fetch manifest is-typed-array@^1.1.15
1546 silly packumentCache full:https://registry.npmjs.org/is-typed-array cache-miss
1547 http fetch GET 200 https://registry.npmjs.org/get-proto 447ms (cache miss)
1548 silly packumentCache full:https://registry.npmjs.org/get-proto set size:undefined disposed:false
1549 silly fetch manifest is-weakref@^1.1.1
1550 silly packumentCache full:https://registry.npmjs.org/is-weakref cache-miss
1551 http fetch GET 200 https://registry.npmjs.org/es-define-property 450ms (cache miss)
1552 silly packumentCache full:https://registry.npmjs.org/es-define-property set size:undefined disposed:false
1553 silly fetch manifest object-inspect@^1.13.4
1554 silly packumentCache full:https://registry.npmjs.org/object-inspect cache-miss
1555 http fetch GET 200 https://registry.npmjs.org/array-buffer-byte-length 523ms (cache miss)
1556 silly packumentCache full:https://registry.npmjs.org/array-buffer-byte-length set size:undefined disposed:false
1557 silly fetch manifest object.assign@^4.1.7
1558 silly packumentCache full:https://registry.npmjs.org/object.assign cache-miss
1559 http fetch GET 200 https://registry.npmjs.org/data-view-byte-length 573ms (cache miss)
1560 silly packumentCache full:https://registry.npmjs.org/data-view-byte-length set size:undefined disposed:false
1561 silly fetch manifest own-keys@^1.0.1
1562 silly packumentCache full:https://registry.npmjs.org/own-keys cache-miss
1563 http fetch GET 200 https://registry.npmjs.org/has-property-descriptors 573ms (cache miss)
1564 silly packumentCache full:https://registry.npmjs.org/has-property-descriptors set size:undefined disposed:false
1565 silly fetch manifest regexp.prototype.flags@^1.5.4
1566 silly packumentCache full:https://registry.npmjs.org/regexp.prototype.flags cache-miss
1567 http fetch GET 200 https://registry.npmjs.org/es-to-primitive 1027ms (cache miss)
1568 silly packumentCache full:https://registry.npmjs.org/es-to-primitive set size:undefined disposed:false
1569 silly fetch manifest safe-array-concat@^1.1.3
1570 silly packumentCache full:https://registry.npmjs.org/safe-array-concat cache-miss
1571 http fetch GET 200 https://registry.npmjs.org/es-set-tostringtag 1035ms (cache miss)
1572 silly packumentCache full:https://registry.npmjs.org/es-set-tostringtag set size:undefined disposed:false
1573 silly fetch manifest safe-push-apply@^1.0.0
1574 silly packumentCache full:https://registry.npmjs.org/safe-push-apply cache-miss
1575 http fetch GET 200 https://registry.npmjs.org/is-array-buffer 805ms (cache miss)
1576 silly packumentCache full:https://registry.npmjs.org/is-array-buffer set size:undefined disposed:false
1577 silly fetch manifest safe-regex-test@^1.1.0
1578 silly packumentCache full:https://registry.npmjs.org/safe-regex-test cache-miss
1579 http fetch GET 200 https://registry.npmjs.org/gopd 1041ms (cache miss)
1580 silly packumentCache full:https://registry.npmjs.org/gopd set size:undefined disposed:false
1581 silly fetch manifest set-proto@^1.0.0
1582 silly packumentCache full:https://registry.npmjs.org/set-proto cache-miss
1583 http fetch GET 200 https://registry.npmjs.org/globalthis 1042ms (cache miss)
1584 silly packumentCache full:https://registry.npmjs.org/globalthis set size:undefined disposed:false
1585 silly fetch manifest stop-iteration-iterator@^1.1.0
1586 silly packumentCache full:https://registry.npmjs.org/stop-iteration-iterator cache-miss
1587 http fetch GET 200 https://registry.npmjs.org/function.prototype.name 1046ms (cache miss)
1588 silly packumentCache full:https://registry.npmjs.org/function.prototype.name set size:undefined disposed:false
1589 silly fetch manifest string.prototype.trim@^1.2.10
1590 silly packumentCache full:https://registry.npmjs.org/string.prototype.trim cache-miss
1591 http cache https://registry.npmjs.org/safe-regex-test 10ms (cache hit)
1592 silly packumentCache full:https://registry.npmjs.org/safe-regex-test set size:17412 disposed:false
1593 silly fetch manifest string.prototype.trimstart@^1.0.8
1594 silly packumentCache full:https://registry.npmjs.org/string.prototype.trimstart cache-miss
1595 http fetch GET 200 https://registry.npmjs.org/es-define-property 1121ms (cache miss)
1596 silly packumentCache full:https://registry.npmjs.org/es-define-property set size:undefined disposed:false
1597 silly fetch manifest typed-array-buffer@^1.0.3
1598 silly packumentCache full:https://registry.npmjs.org/typed-array-buffer cache-miss
1599 http fetch GET 200 https://registry.npmjs.org/is-data-view 884ms (cache miss)
1600 silly packumentCache full:https://registry.npmjs.org/is-data-view set size:undefined disposed:false
1601 silly fetch manifest typed-array-byte-length@^1.0.3
1602 silly packumentCache full:https://registry.npmjs.org/typed-array-byte-length cache-miss
1603 http fetch GET 200 https://registry.npmjs.org/is-regex 820ms (cache miss)
1604 silly packumentCache full:https://registry.npmjs.org/is-regex set size:undefined disposed:false
1605 silly fetch manifest typed-array-byte-offset@^1.0.4
1606 silly packumentCache full:https://registry.npmjs.org/typed-array-byte-offset cache-miss
1607 http fetch GET 200 https://registry.npmjs.org/arraybuffer.prototype.slice 1127ms (cache miss)
1608 silly packumentCache full:https://registry.npmjs.org/arraybuffer.prototype.slice set size:undefined disposed:false
1609 silly fetch manifest typed-array-length@^1.0.7
1610 silly packumentCache full:https://registry.npmjs.org/typed-array-length cache-miss
1611 http fetch GET 200 https://registry.npmjs.org/is-negative-zero 957ms (cache miss)
1612 silly packumentCache full:https://registry.npmjs.org/is-negative-zero set size:undefined disposed:false
1613 silly fetch manifest unbox-primitive@^1.1.0
1614 silly packumentCache full:https://registry.npmjs.org/unbox-primitive cache-miss
1615 http fetch GET 200 https://registry.npmjs.org/is-callable 1078ms (cache miss)
1616 silly packumentCache full:https://registry.npmjs.org/is-callable set size:undefined disposed:false
1617 silly fetch manifest which-typed-array@^1.1.19
1618 silly packumentCache full:https://registry.npmjs.org/which-typed-array cache-miss
1619 http fetch GET 200 https://registry.npmjs.org/internal-slot 1093ms (cache miss)
1620 silly packumentCache full:https://registry.npmjs.org/internal-slot set size:undefined disposed:false
1621 silly fetch manifest has-symbols@^1.1.0
1622 silly packumentCache full:https://registry.npmjs.org/has-symbols cache-miss
1623 http fetch GET 200 https://registry.npmjs.org/safe-push-apply 296ms (cache miss)
1624 silly packumentCache full:https://registry.npmjs.org/safe-push-apply set size:undefined disposed:false
1625 silly fetch manifest has-tostringtag@^1.0.2
1626 silly packumentCache full:https://registry.npmjs.org/has-tostringtag cache-miss
1627 http fetch GET 200 https://registry.npmjs.org/has-symbols 1332ms (cache miss)
1628 silly packumentCache full:https://registry.npmjs.org/has-symbols set size:undefined disposed:false
1629 http fetch GET 200 https://registry.npmjs.org/has-proto 1333ms (cache miss)
1630 silly packumentCache full:https://registry.npmjs.org/has-proto set size:undefined disposed:false
1631 http fetch GET 200 https://registry.npmjs.org/own-keys 823ms (cache miss)
1632 silly packumentCache full:https://registry.npmjs.org/own-keys set size:undefined disposed:false
1633 http fetch GET 200 https://registry.npmjs.org/is-set 1051ms (cache miss)
1634 silly packumentCache full:https://registry.npmjs.org/is-set set size:undefined disposed:false
1635 http fetch GET 200 https://registry.npmjs.org/is-typed-array 952ms (cache miss)
1636 silly packumentCache full:https://registry.npmjs.org/is-typed-array set size:undefined disposed:false
1637 http fetch GET 200 https://registry.npmjs.org/regexp.prototype.flags 967ms (cache miss)
1638 silly packumentCache full:https://registry.npmjs.org/regexp.prototype.flags set size:undefined disposed:false
1639 http fetch GET 200 https://registry.npmjs.org/is-weakref 1209ms (cache miss)
1640 silly packumentCache full:https://registry.npmjs.org/is-weakref set size:undefined disposed:false
1641 http fetch GET 200 https://registry.npmjs.org/safe-array-concat 629ms (cache miss)
1642 silly packumentCache full:https://registry.npmjs.org/safe-array-concat set size:undefined disposed:false
1643 http fetch GET 200 https://registry.npmjs.org/typed-array-byte-length 552ms (cache miss)
1644 silly packumentCache full:https://registry.npmjs.org/typed-array-byte-length set size:undefined disposed:false
1645 http fetch GET 200 https://registry.npmjs.org/stop-iteration-iterator 634ms (cache miss)
1646 silly packumentCache full:https://registry.npmjs.org/stop-iteration-iterator set size:undefined disposed:false
1647 http fetch GET 200 https://registry.npmjs.org/set-proto 719ms (cache miss)
1648 silly packumentCache full:https://registry.npmjs.org/set-proto set size:undefined disposed:false
1649 http fetch GET 200 https://registry.npmjs.org/typed-array-byte-offset 764ms (cache miss)
1650 silly packumentCache full:https://registry.npmjs.org/typed-array-byte-offset set size:undefined disposed:false
1651 http fetch GET 200 https://registry.npmjs.org/string.prototype.trim 856ms (cache miss)
1652 silly packumentCache full:https://registry.npmjs.org/string.prototype.trim set size:undefined disposed:false
1653 http fetch GET 200 https://registry.npmjs.org/unbox-primitive 678ms (cache miss)
1654 silly packumentCache full:https://registry.npmjs.org/unbox-primitive set size:undefined disposed:false
1655 http fetch GET 200 https://registry.npmjs.org/has-tostringtag 777ms (cache miss)
1656 silly packumentCache full:https://registry.npmjs.org/has-tostringtag set size:undefined disposed:false
1657 http fetch GET 200 https://registry.npmjs.org/typed-array-length 1055ms (cache miss)
1658 silly packumentCache full:https://registry.npmjs.org/typed-array-length set size:undefined disposed:false
1659 http fetch GET 200 https://registry.npmjs.org/which-typed-array 910ms (cache miss)
1660 silly packumentCache full:https://registry.npmjs.org/which-typed-array set size:undefined disposed:false
1661 http fetch GET 200 https://registry.npmjs.org/typed-array-buffer 1647ms (cache miss)
1662 silly packumentCache full:https://registry.npmjs.org/typed-array-buffer set size:undefined disposed:false
1663 http fetch GET 200 https://registry.npmjs.org/is-shared-array-buffer 2333ms (cache miss)
1664 silly packumentCache full:https://registry.npmjs.org/is-shared-array-buffer set size:undefined disposed:false
1665 http fetch GET 200 https://registry.npmjs.org/has-symbols 1471ms (cache miss)
1666 silly packumentCache full:https://registry.npmjs.org/has-symbols set size:undefined disposed:false
1667 http fetch GET 200 https://registry.npmjs.org/string.prototype.trimstart 1946ms (cache miss)
1668 silly packumentCache full:https://registry.npmjs.org/string.prototype.trimstart set size:undefined disposed:false
1669 http fetch GET 200 https://registry.npmjs.org/object-inspect 2923ms (cache miss)
1670 silly packumentCache full:https://registry.npmjs.org/object-inspect set size:undefined disposed:false
1671 http fetch GET 200 https://registry.npmjs.org/object.assign 2853ms (cache miss)
1672 silly packumentCache full:https://registry.npmjs.org/object.assign set size:undefined disposed:false
1673 silly placeDep ROOT es-errors@1.3.0 OK for: array.prototype.findlastindex@1.2.6 want: ^1.3.0
1674 silly placeDep ROOT es-shim-unscopables@1.1.0 OK for: array.prototype.findlastindex@1.2.6 want: ^1.1.0
1675 silly placeDep ROOT call-bind-apply-helpers@1.0.2 OK for: call-bind@1.0.9 want: ^1.0.2
1676 silly placeDep ROOT es-define-property@1.0.1 OK for: call-bind@1.0.9 want: ^1.0.1
1677 silly placeDep ROOT set-function-length@1.2.2 OK for: call-bind@1.0.9 want: ^1.2.2
1678 silly fetch manifest define-data-property@^1.1.4
1679 silly packumentCache full:https://registry.npmjs.org/define-data-property cache-miss
1680 silly fetch manifest gopd@^1.0.1
1681 silly packumentCache full:https://registry.npmjs.org/gopd cache-miss
1682 http cache https://registry.npmjs.org/define-data-property 4ms (cache hit)
1683 silly packumentCache full:https://registry.npmjs.org/define-data-property set size:28048 disposed:false
1684 http cache https://registry.npmjs.org/gopd 5ms (cache hit)
1685 silly packumentCache full:https://registry.npmjs.org/gopd set size:11483 disposed:false
1686 silly placeDep ROOT function-bind@1.1.2 OK for: call-bind-apply-helpers@1.0.2 want: ^1.1.2
1687 silly placeDep ROOT define-data-property@1.1.4 OK for: define-properties@1.2.1 want: ^1.0.1
1688 silly placeDep ROOT has-property-descriptors@1.0.2 OK for: define-properties@1.2.1 want: ^1.0.0
1689 silly placeDep ROOT object-keys@1.1.1 OK for: define-properties@1.2.1 want: ^1.1.1
1690 silly placeDep ROOT gopd@1.2.0 OK for: define-data-property@1.1.4 want: ^1.0.1
1691 silly placeDep ROOT array-buffer-byte-length@1.0.2 OK for: es-abstract@1.24.2 want: ^1.0.2
1692 silly placeDep ROOT arraybuffer.prototype.slice@1.0.4 OK for: es-abstract@1.24.2 want: ^1.0.4
1693 silly placeDep ROOT available-typed-arrays@1.0.7 OK for: es-abstract@1.24.2 want: ^1.0.7
1694 silly placeDep ROOT data-view-buffer@1.0.2 OK for: es-abstract@1.24.2 want: ^1.0.2
1695 silly placeDep ROOT data-view-byte-length@1.0.2 OK for: es-abstract@1.24.2 want: ^1.0.2
1696 silly placeDep ROOT data-view-byte-offset@1.0.1 OK for: es-abstract@1.24.2 want: ^1.0.1
1697 silly placeDep ROOT es-set-tostringtag@2.1.0 OK for: es-abstract@1.24.2 want: ^2.1.0
1698 silly placeDep ROOT es-to-primitive@1.3.4 OK for: es-abstract@1.24.2 want: ^1.3.0
1699 silly placeDep ROOT function.prototype.name@1.2.0 OK for: es-abstract@1.24.2 want: ^1.1.8
1700 silly placeDep ROOT get-proto@1.0.1 OK for: es-abstract@1.24.2 want: ^1.0.1
1701 silly placeDep ROOT get-symbol-description@1.1.0 OK for: es-abstract@1.24.2 want: ^1.1.0
1702 silly placeDep ROOT globalthis@1.0.4 OK for: es-abstract@1.24.2 want: ^1.0.4
1703 silly placeDep ROOT has-proto@1.2.0 OK for: es-abstract@1.24.2 want: ^1.2.0
1704 silly placeDep ROOT has-symbols@1.1.0 OK for: es-abstract@1.24.2 want: ^1.1.0
1705 silly placeDep ROOT internal-slot@1.1.0 OK for: es-abstract@1.24.2 want: ^1.1.0
1706 silly placeDep ROOT is-array-buffer@3.0.5 OK for: es-abstract@1.24.2 want: ^3.0.5
1707 silly placeDep ROOT is-callable@1.2.7 OK for: es-abstract@1.24.2 want: ^1.2.7
1708 silly placeDep ROOT is-data-view@1.0.2 OK for: es-abstract@1.24.2 want: ^1.0.2
1709 silly placeDep ROOT is-negative-zero@2.0.3 OK for: es-abstract@1.24.2 want: ^2.0.3
1710 silly placeDep ROOT is-regex@1.2.1 OK for: es-abstract@1.24.2 want: ^1.2.1
1711 silly placeDep ROOT is-set@2.0.3 OK for: es-abstract@1.24.2 want: ^2.0.3
1712 silly placeDep ROOT is-shared-array-buffer@1.0.4 OK for: es-abstract@1.24.2 want: ^1.0.4
1713 silly placeDep ROOT is-typed-array@1.1.15 OK for: es-abstract@1.24.2 want: ^1.1.15
1714 silly placeDep ROOT is-weakref@1.1.1 OK for: es-abstract@1.24.2 want: ^1.1.1
1715 silly placeDep ROOT object-inspect@1.13.4 OK for: es-abstract@1.24.2 want: ^1.13.4
1716 silly placeDep ROOT object.assign@4.1.7 OK for: es-abstract@1.24.2 want: ^4.1.7
1717 silly placeDep ROOT own-keys@1.0.1 OK for: es-abstract@1.24.2 want: ^1.0.1
1718 silly placeDep ROOT regexp.prototype.flags@1.5.4 OK for: es-abstract@1.24.2 want: ^1.5.4
1719 silly placeDep ROOT safe-array-concat@1.1.4 OK for: es-abstract@1.24.2 want: ^1.1.3
1720 silly placeDep ROOT safe-push-apply@1.0.0 OK for: es-abstract@1.24.2 want: ^1.0.0
1721 silly placeDep ROOT safe-regex-test@1.1.0 OK for: es-abstract@1.24.2 want: ^1.1.0
1722 silly placeDep ROOT set-proto@1.0.0 OK for: es-abstract@1.24.2 want: ^1.0.0
1723 silly placeDep ROOT stop-iteration-iterator@1.1.0 OK for: es-abstract@1.24.2 want: ^1.1.0
1724 silly placeDep ROOT string.prototype.trim@1.2.11 OK for: es-abstract@1.24.2 want: ^1.2.10
1725 silly placeDep ROOT string.prototype.trimstart@1.0.8 OK for: es-abstract@1.24.2 want: ^1.0.8
1726 silly placeDep ROOT typed-array-buffer@1.0.3 OK for: es-abstract@1.24.2 want: ^1.0.3
1727 silly placeDep ROOT typed-array-byte-length@1.0.3 OK for: es-abstract@1.24.2 want: ^1.0.3
1728 silly placeDep ROOT typed-array-byte-offset@1.0.4 OK for: es-abstract@1.24.2 want: ^1.0.4
1729 silly placeDep ROOT typed-array-length@1.0.8 OK for: es-abstract@1.24.2 want: ^1.0.7
1730 silly placeDep ROOT unbox-primitive@1.1.0 OK for: es-abstract@1.24.2 want: ^1.1.0
1731 silly placeDep ROOT which-typed-array@1.1.22 OK for: es-abstract@1.24.2 want: ^1.1.19
1732 silly fetch manifest is-array-buffer@^3.0.4
1733 silly packumentCache full:https://registry.npmjs.org/is-array-buffer cache-miss
1734 silly fetch manifest possible-typed-array-names@^1.0.0
1735 silly packumentCache full:https://registry.npmjs.org/possible-typed-array-names cache-miss
1736 silly fetch manifest is-data-view@^1.0.1
1737 silly packumentCache full:https://registry.npmjs.org/is-data-view cache-miss
1738 silly fetch manifest is-symbol@^1.1.1
1739 silly packumentCache full:https://registry.npmjs.org/is-symbol cache-miss
1740 silly fetch manifest is-date-object@^1.1.0
1741 silly packumentCache full:https://registry.npmjs.org/is-date-object cache-miss
1742 silly fetch manifest es-abstract-get@^1.0.0
1743 silly packumentCache full:https://registry.npmjs.org/es-abstract-get cache-miss
1744 silly fetch manifest is-document.all@^1.0.0
1745 silly packumentCache full:https://registry.npmjs.org/is-document.all cache-miss
1746 silly fetch manifest functions-have-names@^1.2.3
1747 silly packumentCache full:https://registry.npmjs.org/functions-have-names cache-miss
1748 silly fetch manifest dunder-proto@^1.0.1
1749 silly packumentCache full:https://registry.npmjs.org/dunder-proto cache-miss
1750 silly fetch manifest dunder-proto@^1.0.0
1751 silly packumentCache full:https://registry.npmjs.org/dunder-proto cache-miss
1752 silly fetch manifest side-channel@^1.1.0
1753 silly packumentCache full:https://registry.npmjs.org/side-channel cache-miss
1754 silly fetch manifest is-typed-array@^1.1.13
1755 silly packumentCache full:https://registry.npmjs.org/is-typed-array cache-miss
1756 silly fetch manifest which-typed-array@^1.1.16
1757 silly packumentCache full:https://registry.npmjs.org/which-typed-array cache-miss
1758 silly fetch manifest set-function-name@^2.0.2
1759 silly packumentCache full:https://registry.npmjs.org/set-function-name cache-miss
1760 silly fetch manifest isarray@^2.0.5
1761 silly packumentCache full:https://registry.npmjs.org/isarray cache-miss
1762 silly fetch manifest isarray@^2.0.5
1763 silly packumentCache full:https://registry.npmjs.org/isarray cache-miss
1764 silly fetch manifest dunder-proto@^1.0.1
1765 silly packumentCache full:https://registry.npmjs.org/dunder-proto cache-miss
1766 silly fetch manifest for-each@^0.3.3
1767 silly packumentCache full:https://registry.npmjs.org/for-each cache-miss
1768 silly fetch manifest for-each@^0.3.3
1769 silly packumentCache full:https://registry.npmjs.org/for-each cache-miss
1770 silly fetch manifest reflect.getprototypeof@^1.0.9
1771 silly packumentCache full:https://registry.npmjs.org/reflect.getprototypeof cache-miss
1772 silly fetch manifest for-each@^0.3.5
1773 silly packumentCache full:https://registry.npmjs.org/for-each cache-miss
1774 silly fetch manifest possible-typed-array-names@^1.1.0
1775 silly packumentCache full:https://registry.npmjs.org/possible-typed-array-names cache-miss
1776 silly fetch manifest reflect.getprototypeof@^1.0.10
1777 silly packumentCache full:https://registry.npmjs.org/reflect.getprototypeof cache-miss
1778 http cache https://registry.npmjs.org/is-array-buffer 23ms (cache hit)
1779 silly packumentCache full:https://registry.npmjs.org/is-array-buffer set size:33562 disposed:false
1780 silly fetch manifest has-bigints@^1.0.2
1781 silly packumentCache full:https://registry.npmjs.org/has-bigints cache-miss
1782 http cache https://registry.npmjs.org/is-data-view 23ms (cache hit)
1783 silly packumentCache full:https://registry.npmjs.org/is-data-view set size:13756 disposed:false
1784 silly fetch manifest which-boxed-primitive@^1.1.1
1785 silly packumentCache full:https://registry.npmjs.org/which-boxed-primitive cache-miss
1786 http cache https://registry.npmjs.org/which-typed-array 22ms (cache hit)
1787 silly packumentCache full:https://registry.npmjs.org/which-typed-array set size:101551 disposed:false
1788 silly fetch manifest for-each@^0.3.5
1789 silly packumentCache full:https://registry.npmjs.org/for-each cache-miss
1790 http cache https://registry.npmjs.org/is-typed-array 24ms (cache hit)
1791 silly packumentCache full:https://registry.npmjs.org/is-typed-array set size:79965 disposed:false
1792 http fetch GET 200 https://registry.npmjs.org/possible-typed-array-names 231ms (cache miss)
1793 silly packumentCache full:https://registry.npmjs.org/possible-typed-array-names set size:undefined disposed:false
1794 http fetch GET 200 https://registry.npmjs.org/is-document.all 229ms (cache miss)
1795 silly packumentCache full:https://registry.npmjs.org/is-document.all set size:undefined disposed:false
1796 http fetch GET 200 https://registry.npmjs.org/es-abstract-get 700ms (cache miss)
1797 silly packumentCache full:https://registry.npmjs.org/es-abstract-get set size:undefined disposed:false
1798 http fetch GET 200 https://registry.npmjs.org/functions-have-names 701ms (cache miss)
1799 silly packumentCache full:https://registry.npmjs.org/functions-have-names set size:undefined disposed:false
1800 http fetch GET 200 https://registry.npmjs.org/set-function-name 789ms (cache miss)
1801 silly packumentCache full:https://registry.npmjs.org/set-function-name set size:undefined disposed:false
1802 http fetch GET 200 https://registry.npmjs.org/for-each 787ms (cache miss)
1803 silly packumentCache full:https://registry.npmjs.org/for-each set size:undefined disposed:false
1804 http fetch GET 200 https://registry.npmjs.org/reflect.getprototypeof 788ms (cache miss)
1805 silly packumentCache full:https://registry.npmjs.org/reflect.getprototypeof set size:undefined disposed:false
1806 http fetch GET 200 https://registry.npmjs.org/is-symbol 803ms (cache miss)
1807 silly packumentCache full:https://registry.npmjs.org/is-symbol set size:undefined disposed:false
1808 http fetch GET 200 https://registry.npmjs.org/for-each 831ms (cache miss)
1809 silly packumentCache full:https://registry.npmjs.org/for-each set size:undefined disposed:false
1810 http fetch GET 200 https://registry.npmjs.org/dunder-proto 834ms (cache miss)
1811 silly packumentCache full:https://registry.npmjs.org/dunder-proto set size:undefined disposed:false
1812 http fetch GET 200 https://registry.npmjs.org/dunder-proto 874ms (cache miss)
1813 silly packumentCache full:https://registry.npmjs.org/dunder-proto set size:undefined disposed:false
1814 http fetch GET 200 https://registry.npmjs.org/isarray 871ms (cache miss)
1815 silly packumentCache full:https://registry.npmjs.org/isarray set size:undefined disposed:false
1816 http fetch GET 200 https://registry.npmjs.org/is-date-object 880ms (cache miss)
1817 silly packumentCache full:https://registry.npmjs.org/is-date-object set size:undefined disposed:false
1818 http fetch GET 200 https://registry.npmjs.org/isarray 1144ms (cache miss)
1819 silly packumentCache full:https://registry.npmjs.org/isarray set size:undefined disposed:false
1820 http fetch GET 200 https://registry.npmjs.org/reflect.getprototypeof 1248ms (cache miss)
1821 silly packumentCache full:https://registry.npmjs.org/reflect.getprototypeof set size:undefined disposed:false
1822 http fetch GET 200 https://registry.npmjs.org/dunder-proto 1254ms (cache miss)
1823 silly packumentCache full:https://registry.npmjs.org/dunder-proto set size:undefined disposed:false
1824 http fetch GET 200 https://registry.npmjs.org/side-channel 1256ms (cache miss)
1825 silly packumentCache full:https://registry.npmjs.org/side-channel set size:undefined disposed:false
1826 http fetch GET 200 https://registry.npmjs.org/possible-typed-array-names 2432ms (cache miss)
1827 silly packumentCache full:https://registry.npmjs.org/possible-typed-array-names set size:undefined disposed:false
1828 http fetch GET 200 https://registry.npmjs.org/has-bigints 2419ms (cache miss)
1829 silly packumentCache full:https://registry.npmjs.org/has-bigints set size:undefined disposed:false
1830 http fetch GET 200 https://registry.npmjs.org/for-each 2462ms (cache miss)
1831 silly packumentCache full:https://registry.npmjs.org/for-each set size:undefined disposed:false
1832 http fetch GET 200 https://registry.npmjs.org/which-boxed-primitive 2468ms (cache miss)
1833 silly packumentCache full:https://registry.npmjs.org/which-boxed-primitive set size:undefined disposed:false
1834 http fetch GET 200 https://registry.npmjs.org/for-each 4027ms (cache miss)
1835 silly packumentCache full:https://registry.npmjs.org/for-each set size:undefined disposed:false
1836 silly placeDep ROOT possible-typed-array-names@1.1.0 OK for: available-typed-arrays@1.0.7 want: ^1.0.0
1837 silly placeDep ROOT has-tostringtag@1.0.2 OK for: es-set-tostringtag@2.1.0 want: ^1.0.2
1838 silly placeDep ROOT es-abstract-get@1.0.0 OK for: es-to-primitive@1.3.4 want: ^1.0.0
1839 silly placeDep ROOT is-date-object@1.1.0 OK for: es-to-primitive@1.3.4 want: ^1.1.0
1840 silly placeDep ROOT is-symbol@1.1.1 OK for: es-to-primitive@1.3.4 want: ^1.1.1
1841 silly placeDep node_modules/eslint-module-utils debug@3.2.7 OK for: eslint-module-utils@2.14.0 want: ^3.2.7
1842 silly placeDep ROOT aria-query@5.3.2 OK for: eslint-plugin-jsx-a11y@6.10.2 want: ^5.3.2
1843 silly placeDep ROOT ast-types-flow@0.0.8 OK for: eslint-plugin-jsx-a11y@6.10.2 want: ^0.0.8
1844 silly placeDep ROOT axe-core@4.12.1 OK for: eslint-plugin-jsx-a11y@6.10.2 want: ^4.10.0
1845 silly placeDep ROOT axobject-query@4.1.0 OK for: eslint-plugin-jsx-a11y@6.10.2 want: ^4.1.0
1846 silly placeDep ROOT damerau-levenshtein@1.0.8 OK for: eslint-plugin-jsx-a11y@6.10.2 want: ^1.0.8
1847 silly placeDep ROOT emoji-regex@9.2.2 OK for: eslint-plugin-jsx-a11y@6.10.2 want: ^9.2.2
1848 silly placeDep ROOT jsx-ast-utils@3.3.5 OK for: eslint-plugin-jsx-a11y@6.10.2 want: ^3.3.5
1849 silly placeDep ROOT language-tags@1.0.9 OK for: eslint-plugin-jsx-a11y@6.10.2 want: ^1.0.9
1850 silly placeDep ROOT string.prototype.includes@2.0.1 OK for: eslint-plugin-jsx-a11y@6.10.2 want: ^2.0.1
1851 silly fetch manifest language-subtag-registry@^0.3.20
1852 silly packumentCache full:https://registry.npmjs.org/language-subtag-registry cache-miss
1853 http fetch GET 200 https://registry.npmjs.org/language-subtag-registry 785ms (cache miss)
1854 silly packumentCache full:https://registry.npmjs.org/language-subtag-registry set size:undefined disposed:false
1855 silly placeDep ROOT array.prototype.findlast@1.2.5 OK for: eslint-plugin-react@7.37.5 want: ^1.2.5
1856 silly placeDep ROOT array.prototype.tosorted@1.1.4 OK for: eslint-plugin-react@7.37.5 want: ^1.1.4
1857 silly placeDep ROOT es-iterator-helpers@1.4.0 OK for: eslint-plugin-react@7.37.5 want: ^1.2.1
1858 silly placeDep ROOT estraverse@5.3.0 OK for: eslint-plugin-react@7.37.5 want: ^5.3.0
1859 silly placeDep ROOT object.entries@1.1.9 OK for: eslint-plugin-react@7.37.5 want: ^1.1.9
1860 silly placeDep ROOT prop-types@15.8.1 OK for: eslint-plugin-react@7.37.5 want: ^15.8.1
1861 silly placeDep node_modules/eslint-plugin-react semver@6.3.1 OK for: eslint-plugin-react@7.37.5 want: ^6.3.1
1862 silly placeDep ROOT string.prototype.matchall@4.0.12 OK for: eslint-plugin-react@7.37.5 want: ^4.0.12
1863 silly placeDep ROOT string.prototype.repeat@1.0.0 OK for: eslint-plugin-react@7.37.5 want: ^1.0.0
1864 silly fetch manifest iterator.prototype@^1.1.5
1865 silly packumentCache full:https://registry.npmjs.org/iterator.prototype cache-miss
1866 silly fetch manifest loose-envify@^1.4.0
1867 silly packumentCache full:https://registry.npmjs.org/loose-envify cache-miss
1868 silly fetch manifest object-assign@^4.1.1
1869 silly packumentCache full:https://registry.npmjs.org/object-assign cache-miss
1870 silly fetch manifest react-is@^16.13.1
1871 silly packumentCache full:https://registry.npmjs.org/react-is cache-miss
1872 http fetch GET 200 https://registry.npmjs.org/loose-envify 724ms (cache miss)
1873 silly packumentCache full:https://registry.npmjs.org/loose-envify set size:undefined disposed:false
1874 http fetch GET 200 https://registry.npmjs.org/iterator.prototype 794ms (cache miss)
1875 silly packumentCache full:https://registry.npmjs.org/iterator.prototype set size:undefined disposed:false
1876 http fetch GET 200 https://registry.npmjs.org/object-assign 2037ms (cache miss)
1877 silly packumentCache full:https://registry.npmjs.org/object-assign set size:undefined disposed:false
1878 http fetch GET 200 https://registry.npmjs.org/react-is 38608ms (cache miss)
1879 silly packumentCache full:https://registry.npmjs.org/react-is set size:undefined disposed:false
1880 silly placeDep ROOT iterator.prototype@1.1.5 OK for: es-iterator-helpers@1.4.0 want: ^1.1.5
1881 silly placeDep ROOT esrecurse@4.3.0 OK for: eslint-scope@8.4.0 want: ^4.3.0
1882 silly placeDep ROOT acorn@8.17.0 OK for: espree@10.4.0 want: ^8.15.0
1883 silly placeDep ROOT acorn-jsx@5.3.2 OK for: espree@10.4.0 want: ^5.3.2
1884 silly placeDep ROOT @nodelib/fs.stat@2.0.5 OK for: fast-glob@3.3.1 want: ^2.0.2
1885 silly placeDep ROOT @nodelib/fs.walk@1.2.8 OK for: fast-glob@3.3.1 want: ^1.2.3
1886 silly placeDep node_modules/fast-glob glob-parent@5.1.2 OK for: fast-glob@3.3.1 want: ^5.1.2
1887 silly placeDep ROOT merge2@1.4.1 OK for: fast-glob@3.3.1 want: ^1.3.0
1888 silly placeDep ROOT micromatch@4.0.8 OK for: fast-glob@3.3.1 want: ^4.0.4
1889 silly fetch manifest fastq@^1.6.0
1890 silly packumentCache full:https://registry.npmjs.org/fastq cache-miss
1891 silly fetch manifest @nodelib/fs.scandir@2.1.5
1892 silly packumentCache full:https://registry.npmjs.org/@nodelib%2ffs.scandir cache-miss
1893 silly fetch manifest braces@^3.0.3
1894 silly packumentCache full:https://registry.npmjs.org/braces cache-miss
1895 silly fetch manifest picomatch@^2.3.1
1896 silly packumentCache full:https://registry.npmjs.org/picomatch cache-miss
1897 http cache https://registry.npmjs.org/picomatch 10ms (cache hit)
1898 silly packumentCache full:https://registry.npmjs.org/picomatch set size:128942 disposed:false
1899 http fetch GET 200 https://registry.npmjs.org/braces 678ms (cache miss)
1900 silly packumentCache full:https://registry.npmjs.org/braces set size:undefined disposed:false
1901 http fetch GET 200 https://registry.npmjs.org/@nodelib%2ffs.scandir 2210ms (cache miss)
1902 silly packumentCache full:https://registry.npmjs.org/@nodelib%2ffs.scandir set size:undefined disposed:false
1903 http fetch GET 200 https://registry.npmjs.org/fastq 7805ms (cache miss)
1904 silly packumentCache full:https://registry.npmjs.org/fastq set size:undefined disposed:false
1905 silly placeDep ROOT @nodelib/fs.scandir@2.1.5 OK for: @nodelib/fs.walk@1.2.8 want: 2.1.5
1906 silly placeDep ROOT fastq@1.20.1 OK for: @nodelib/fs.walk@1.2.8 want: ^1.6.0
1907 silly fetch manifest run-parallel@^1.1.9
1908 silly packumentCache full:https://registry.npmjs.org/run-parallel cache-miss
1909 silly fetch manifest reusify@^1.0.4
1910 silly packumentCache full:https://registry.npmjs.org/reusify cache-miss
1911 http fetch GET 200 https://registry.npmjs.org/reusify 662ms (cache miss)
1912 silly packumentCache full:https://registry.npmjs.org/reusify set size:undefined disposed:false
1913 http fetch GET 200 https://registry.npmjs.org/run-parallel 1918ms (cache miss)
1914 silly packumentCache full:https://registry.npmjs.org/run-parallel set size:undefined disposed:false
1915 silly placeDep ROOT run-parallel@1.2.0 OK for: @nodelib/fs.scandir@2.1.5 want: ^1.1.9
1916 silly fetch manifest queue-microtask@^1.2.2
1917 silly packumentCache full:https://registry.npmjs.org/queue-microtask cache-miss
1918 http fetch GET 200 https://registry.npmjs.org/queue-microtask 1431ms (cache miss)
1919 silly packumentCache full:https://registry.npmjs.org/queue-microtask set size:undefined disposed:false
1920 silly placeDep ROOT reusify@1.1.0 OK for: fastq@1.20.1 want: ^1.0.4
1921 silly placeDep ROOT flat-cache@4.0.1 OK for: file-entry-cache@8.0.0 want: ^4.0.0
1922 silly fetch manifest keyv@^4.5.4
1923 silly packumentCache full:https://registry.npmjs.org/keyv cache-miss
1924 silly fetch manifest flatted@^3.2.9
1925 silly packumentCache full:https://registry.npmjs.org/flatted cache-miss
1926 http fetch GET 200 https://registry.npmjs.org/flatted 1074ms (cache miss)
1927 silly packumentCache full:https://registry.npmjs.org/flatted set size:undefined disposed:false
1928 http fetch GET 200 https://registry.npmjs.org/keyv 8377ms (cache miss)
1929 silly packumentCache full:https://registry.npmjs.org/keyv set size:undefined disposed:false
1930 silly placeDep ROOT locate-path@6.0.0 OK for: find-up@5.0.0 want: ^6.0.0
1931 silly placeDep ROOT path-exists@4.0.0 OK for: find-up@5.0.0 want: ^4.0.0
1932 silly fetch manifest p-locate@^5.0.0
1933 silly packumentCache full:https://registry.npmjs.org/p-locate cache-miss
1934 http fetch GET 200 https://registry.npmjs.org/p-locate 1238ms (cache miss)
1935 silly packumentCache full:https://registry.npmjs.org/p-locate set size:undefined disposed:false
1936 silly placeDep ROOT flatted@3.4.2 OK for: flat-cache@4.0.1 want: ^3.2.9
1937 silly placeDep ROOT keyv@4.5.4 OK for: flat-cache@4.0.1 want: ^4.5.4
1938 silly fetch manifest json-buffer@3.0.1
1939 silly packumentCache full:https://registry.npmjs.org/json-buffer cache-miss
1940 http fetch GET 200 https://registry.npmjs.org/json-buffer 787ms (cache miss)
1941 silly packumentCache full:https://registry.npmjs.org/json-buffer set size:undefined disposed:false
1942 silly placeDep ROOT functions-have-names@1.2.3 OK for: function.prototype.name@1.2.0 want: ^1.2.3
1943 silly placeDep ROOT is-document.all@1.0.0 OK for: function.prototype.name@1.2.0 want: ^1.0.0
1944 silly placeDep ROOT dunder-proto@1.0.1 OK for: get-proto@1.0.1 want: ^1.0.1
1945 silly placeDep ROOT resolve-pkg-maps@1.0.0 OK for: get-tsconfig@4.14.0 want: ^1.0.0
1946 silly placeDep ROOT parent-module@1.0.1 OK for: import-fresh@3.3.1 want: ^1.0.0
1947 silly placeDep ROOT resolve-from@4.0.0 OK for: import-fresh@3.3.1 want: ^4.0.0
1948 silly fetch manifest callsites@^3.0.0
1949 silly packumentCache full:https://registry.npmjs.org/callsites cache-miss
1950 http fetch GET 200 https://registry.npmjs.org/callsites 484ms (cache miss)
1951 silly packumentCache full:https://registry.npmjs.org/callsites set size:undefined disposed:false
1952 silly placeDep ROOT side-channel@1.1.1 OK for: internal-slot@1.1.0 want: ^1.1.0
1953 silly fetch manifest side-channel-list@^1.0.1
1954 silly packumentCache full:https://registry.npmjs.org/side-channel-list cache-miss
1955 silly fetch manifest side-channel-map@^1.0.1
1956 silly packumentCache full:https://registry.npmjs.org/side-channel-map cache-miss
1957 silly fetch manifest side-channel-weakmap@^1.0.2
1958 silly packumentCache full:https://registry.npmjs.org/side-channel-weakmap cache-miss
1959 http fetch GET 200 https://registry.npmjs.org/side-channel-map 761ms (cache miss)
1960 silly packumentCache full:https://registry.npmjs.org/side-channel-map set size:undefined disposed:false
1961 http fetch GET 200 https://registry.npmjs.org/side-channel-list 763ms (cache miss)
1962 silly packumentCache full:https://registry.npmjs.org/side-channel-list set size:undefined disposed:false
1963 http fetch GET 200 https://registry.npmjs.org/side-channel-weakmap 937ms (cache miss)
1964 silly packumentCache full:https://registry.npmjs.org/side-channel-weakmap set size:undefined disposed:false
1965 silly placeDep ROOT is-extglob@2.1.1 OK for: is-glob@4.0.3 want: ^2.1.1
1966 silly placeDep ROOT set-function-name@2.0.2 OK for: iterator.prototype@1.1.5 want: ^2.0.2
1967 silly placeDep ROOT argparse@2.0.1 OK for: js-yaml@4.3.0 want: ^2.0.1
1968 silly placeDep ROOT json-buffer@3.0.1 OK for: keyv@4.5.4 want: 3.0.1
1969 silly placeDep ROOT language-subtag-registry@0.3.23 OK for: language-tags@1.0.9 want: ^0.3.20
1970 silly placeDep ROOT prelude-ls@1.2.1 OK for: levn@0.4.1 want: ^1.2.1
1971 silly placeDep ROOT type-check@0.4.0 OK for: levn@0.4.1 want: ~0.4.0
1972 silly placeDep ROOT detect-libc@2.1.2 OK for: lightningcss@1.32.0 want: ^2.0.3
1973 silly placeDep ROOT lightningcss-android-arm64@1.32.0 OK for: lightningcss@1.32.0 want: 1.32.0
1974 silly placeDep ROOT lightningcss-darwin-arm64@1.32.0 OK for: lightningcss@1.32.0 want: 1.32.0
1975 silly placeDep ROOT lightningcss-darwin-x64@1.32.0 OK for: lightningcss@1.32.0 want: 1.32.0
1976 silly placeDep ROOT lightningcss-freebsd-x64@1.32.0 OK for: lightningcss@1.32.0 want: 1.32.0
1977 silly placeDep ROOT lightningcss-linux-arm-gnueabihf@1.32.0 OK for: lightningcss@1.32.0 want: 1.32.0
1978 silly placeDep ROOT lightningcss-linux-arm64-gnu@1.32.0 OK for: lightningcss@1.32.0 want: 1.32.0
1979 silly placeDep ROOT lightningcss-linux-arm64-musl@1.32.0 OK for: lightningcss@1.32.0 want: 1.32.0
1980 silly placeDep ROOT lightningcss-linux-x64-gnu@1.32.0 OK for: lightningcss@1.32.0 want: 1.32.0
1981 silly placeDep ROOT lightningcss-linux-x64-musl@1.32.0 OK for: lightningcss@1.32.0 want: 1.32.0
1982 silly placeDep ROOT lightningcss-win32-arm64-msvc@1.32.0 OK for: lightningcss@1.32.0 want: 1.32.0
1983 silly placeDep ROOT lightningcss-win32-x64-msvc@1.32.0 OK for: lightningcss@1.32.0 want: 1.32.0
1984 silly placeDep ROOT p-locate@5.0.0 OK for: locate-path@6.0.0 want: ^5.0.0
1985 silly fetch manifest p-limit@^3.0.2
1986 silly packumentCache full:https://registry.npmjs.org/p-limit cache-miss
1987 http fetch GET 200 https://registry.npmjs.org/p-limit 568ms (cache miss)
1988 silly packumentCache full:https://registry.npmjs.org/p-limit set size:undefined disposed:false
1989 silly placeDep ROOT braces@3.0.3 OK for: micromatch@4.0.8 want: ^3.0.3
1990 silly placeDep ROOT picomatch@2.3.2 OK for: micromatch@4.0.8 want: ^2.3.1
1991 silly fetch manifest fill-range@^7.1.1
1992 silly packumentCache full:https://registry.npmjs.org/fill-range cache-miss
1993 http fetch GET 200 https://registry.npmjs.org/fill-range 1534ms (cache miss)
1994 silly packumentCache full:https://registry.npmjs.org/fill-range set size:undefined disposed:false
1995 silly placeDep ROOT fill-range@7.1.1 OK for: braces@3.0.3 want: ^7.1.1
1996 silly fetch manifest to-regex-range@^5.0.1
1997 silly packumentCache full:https://registry.npmjs.org/to-regex-range cache-miss
1998 http fetch GET 200 https://registry.npmjs.org/to-regex-range 2080ms (cache miss)
1999 silly packumentCache full:https://registry.npmjs.org/to-regex-range set size:undefined disposed:false
2000 silly placeDep ROOT to-regex-range@5.0.1 OK for: fill-range@7.1.1 want: ^5.0.1
2001 silly fetch manifest is-number@^7.0.0
2002 silly packumentCache full:https://registry.npmjs.org/is-number cache-miss
2003 http fetch GET 200 https://registry.npmjs.org/is-number 799ms (cache miss)
2004 silly packumentCache full:https://registry.npmjs.org/is-number set size:undefined disposed:false
2005 silly placeDep ROOT brace-expansion@1.1.16 OK for: minimatch@3.1.5 want: ^1.1.7
2006 silly fetch manifest concat-map@0.0.1
2007 silly packumentCache full:https://registry.npmjs.org/concat-map cache-miss
2008 silly fetch manifest balanced-match@^1.0.0
2009 silly packumentCache full:https://registry.npmjs.org/balanced-match cache-miss
2010 http fetch GET 200 https://registry.npmjs.org/concat-map 715ms (cache miss)
2011 silly packumentCache full:https://registry.npmjs.org/concat-map set size:undefined disposed:false
2012 http fetch GET 200 https://registry.npmjs.org/balanced-match 1650ms (cache miss)
2013 silly packumentCache full:https://registry.npmjs.org/balanced-match set size:undefined disposed:false
2014 silly placeDep ROOT balanced-match@1.0.2 OK for: brace-expansion@1.1.16 want: ^1.0.0
2015 silly placeDep ROOT concat-map@0.0.1 OK for: brace-expansion@1.1.16 want: 0.0.1
2016 silly fetch manifest react@^18.2.0 || 19.0.0-rc-de68d2f4-20241204 || ^19.0.0
2017 silly packumentCache full:https://registry.npmjs.org/react cache-miss
2018 http fetch GET 200 https://registry.npmjs.org/react 20ms (cache stale)
2019 silly packumentCache full:https://registry.npmjs.org/react set size:6787766 disposed:false
2020 silly placeDep ROOT @next/env@15.1.1 OK for: next@15.1.1 want: 15.1.1
2021 silly placeDep ROOT @next/swc-darwin-arm64@15.1.1 OK for: next@15.1.1 want: 15.1.1
2022 silly placeDep ROOT @next/swc-darwin-x64@15.1.1 OK for: next@15.1.1 want: 15.1.1
2023 silly placeDep ROOT @next/swc-linux-arm64-gnu@15.1.1 OK for: next@15.1.1 want: 15.1.1
2024 silly placeDep ROOT @next/swc-linux-arm64-musl@15.1.1 OK for: next@15.1.1 want: 15.1.1
2025 silly placeDep ROOT @next/swc-linux-x64-gnu@15.1.1 OK for: next@15.1.1 want: 15.1.1
2026 silly placeDep ROOT @next/swc-linux-x64-musl@15.1.1 OK for: next@15.1.1 want: 15.1.1
2027 silly placeDep ROOT @next/swc-win32-arm64-msvc@15.1.1 OK for: next@15.1.1 want: 15.1.1
2028 silly placeDep ROOT @next/swc-win32-x64-msvc@15.1.1 OK for: next@15.1.1 want: 15.1.1
2029 silly placeDep ROOT @swc/counter@0.1.3 OK for: next@15.1.1 want: 0.1.3
2030 silly placeDep ROOT @swc/helpers@0.5.15 OK for: next@15.1.1 want: 0.5.15
2031 silly placeDep ROOT busboy@1.6.0 OK for: next@15.1.1 want: 1.6.0
2032 silly placeDep ROOT caniuse-lite@1.0.30001805 OK for: next@15.1.1 want: ^1.0.30001579
2033 silly placeDep node_modules/next postcss@8.4.31 OK for: next@15.1.1 want: 8.4.31
2034 silly placeDep ROOT sharp@0.33.5 OK for: next@15.1.1 want: ^0.33.5
2035 silly placeDep ROOT styled-jsx@5.1.6 OK for: next@15.1.1 want: 5.1.6
2036 silly fetch manifest tslib@^2.8.0
2037 silly packumentCache full:https://registry.npmjs.org/tslib cache-miss
2038 silly fetch manifest streamsearch@^1.1.0
2039 silly packumentCache full:https://registry.npmjs.org/streamsearch cache-miss
2040 silly fetch manifest nanoid@^3.3.6
2041 silly packumentCache full:https://registry.npmjs.org/nanoid cache-miss
2042 silly fetch manifest picocolors@^1.0.0
2043 silly packumentCache full:https://registry.npmjs.org/picocolors cache-miss
2044 silly fetch manifest color@^4.2.3
2045 silly packumentCache full:https://registry.npmjs.org/color cache-miss
2046 silly fetch manifest @img/sharp-wasm32@0.33.5
2047 silly packumentCache full:https://registry.npmjs.org/@img%2fsharp-wasm32 cache-miss
2048 silly fetch manifest @img/sharp-linux-arm@0.33.5
2049 silly packumentCache full:https://registry.npmjs.org/@img%2fsharp-linux-arm cache-miss
2050 silly fetch manifest @img/sharp-linux-x64@0.33.5
2051 silly packumentCache full:https://registry.npmjs.org/@img%2fsharp-linux-x64 cache-miss
2052 silly fetch manifest @img/sharp-win32-x64@0.33.5
2053 silly packumentCache full:https://registry.npmjs.org/@img%2fsharp-win32-x64 cache-miss
2054 silly fetch manifest @img/sharp-darwin-x64@0.33.5
2055 silly packumentCache full:https://registry.npmjs.org/@img%2fsharp-darwin-x64 cache-miss
2056 silly fetch manifest @img/sharp-win32-ia32@0.33.5
2057 silly packumentCache full:https://registry.npmjs.org/@img%2fsharp-win32-ia32 cache-miss
2058 silly fetch manifest @img/sharp-linux-arm64@0.33.5
2059 silly packumentCache full:https://registry.npmjs.org/@img%2fsharp-linux-arm64 cache-miss
2060 silly fetch manifest @img/sharp-linux-s390x@0.33.5
2061 silly packumentCache full:https://registry.npmjs.org/@img%2fsharp-linux-s390x cache-miss
2062 silly fetch manifest @img/sharp-darwin-arm64@0.33.5
2063 silly packumentCache full:https://registry.npmjs.org/@img%2fsharp-darwin-arm64 cache-miss
2064 silly fetch manifest @img/sharp-linuxmusl-x64@0.33.5
2065 silly packumentCache full:https://registry.npmjs.org/@img%2fsharp-linuxmusl-x64 cache-miss
2066 silly fetch manifest @img/sharp-linuxmusl-arm64@0.33.5
2067 silly packumentCache full:https://registry.npmjs.org/@img%2fsharp-linuxmusl-arm64 cache-miss
2068 silly fetch manifest @img/sharp-libvips-linux-arm@1.0.5
2069 silly packumentCache full:https://registry.npmjs.org/@img%2fsharp-libvips-linux-arm cache-miss
2070 silly fetch manifest @img/sharp-libvips-linux-x64@1.0.4
2071 silly packumentCache full:https://registry.npmjs.org/@img%2fsharp-libvips-linux-x64 cache-miss
2072 silly fetch manifest @img/sharp-libvips-darwin-x64@1.0.4
2073 silly packumentCache full:https://registry.npmjs.org/@img%2fsharp-libvips-darwin-x64 cache-miss
2074 silly fetch manifest @img/sharp-libvips-linux-arm64@1.0.4
2075 silly packumentCache full:https://registry.npmjs.org/@img%2fsharp-libvips-linux-arm64 cache-miss
2076 silly fetch manifest @img/sharp-libvips-linux-s390x@1.0.4
2077 silly packumentCache full:https://registry.npmjs.org/@img%2fsharp-libvips-linux-s390x cache-miss
2078 silly fetch manifest @img/sharp-libvips-darwin-arm64@1.0.4
2079 silly packumentCache full:https://registry.npmjs.org/@img%2fsharp-libvips-darwin-arm64 cache-miss
2080 silly fetch manifest @img/sharp-libvips-linuxmusl-x64@1.0.4
2081 silly packumentCache full:https://registry.npmjs.org/@img%2fsharp-libvips-linuxmusl-x64 cache-miss
2082 http cache https://registry.npmjs.org/picocolors 30ms (cache hit)
2083 silly packumentCache full:https://registry.npmjs.org/picocolors set size:16648 disposed:false
2084 silly fetch manifest @img/sharp-libvips-linuxmusl-arm64@1.0.4
2085 silly packumentCache full:https://registry.npmjs.org/@img%2fsharp-libvips-linuxmusl-arm64 cache-miss
2086 http cache https://registry.npmjs.org/nanoid 32ms (cache hit)
2087 silly packumentCache full:https://registry.npmjs.org/nanoid set size:335912 disposed:false
2088 silly fetch manifest client-only@0.0.1
2089 silly packumentCache full:https://registry.npmjs.org/client-only cache-miss
2090 http fetch GET 200 https://registry.npmjs.org/@img%2fsharp-linux-x64 896ms (cache miss)
2091 silly packumentCache full:https://registry.npmjs.org/@img%2fsharp-linux-x64 set size:undefined disposed:false
2092 http fetch GET 200 https://registry.npmjs.org/@img%2fsharp-linux-arm64 1546ms (cache miss)
2093 silly packumentCache full:https://registry.npmjs.org/@img%2fsharp-linux-arm64 set size:undefined disposed:false
2094 http fetch GET 200 https://registry.npmjs.org/@img%2fsharp-libvips-linux-x64 1590ms (cache miss)
2095 silly packumentCache full:https://registry.npmjs.org/@img%2fsharp-libvips-linux-x64 set size:undefined disposed:false
2096 http fetch GET 200 https://registry.npmjs.org/@img%2fsharp-win32-x64 1659ms (cache miss)
2097 silly packumentCache full:https://registry.npmjs.org/@img%2fsharp-win32-x64 set size:undefined disposed:false
2098 http fetch GET 200 https://registry.npmjs.org/@img%2fsharp-darwin-arm64 1998ms (cache miss)
2099 silly packumentCache full:https://registry.npmjs.org/@img%2fsharp-darwin-arm64 set size:undefined disposed:false
2100 http fetch GET 200 https://registry.npmjs.org/@img%2fsharp-linuxmusl-x64 1999ms (cache miss)
2101 silly packumentCache full:https://registry.npmjs.org/@img%2fsharp-linuxmusl-x64 set size:undefined disposed:false
2102 http fetch GET 200 https://registry.npmjs.org/@img%2fsharp-wasm32 2007ms (cache miss)
2103 silly packumentCache full:https://registry.npmjs.org/@img%2fsharp-wasm32 set size:undefined disposed:false
2104 http fetch GET 200 https://registry.npmjs.org/@img%2fsharp-linux-arm 2193ms (cache miss)
2105 silly packumentCache full:https://registry.npmjs.org/@img%2fsharp-linux-arm set size:undefined disposed:false
2106 http fetch GET 200 https://registry.npmjs.org/@img%2fsharp-libvips-linux-arm64 2251ms (cache miss)
2107 silly packumentCache full:https://registry.npmjs.org/@img%2fsharp-libvips-linux-arm64 set size:undefined disposed:false
2108 http fetch GET 200 https://registry.npmjs.org/@img%2fsharp-linux-s390x 2261ms (cache miss)
2109 silly packumentCache full:https://registry.npmjs.org/@img%2fsharp-linux-s390x set size:undefined disposed:false
2110 http fetch GET 200 https://registry.npmjs.org/@img%2fsharp-libvips-darwin-x64 2259ms (cache miss)
2111 silly packumentCache full:https://registry.npmjs.org/@img%2fsharp-libvips-darwin-x64 set size:undefined disposed:false
2112 http fetch GET 200 https://registry.npmjs.org/client-only 2681ms (cache miss)
2113 silly packumentCache full:https://registry.npmjs.org/client-only set size:undefined disposed:false
2114 http fetch GET 200 https://registry.npmjs.org/@img%2fsharp-libvips-linux-arm 3180ms (cache miss)
2115 silly packumentCache full:https://registry.npmjs.org/@img%2fsharp-libvips-linux-arm set size:undefined disposed:false
2116 http fetch GET 200 https://registry.npmjs.org/@img%2fsharp-libvips-linuxmusl-x64 3189ms (cache miss)
2117 silly packumentCache full:https://registry.npmjs.org/@img%2fsharp-libvips-linuxmusl-x64 set size:undefined disposed:false
2118 http fetch GET 200 https://registry.npmjs.org/@img%2fsharp-libvips-linux-s390x 3191ms (cache miss)
2119 silly packumentCache full:https://registry.npmjs.org/@img%2fsharp-libvips-linux-s390x set size:undefined disposed:false
2120 http fetch GET 200 https://registry.npmjs.org/streamsearch 3262ms (cache miss)
2121 silly packumentCache full:https://registry.npmjs.org/streamsearch set size:undefined disposed:false
2122 http fetch GET 200 https://registry.npmjs.org/@img%2fsharp-linuxmusl-arm64 3259ms (cache miss)
2123 silly packumentCache full:https://registry.npmjs.org/@img%2fsharp-linuxmusl-arm64 set size:undefined disposed:false
2124 http fetch GET 200 https://registry.npmjs.org/@img%2fsharp-darwin-x64 3349ms (cache miss)
2125 silly packumentCache full:https://registry.npmjs.org/@img%2fsharp-darwin-x64 set size:undefined disposed:false
2126 http fetch GET 200 https://registry.npmjs.org/@img%2fsharp-libvips-darwin-arm64 3461ms (cache miss)
2127 silly packumentCache full:https://registry.npmjs.org/@img%2fsharp-libvips-darwin-arm64 set size:undefined disposed:false
2128 http fetch GET 200 https://registry.npmjs.org/tslib 3554ms (cache miss)
2129 silly packumentCache full:https://registry.npmjs.org/tslib set size:undefined disposed:false
2130 http fetch GET 200 https://registry.npmjs.org/color 3566ms (cache miss)
2131 silly packumentCache full:https://registry.npmjs.org/color set size:undefined disposed:false
2132 http fetch GET 200 https://registry.npmjs.org/@img%2fsharp-win32-ia32 3860ms (cache miss)
2133 silly packumentCache full:https://registry.npmjs.org/@img%2fsharp-win32-ia32 set size:undefined disposed:false
2134 http fetch GET 200 https://registry.npmjs.org/@img%2fsharp-libvips-linuxmusl-arm64 5873ms (cache miss)
2135 silly packumentCache full:https://registry.npmjs.org/@img%2fsharp-libvips-linuxmusl-arm64 set size:undefined disposed:false
2136 silly placeDep ROOT tslib@2.8.1 OK for: @swc/helpers@0.5.15 want: ^2.8.0
2137 silly placeDep ROOT streamsearch@1.1.0 OK for: busboy@1.6.0 want: ^1.1.0
2138 silly placeDep ROOT deep-is@0.1.4 OK for: optionator@0.9.4 want: ^0.1.3
2139 silly placeDep ROOT fast-levenshtein@2.0.6 OK for: optionator@0.9.4 want: ^2.0.6
2140 silly placeDep ROOT word-wrap@1.2.5 OK for: optionator@0.9.4 want: ^1.2.5
2141 silly placeDep ROOT p-limit@3.1.0 OK for: p-locate@5.0.0 want: ^3.0.2
2142 silly fetch manifest yocto-queue@^0.1.0
2143 silly packumentCache full:https://registry.npmjs.org/yocto-queue cache-miss
2144 http fetch GET 200 https://registry.npmjs.org/yocto-queue 505ms (cache miss)
2145 silly packumentCache full:https://registry.npmjs.org/yocto-queue set size:undefined disposed:false
2146 silly placeDep ROOT yocto-queue@0.1.0 OK for: p-limit@3.1.0 want: ^0.1.0
2147 silly placeDep ROOT callsites@3.1.0 OK for: parent-module@1.0.1 want: ^3.0.0
2148 silly placeDep ROOT nanoid@3.3.16 OK for: postcss@8.5.19 want: ^3.3.12
2149 silly placeDep ROOT picocolors@1.1.1 OK for: postcss@8.5.19 want: ^1.1.1
2150 silly placeDep ROOT loose-envify@1.4.0 OK for: prop-types@15.8.1 want: ^1.4.0
2151 silly placeDep ROOT object-assign@4.1.1 OK for: prop-types@15.8.1 want: ^4.1.1
2152 silly placeDep ROOT react-is@16.13.1 OK for: prop-types@15.8.1 want: ^16.13.1
2153 silly fetch manifest js-tokens@^3.0.0 || ^4.0.0
2154 silly packumentCache full:https://registry.npmjs.org/js-tokens cache-miss
2155 http fetch GET 200 https://registry.npmjs.org/js-tokens 837ms (cache miss)
2156 silly packumentCache full:https://registry.npmjs.org/js-tokens set size:undefined disposed:false
2157 silly placeDep ROOT js-tokens@4.0.0 OK for: loose-envify@1.4.0 want: ^3.0.0 || ^4.0.0
2158 silly placeDep ROOT scheduler@0.25.0 OK for: react-dom@19.0.0 want: ^0.25.0
2159 silly placeDep ROOT node-exports-info@1.6.2 OK for: resolve@2.0.0-next.7 want: ^1.6.0
2160 silly placeDep ROOT path-parse@1.0.7 OK for: resolve@2.0.0-next.7 want: ^1.0.7
2161 silly placeDep ROOT supports-preserve-symlinks-flag@1.0.0 OK for: resolve@2.0.0-next.7 want: ^1.0.0
2162 silly placeDep node_modules/node-exports-info semver@6.3.1 OK for: node-exports-info@1.6.2 want: ^6.3.1
2163 silly placeDep ROOT queue-microtask@1.2.3 OK for: run-parallel@1.2.0 want: ^1.2.2
2164 silly placeDep ROOT isarray@2.0.5 OK for: safe-array-concat@1.1.4 want: ^2.0.5
2165 silly placeDep ROOT @img/sharp-darwin-arm64@0.33.5 OK for: sharp@0.33.5 want: 0.33.5
2166 silly placeDep ROOT @img/sharp-darwin-x64@0.33.5 OK for: sharp@0.33.5 want: 0.33.5
2167 silly placeDep ROOT @img/sharp-libvips-darwin-arm64@1.0.4 OK for: sharp@0.33.5 want: 1.0.4
2168 silly placeDep ROOT @img/sharp-libvips-darwin-x64@1.0.4 OK for: sharp@0.33.5 want: 1.0.4
2169 silly placeDep ROOT @img/sharp-libvips-linux-arm@1.0.5 OK for: sharp@0.33.5 want: 1.0.5
2170 silly placeDep ROOT @img/sharp-libvips-linux-arm64@1.0.4 OK for: sharp@0.33.5 want: 1.0.4
2171 silly placeDep ROOT @img/sharp-libvips-linux-s390x@1.0.4 OK for: sharp@0.33.5 want: 1.0.4
2172 silly placeDep ROOT @img/sharp-libvips-linux-x64@1.0.4 OK for: sharp@0.33.5 want: 1.0.4
2173 silly placeDep ROOT @img/sharp-libvips-linuxmusl-arm64@1.0.4 OK for: sharp@0.33.5 want: 1.0.4
2174 silly placeDep ROOT @img/sharp-libvips-linuxmusl-x64@1.0.4 OK for: sharp@0.33.5 want: 1.0.4
2175 silly placeDep ROOT @img/sharp-linux-arm@0.33.5 OK for: sharp@0.33.5 want: 0.33.5
2176 silly placeDep ROOT @img/sharp-linux-arm64@0.33.5 OK for: sharp@0.33.5 want: 0.33.5
2177 silly placeDep ROOT @img/sharp-linux-s390x@0.33.5 OK for: sharp@0.33.5 want: 0.33.5
2178 silly placeDep ROOT @img/sharp-linux-x64@0.33.5 OK for: sharp@0.33.5 want: 0.33.5
2179 silly placeDep ROOT @img/sharp-linuxmusl-arm64@0.33.5 OK for: sharp@0.33.5 want: 0.33.5
2180 silly placeDep ROOT @img/sharp-linuxmusl-x64@0.33.5 OK for: sharp@0.33.5 want: 0.33.5
2181 silly placeDep ROOT @img/sharp-wasm32@0.33.5 OK for: sharp@0.33.5 want: 0.33.5
2182 silly placeDep ROOT @img/sharp-win32-ia32@0.33.5 OK for: sharp@0.33.5 want: 0.33.5
2183 silly placeDep ROOT @img/sharp-win32-x64@0.33.5 OK for: sharp@0.33.5 want: 0.33.5
2184 silly placeDep ROOT color@4.2.3 OK for: sharp@0.33.5 want: ^4.2.3
2185 silly fetch manifest @emnapi/runtime@^1.2.0
2186 silly packumentCache full:https://registry.npmjs.org/@emnapi%2fruntime cache-miss
2187 silly fetch manifest color-string@^1.9.0
2188 silly packumentCache full:https://registry.npmjs.org/color-string cache-miss
2189 http fetch GET 200 https://registry.npmjs.org/@emnapi%2fruntime 951ms (cache miss)
2190 silly packumentCache full:https://registry.npmjs.org/@emnapi%2fruntime set size:undefined disposed:false
2191 http fetch GET 200 https://registry.npmjs.org/color-string 1492ms (cache miss)
2192 silly packumentCache full:https://registry.npmjs.org/color-string set size:undefined disposed:false
2193 silly placeDep ROOT @emnapi/runtime@1.11.2 OK for: @img/sharp-wasm32@0.33.5 want: ^1.2.0
2194 silly placeDep ROOT color-string@1.9.1 OK for: color@4.2.3 want: ^1.9.0
2195 silly fetch manifest simple-swizzle@^0.2.2
2196 silly packumentCache full:https://registry.npmjs.org/simple-swizzle cache-miss
2197 http fetch GET 200 https://registry.npmjs.org/simple-swizzle 1762ms (cache miss)
2198 silly packumentCache full:https://registry.npmjs.org/simple-swizzle set size:undefined disposed:false
2199 silly placeDep ROOT simple-swizzle@0.2.4 OK for: color-string@1.9.1 want: ^0.2.2
2200 silly fetch manifest is-arrayish@^0.3.1
2201 silly packumentCache full:https://registry.npmjs.org/is-arrayish cache-miss
2202 http fetch GET 200 https://registry.npmjs.org/is-arrayish 780ms (cache miss)
2203 silly packumentCache full:https://registry.npmjs.org/is-arrayish set size:undefined disposed:false
2204 silly placeDep ROOT shebang-regex@3.0.0 OK for: shebang-command@2.0.0 want: ^3.0.0
2205 silly placeDep ROOT side-channel-list@1.0.1 OK for: side-channel@1.1.1 want: ^1.0.1
2206 silly placeDep ROOT side-channel-map@1.0.1 OK for: side-channel@1.1.1 want: ^1.0.1
2207 silly placeDep ROOT side-channel-weakmap@1.0.2 OK for: side-channel@1.1.1 want: ^1.0.2
2208 silly placeDep ROOT is-arrayish@0.3.4 OK for: simple-swizzle@0.2.4 want: ^0.3.1
2209 silly placeDep ROOT client-only@0.0.1 OK for: styled-jsx@5.1.6 want: 0.0.1
2210 silly placeDep ROOT has-flag@4.0.0 OK for: supports-color@7.2.0 want: ^4.0.0
2211 silly placeDep node_modules/tinyglobby fdir@6.5.0 OK for: tinyglobby@0.2.17 want: ^6.5.0
2212 silly placeDep node_modules/tinyglobby picomatch@4.0.5 OK for: fdir@6.5.0 want: ^3 || ^4
2213 silly placeDep ROOT is-number@7.0.0 OK for: to-regex-range@5.0.1 want: ^7.0.0
2214 silly placeDep ROOT @types/json5@0.0.29 OK for: tsconfig-paths@3.15.0 want: ^0.0.29
2215 silly placeDep ROOT json5@1.0.2 OK for: tsconfig-paths@3.15.0 want: ^1.0.2
2216 silly placeDep ROOT minimist@1.2.8 OK for: tsconfig-paths@3.15.0 want: ^1.2.6
2217 silly placeDep ROOT strip-bom@3.0.0 OK for: tsconfig-paths@3.15.0 want: ^3.0.0
2218 silly fetch manifest minimist@^1.2.0
2219 silly packumentCache full:https://registry.npmjs.org/minimist cache-miss
2220 http cache https://registry.npmjs.org/minimist 21ms (cache hit)
2221 silly packumentCache full:https://registry.npmjs.org/minimist set size:77063 disposed:false
2222 silly placeDep ROOT for-each@0.3.5 OK for: typed-array-byte-length@1.0.3 want: ^0.3.3
2223 silly placeDep ROOT reflect.getprototypeof@1.0.10 OK for: typed-array-byte-offset@1.0.4 want: ^1.0.9
2224 silly fetch manifest which-builtin-type@^1.2.1
2225 silly packumentCache full:https://registry.npmjs.org/which-builtin-type cache-miss
2226 http fetch GET 200 https://registry.npmjs.org/which-builtin-type 1328ms (cache miss)
2227 silly packumentCache full:https://registry.npmjs.org/which-builtin-type set size:undefined disposed:false
2228 silly placeDep ROOT which-builtin-type@1.2.1 OK for: reflect.getprototypeof@1.0.10 want: ^1.2.1
2229 silly fetch manifest is-async-function@^2.0.0
2230 silly packumentCache full:https://registry.npmjs.org/is-async-function cache-miss
2231 silly fetch manifest is-finalizationregistry@^1.1.0
2232 silly packumentCache full:https://registry.npmjs.org/is-finalizationregistry cache-miss
2233 silly fetch manifest is-generator-function@^1.0.10
2234 silly packumentCache full:https://registry.npmjs.org/is-generator-function cache-miss
2235 silly fetch manifest which-boxed-primitive@^1.1.0
2236 silly packumentCache full:https://registry.npmjs.org/which-boxed-primitive cache-miss
2237 silly fetch manifest which-collection@^1.0.2
2238 silly packumentCache full:https://registry.npmjs.org/which-collection cache-miss
2239 http cache https://registry.npmjs.org/which-boxed-primitive 4ms (cache hit)
2240 silly packumentCache full:https://registry.npmjs.org/which-boxed-primitive set size:19407 disposed:false
2241 http fetch GET 200 https://registry.npmjs.org/is-finalizationregistry 587ms (cache miss)
2242 silly packumentCache full:https://registry.npmjs.org/is-finalizationregistry set size:undefined disposed:false
2243 http fetch GET 200 https://registry.npmjs.org/which-collection 628ms (cache miss)
2244 silly packumentCache full:https://registry.npmjs.org/which-collection set size:undefined disposed:false
2245 http fetch GET 200 https://registry.npmjs.org/is-generator-function 1273ms (cache miss)
2246 silly packumentCache full:https://registry.npmjs.org/is-generator-function set size:undefined disposed:false
2247 http fetch GET 200 https://registry.npmjs.org/is-async-function 2325ms (cache miss)
2248 silly packumentCache full:https://registry.npmjs.org/is-async-function set size:undefined disposed:false
2249 silly placeDep ROOT has-bigints@1.1.0 OK for: unbox-primitive@1.1.0 want: ^1.0.2
2250 silly placeDep ROOT which-boxed-primitive@1.1.1 OK for: unbox-primitive@1.1.0 want: ^1.1.1
2251 silly fetch manifest is-bigint@^1.1.0
2252 silly packumentCache full:https://registry.npmjs.org/is-bigint cache-miss
2253 silly fetch manifest is-boolean-object@^1.2.1
2254 silly packumentCache full:https://registry.npmjs.org/is-boolean-object cache-miss
2255 silly fetch manifest is-number-object@^1.1.1
2256 silly packumentCache full:https://registry.npmjs.org/is-number-object cache-miss
2257 http fetch GET 200 https://registry.npmjs.org/is-boolean-object 813ms (cache miss)
2258 silly packumentCache full:https://registry.npmjs.org/is-boolean-object set size:undefined disposed:false
2259 http fetch GET 200 https://registry.npmjs.org/is-bigint 1016ms (cache miss)
2260 silly packumentCache full:https://registry.npmjs.org/is-bigint set size:undefined disposed:false
2261 http fetch GET 200 https://registry.npmjs.org/is-number-object 1322ms (cache miss)
2262 silly packumentCache full:https://registry.npmjs.org/is-number-object set size:undefined disposed:false
2263 silly placeDep ROOT @unrs/resolver-binding-android-arm-eabi@1.12.2 OK for: unrs-resolver@1.12.2 want: 1.12.2
2264 silly placeDep ROOT @unrs/resolver-binding-android-arm64@1.12.2 OK for: unrs-resolver@1.12.2 want: 1.12.2
2265 silly placeDep ROOT @unrs/resolver-binding-darwin-arm64@1.12.2 OK for: unrs-resolver@1.12.2 want: 1.12.2
2266 silly placeDep ROOT @unrs/resolver-binding-darwin-x64@1.12.2 OK for: unrs-resolver@1.12.2 want: 1.12.2
2267 silly placeDep ROOT @unrs/resolver-binding-freebsd-x64@1.12.2 OK for: unrs-resolver@1.12.2 want: 1.12.2
2268 silly placeDep ROOT @unrs/resolver-binding-linux-arm-gnueabihf@1.12.2 OK for: unrs-resolver@1.12.2 want: 1.12.2
2269 silly placeDep ROOT @unrs/resolver-binding-linux-arm-musleabihf@1.12.2 OK for: unrs-resolver@1.12.2 want: 1.12.2
2270 silly placeDep ROOT @unrs/resolver-binding-linux-arm64-gnu@1.12.2 OK for: unrs-resolver@1.12.2 want: 1.12.2
2271 silly placeDep ROOT @unrs/resolver-binding-linux-arm64-musl@1.12.2 OK for: unrs-resolver@1.12.2 want: 1.12.2
2272 silly placeDep ROOT @unrs/resolver-binding-linux-loong64-gnu@1.12.2 OK for: unrs-resolver@1.12.2 want: 1.12.2
2273 silly placeDep ROOT @unrs/resolver-binding-linux-loong64-musl@1.12.2 OK for: unrs-resolver@1.12.2 want: 1.12.2
2274 silly placeDep ROOT @unrs/resolver-binding-linux-ppc64-gnu@1.12.2 OK for: unrs-resolver@1.12.2 want: 1.12.2
2275 silly placeDep ROOT @unrs/resolver-binding-linux-riscv64-gnu@1.12.2 OK for: unrs-resolver@1.12.2 want: 1.12.2
2276 silly placeDep ROOT @unrs/resolver-binding-linux-riscv64-musl@1.12.2 OK for: unrs-resolver@1.12.2 want: 1.12.2
2277 silly placeDep ROOT @unrs/resolver-binding-linux-s390x-gnu@1.12.2 OK for: unrs-resolver@1.12.2 want: 1.12.2
2278 silly placeDep ROOT @unrs/resolver-binding-linux-x64-gnu@1.12.2 OK for: unrs-resolver@1.12.2 want: 1.12.2
2279 silly placeDep ROOT @unrs/resolver-binding-linux-x64-musl@1.12.2 OK for: unrs-resolver@1.12.2 want: 1.12.2
2280 silly placeDep ROOT @unrs/resolver-binding-openharmony-arm64@1.12.2 OK for: unrs-resolver@1.12.2 want: 1.12.2
2281 silly placeDep ROOT @unrs/resolver-binding-wasm32-wasi@1.12.2 OK for: unrs-resolver@1.12.2 want: 1.12.2
2282 silly placeDep ROOT @unrs/resolver-binding-win32-arm64-msvc@1.12.2 OK for: unrs-resolver@1.12.2 want: 1.12.2
2283 silly placeDep ROOT @unrs/resolver-binding-win32-ia32-msvc@1.12.2 OK for: unrs-resolver@1.12.2 want: 1.12.2
2284 silly placeDep ROOT @unrs/resolver-binding-win32-x64-msvc@1.12.2 OK for: unrs-resolver@1.12.2 want: 1.12.2
2285 silly placeDep ROOT napi-postinstall@0.3.4 OK for: unrs-resolver@1.12.2 want: ^0.3.4
2286 silly fetch manifest @napi-rs/wasm-runtime@^1.1.4
2287 silly packumentCache full:https://registry.npmjs.org/@napi-rs%2fwasm-runtime cache-miss
2288 silly fetch manifest @emnapi/core@1.10.0
2289 silly packumentCache full:https://registry.npmjs.org/@emnapi%2fcore cache-miss
2290 silly fetch manifest @emnapi/runtime@1.10.0
2291 silly packumentCache full:https://registry.npmjs.org/@emnapi%2fruntime cache-miss
2292 http cache https://registry.npmjs.org/@emnapi%2fruntime 21ms (cache hit)
2293 silly packumentCache full:https://registry.npmjs.org/@emnapi%2fruntime set size:118526 disposed:false
2294 http fetch GET 200 https://registry.npmjs.org/@emnapi%2fcore 973ms (cache miss)
2295 silly packumentCache full:https://registry.npmjs.org/@emnapi%2fcore set size:undefined disposed:false
2296 http fetch GET 200 https://registry.npmjs.org/@napi-rs%2fwasm-runtime 1746ms (cache miss)
2297 silly packumentCache full:https://registry.npmjs.org/@napi-rs%2fwasm-runtime set size:undefined disposed:false
2298 silly placeDep ROOT @emnapi/core@1.10.0 OK for: @unrs/resolver-binding-wasm32-wasi@1.12.2 want: 1.10.0
2299 silly placeDep node_modules/@unrs/resolver-binding-wasm32-wasi @emnapi/runtime@1.10.0 OK for: @unrs/resolver-binding-wasm32-wasi@1.12.2 want: 1.10.0
2300 silly placeDep ROOT @napi-rs/wasm-runtime@1.1.6 OK for: @unrs/resolver-binding-wasm32-wasi@1.12.2 want: ^1.1.4
2301 silly fetch manifest @emnapi/wasi-threads@1.2.1
2302 silly packumentCache full:https://registry.npmjs.org/@emnapi%2fwasi-threads cache-miss
2303 silly fetch manifest @tybys/wasm-util@^0.10.3
2304 silly packumentCache full:https://registry.npmjs.org/@tybys%2fwasm-util cache-miss
2305 http fetch GET 200 https://registry.npmjs.org/@emnapi%2fwasi-threads 515ms (cache miss)
2306 silly packumentCache full:https://registry.npmjs.org/@emnapi%2fwasi-threads set size:undefined disposed:false
2307 http fetch GET 200 https://registry.npmjs.org/@tybys%2fwasm-util 857ms (cache miss)
2308 silly packumentCache full:https://registry.npmjs.org/@tybys%2fwasm-util set size:undefined disposed:false
2309 silly placeDep ROOT @emnapi/wasi-threads@1.2.1 OK for: @emnapi/core@1.10.0 want: 1.2.1
2310 silly placeDep ROOT @tybys/wasm-util@0.10.3 OK for: @napi-rs/wasm-runtime@1.1.6 want: ^0.10.3
2311 silly placeDep ROOT punycode@2.3.1 OK for: uri-js@4.4.1 want: ^2.1.0
2312 silly placeDep ROOT isexe@2.0.0 OK for: which@2.0.2 want: ^2.0.0
2313 silly placeDep ROOT is-bigint@1.1.0 OK for: which-boxed-primitive@1.1.1 want: ^1.1.0
2314 silly placeDep ROOT is-boolean-object@1.2.2 OK for: which-boxed-primitive@1.1.1 want: ^1.2.1
2315 silly placeDep ROOT is-number-object@1.1.1 OK for: which-boxed-primitive@1.1.1 want: ^1.1.1
2316 silly placeDep ROOT is-async-function@2.1.1 OK for: which-builtin-type@1.2.1 want: ^2.0.0
2317 silly placeDep ROOT is-finalizationregistry@1.1.1 OK for: which-builtin-type@1.2.1 want: ^1.1.0
2318 silly placeDep ROOT is-generator-function@1.1.2 OK for: which-builtin-type@1.2.1 want: ^1.0.10
2319 silly placeDep ROOT which-collection@1.0.2 OK for: which-builtin-type@1.2.1 want: ^1.0.2
2320 silly fetch manifest async-function@^1.0.0
2321 silly packumentCache full:https://registry.npmjs.org/async-function cache-miss
2322 silly fetch manifest generator-function@^2.0.0
2323 silly packumentCache full:https://registry.npmjs.org/generator-function cache-miss
2324 silly fetch manifest is-map@^2.0.3
2325 silly packumentCache full:https://registry.npmjs.org/is-map cache-miss
2326 silly fetch manifest is-weakmap@^2.0.2
2327 silly packumentCache full:https://registry.npmjs.org/is-weakmap cache-miss
2328 silly fetch manifest is-weakset@^2.0.3
2329 silly packumentCache full:https://registry.npmjs.org/is-weakset cache-miss
2330 http fetch GET 200 https://registry.npmjs.org/async-function 392ms (cache miss)
2331 silly packumentCache full:https://registry.npmjs.org/async-function set size:undefined disposed:false
2332 http fetch GET 200 https://registry.npmjs.org/is-weakmap 417ms (cache miss)
2333 silly packumentCache full:https://registry.npmjs.org/is-weakmap set size:undefined disposed:false
2334 http fetch GET 200 https://registry.npmjs.org/is-map 630ms (cache miss)
2335 silly packumentCache full:https://registry.npmjs.org/is-map set size:undefined disposed:false
2336 http fetch GET 200 https://registry.npmjs.org/generator-function 742ms (cache miss)
2337 silly packumentCache full:https://registry.npmjs.org/generator-function set size:undefined disposed:false
2338 http fetch GET 200 https://registry.npmjs.org/is-weakset 1607ms (cache miss)
2339 silly packumentCache full:https://registry.npmjs.org/is-weakset set size:undefined disposed:false
2340 silly placeDep ROOT async-function@1.0.0 OK for: is-async-function@2.1.1 want: ^1.0.0
2341 silly placeDep ROOT generator-function@2.0.1 OK for: is-generator-function@1.1.2 want: ^2.0.0
2342 silly placeDep ROOT is-map@2.0.3 OK for: which-collection@1.0.2 want: ^2.0.3
2343 silly placeDep ROOT is-weakmap@2.0.2 OK for: which-collection@1.0.2 want: ^2.0.2
2344 silly placeDep ROOT is-weakset@2.0.4 OK for: which-collection@1.0.2 want: ^2.0.3
2345 silly placeDep node_modules/@typescript-eslint/typescript-estree brace-expansion@5.0.7 OK for: minimatch@10.2.5 want: ^5.0.5
2346 silly fetch manifest balanced-match@^4.0.2
2347 silly packumentCache full:https://registry.npmjs.org/balanced-match cache-miss
2348 http cache https://registry.npmjs.org/balanced-match 26ms (cache hit)
2349 silly packumentCache full:https://registry.npmjs.org/balanced-match set size:39082 disposed:false
2350 silly placeDep node_modules/@typescript-eslint/typescript-estree balanced-match@4.0.4 OK for: brace-expansion@5.0.7 want: ^4.0.2
2351 silly reify moves {}
2352 silly audit bulk request {
2352 silly audit   '@tailwindcss/postcss': [ '4.3.2' ],
2352 silly audit   '@types/node': [ '22.10.2' ],
2352 silly audit   '@types/react': [ '19.0.2' ],
2352 silly audit   '@types/react-dom': [ '19.0.2' ],
2352 silly audit   eslint: [ '9.39.5' ],
2352 silly audit   'eslint-config-next': [ '15.1.1' ],
2352 silly audit   'lucide-react': [ '0.468.0' ],
2352 silly audit   react: [ '19.0.0' ],
2352 silly audit   next: [ '15.1.1' ],
2352 silly audit   'react-dom': [ '19.0.0' ],
2352 silly audit   tailwindcss: [ '4.3.2' ],
2352 silly audit   typescript: [ '5.9.3' ],
2352 silly audit   '@alloc/quick-lru': [ '5.2.0' ],
2352 silly audit   '@tailwindcss/node': [ '4.3.2' ],
2352 silly audit   '@tailwindcss/oxide': [ '4.3.2' ],
2352 silly audit   postcss: [ '8.5.19', '8.4.31' ],
2352 silly audit   '@jridgewell/remapping': [ '2.3.5' ],
2352 silly audit   'enhanced-resolve': [ '5.21.6' ],
2352 silly audit   jiti: [ '2.7.0' ],
2352 silly audit   lightningcss: [ '1.32.0' ],
2352 silly audit   'magic-string': [ '0.30.21' ],
2352 silly audit   'source-map-js': [ '1.2.1' ],
2352 silly audit   '@jridgewell/gen-mapping': [ '0.3.13' ],
2352 silly audit   '@jridgewell/trace-mapping': [ '0.3.31' ],
2352 silly audit   '@jridgewell/sourcemap-codec': [ '1.5.5' ],
2352 silly audit   '@jridgewell/resolve-uri': [ '3.1.2' ],
2352 silly audit   '@tailwindcss/oxide-android-arm64': [ '4.3.2' ],
2352 silly audit   '@tailwindcss/oxide-darwin-arm64': [ '4.3.2' ],
2352 silly audit   '@tailwindcss/oxide-darwin-x64': [ '4.3.2' ],
2352 silly audit   '@tailwindcss/oxide-freebsd-x64': [ '4.3.2' ],
2352 silly audit   '@tailwindcss/oxide-linux-arm-gnueabihf': [ '4.3.2' ],
2352 silly audit   '@tailwindcss/oxide-linux-arm64-gnu': [ '4.3.2' ],
2352 silly audit   '@tailwindcss/oxide-linux-arm64-musl': [ '4.3.2' ],
2352 silly audit   '@tailwindcss/oxide-linux-x64-gnu': [ '4.3.2' ],
2352 silly audit   '@tailwindcss/oxide-linux-x64-musl': [ '4.3.2' ],
2352 silly audit   '@tailwindcss/oxide-wasm32-wasi': [ '4.3.2' ],
2352 silly audit   '@tailwindcss/oxide-win32-arm64-msvc': [ '4.3.2' ],
2352 silly audit   '@tailwindcss/oxide-win32-x64-msvc': [ '4.3.2' ],
2352 silly audit   'undici-types': [ '6.20.0' ],
2352 silly audit   csstype: [ '3.2.3' ],
2352 silly audit   'graceful-fs': [ '4.2.11' ],
2352 silly audit   tapable: [ '2.3.3' ],
2352 silly audit   '@eslint-community/eslint-utils': [ '4.9.1' ],
2352 silly audit   '@eslint-community/regexpp': [ '4.12.2' ],
2352 silly audit   '@eslint/config-array': [ '0.21.2' ],
2352 silly audit   '@eslint/config-helpers': [ '0.4.2' ],
2352 silly audit   '@eslint/core': [ '0.17.0' ],
2352 silly audit   '@eslint/eslintrc': [ '3.3.6' ],
2352 silly audit   '@eslint/js': [ '9.39.5' ],
2352 silly audit   '@eslint/plugin-kit': [ '0.4.1' ],
2352 silly audit   '@humanfs/node': [ '0.16.8' ],
2352 silly audit   '@humanwhocodes/module-importer': [ '1.0.1' ],
2352 silly audit   '@humanwhocodes/retry': [ '0.4.3' ],
2352 silly audit   '@types/estree': [ '1.0.9' ],
2352 silly audit   ajv: [ '6.15.0' ],
2352 silly audit   chalk: [ '4.1.2' ],
2352 silly audit   'cross-spawn': [ '7.0.6' ],
2352 silly audit   debug: [ '4.4.3', '3.2.7' ],
2352 silly audit   'escape-string-regexp': [ '4.0.0' ],
2352 silly audit   'eslint-scope': [ '8.4.0' ],
2352 silly audit   'eslint-visitor-keys': [ '4.2.1', '3.4.3', '5.0.1' ],
2352 silly audit   espree: [ '10.4.0' ],
2352 silly audit   esquery: [ '1.7.0' ],
2352 silly audit   esutils: [ '2.0.3' ],
2352 silly audit   'fast-deep-equal': [ '3.1.3' ],
2352 silly audit   'file-entry-cache': [ '8.0.0' ],
2352 silly audit   'find-up': [ '5.0.0' ],
2352 silly audit   'glob-parent': [ '6.0.2', '5.1.2' ],
2352 silly audit   ignore: [ '5.3.2', '7.0.6' ],
2352 silly audit   imurmurhash: [ '0.1.4' ],
2352 silly audit   'is-glob': [ '4.0.3' ],
2352 silly audit   'json-stable-stringify-without-jsonify': [ '1.0.1' ],
2352 silly audit   'lodash.merge': [ '4.6.2' ],
2352 silly audit   minimatch: [ '3.1.5', '10.2.5' ],
2352 silly audit   'natural-compare': [ '1.4.0' ],
2352 silly audit   optionator: [ '0.9.4' ],
2352 silly audit   '@eslint/object-schema': [ '2.1.7' ],
2352 silly audit   '@types/json-schema': [ '7.0.15' ],
2352 silly audit   globals: [ '14.0.0' ],
2352 silly audit   'import-fresh': [ '3.3.1' ],
2352 silly audit   'js-yaml': [ '4.3.0' ],
2352 silly audit   'strip-json-comments': [ '3.1.1' ],
2352 silly audit   levn: [ '0.4.1' ],
2352 silly audit   '@humanfs/core': [ '0.19.2' ],
2352 silly audit   '@humanfs/types': [ '0.15.0' ],
2352 silly audit   'fast-json-stable-stringify': [ '2.1.0' ],
2352 silly audit   'json-schema-traverse': [ '0.4.1' ],
2352 silly audit   'uri-js': [ '4.4.1' ],
2352 silly audit   'ansi-styles': [ '4.3.0' ],
2352 silly audit   'supports-color': [ '7.2.0' ],
2352 silly audit   'color-convert': [ '2.0.1' ],
2352 silly audit   'color-name': [ '1.1.4' ],
2352 silly audit   'path-key': [ '3.1.1' ],
2352 silly audit   'shebang-command': [ '2.0.0' ],
2352 silly audit   which: [ '2.0.2' ],
2352 silly audit   ms: [ '2.1.3' ],
2352 silly audit   '@next/eslint-plugin-next': [ '15.1.1' ],
2352 silly audit   '@rushstack/eslint-patch': [ '1.16.1' ],
2352 silly audit   '@typescript-eslint/eslint-plugin': [ '8.64.0' ],
2352 silly audit   '@typescript-eslint/parser': [ '8.64.0' ],
2352 silly audit   'eslint-import-resolver-node': [ '0.3.10' ],
2352 silly audit   'eslint-import-resolver-typescript': [ '3.10.1' ],
2352 silly audit   'eslint-plugin-import': [ '2.32.0' ],
2352 silly audit   'eslint-plugin-jsx-a11y': [ '6.10.2' ],
2352 silly audit   'eslint-plugin-react': [ '7.37.5' ],
2352 silly audit   'eslint-plugin-react-hooks': [ '5.2.0' ],
2352 silly audit   'fast-glob': [ '3.3.1' ],
2352 silly audit   '@typescript-eslint/scope-manager': [ '8.64.0' ],
2352 silly audit   '@typescript-eslint/type-utils': [ '8.64.0' ],
2352 silly audit   '@typescript-eslint/utils': [ '8.64.0' ],
2352 silly audit   '@typescript-eslint/visitor-keys': [ '8.64.0' ],
2352 silly audit   'ts-api-utils': [ '2.5.0' ],
2352 silly audit   '@typescript-eslint/types': [ '8.64.0' ],
2352 silly audit   '@typescript-eslint/typescript-estree': [ '8.64.0' ],
2352 silly audit   '@typescript-eslint/project-service': [ '8.64.0' ],
2352 silly audit   '@typescript-eslint/tsconfig-utils': [ '8.64.0' ],
2352 silly audit   semver: [ '7.8.5', '6.3.1' ],
2352 silly audit   tinyglobby: [ '0.2.17' ],
2352 silly audit   'is-core-module': [ '2.16.2' ],
2352 silly audit   resolve: [ '2.0.0-next.7' ],
2352 silly audit   '@nolyfill/is-core-module': [ '1.0.39' ],
2352 silly audit   'get-tsconfig': [ '4.14.0' ],
2352 silly audit   'is-bun-module': [ '2.0.0' ],
2352 silly audit   'stable-hash': [ '0.0.5' ],
2352 silly audit   'unrs-resolver': [ '1.12.2' ],
2352 silly audit   '@rtsao/scc': [ '1.1.0' ],
2352 silly audit   'array-includes': [ '3.1.9' ],
2352 silly audit   'array.prototype.findlastindex': [ '1.2.6' ],
2352 silly audit   'array.prototype.flat': [ '1.3.3' ],
2352 silly audit   'array.prototype.flatmap': [ '1.3.3' ],
2352 silly audit   doctrine: [ '2.1.0' ],
2352 silly audit   'eslint-module-utils': [ '2.14.0' ],
2352 silly audit   hasown: [ '2.0.4' ],
2352 silly audit   'object.fromentries': [ '2.0.8' ],
2352 silly audit   'object.groupby': [ '1.0.3' ],
2352 silly audit   'object.values': [ '1.2.1' ],
2352 silly audit   'string.prototype.trimend': [ '1.0.10' ],
2352 silly audit   'tsconfig-paths': [ '3.15.0' ],
2352 silly audit   'call-bind': [ '1.0.9' ],
2352 silly audit   'call-bound': [ '1.0.4' ],
2352 silly audit   'define-properties': [ '1.2.1' ],
2352 silly audit   'es-abstract': [ '1.24.2' ],
2352 silly audit   'es-object-atoms': [ '1.1.2' ],
2352 silly audit   'get-intrinsic': [ '1.3.0' ],
2352 silly audit   'is-string': [ '1.1.1' ],
2352 silly audit   'math-intrinsics': [ '1.1.0' ],
2352 silly audit   'es-errors': [ '1.3.0' ],
2352 silly audit   'es-shim-unscopables': [ '1.1.0' ],
2352 silly audit   'call-bind-apply-helpers': [ '1.0.2' ],
2352 silly audit   'es-define-property': [ '1.0.1' ],
2352 silly audit   'set-function-length': [ '1.2.2' ],
2352 silly audit   'function-bind': [ '1.1.2' ],
2352 silly audit   'define-data-property': [ '1.1.4' ],
2352 silly audit   'has-property-descriptors': [ '1.0.2' ],
2352 silly audit   'object-keys': [ '1.1.1' ],
2352 silly audit   gopd: [ '1.2.0' ],
2352 silly audit   'array-buffer-byte-length': [ '1.0.2' ],
2352 silly audit   'arraybuffer.prototype.slice': [ '1.0.4' ],
2352 silly audit   'available-typed-arrays': [ '1.0.7' ],
2352 silly audit   'data-view-buffer': [ '1.0.2' ],
2352 silly audit   'data-view-byte-length': [ '1.0.2' ],
2352 silly audit   'data-view-byte-offset': [ '1.0.1' ],
2352 silly audit   'es-set-tostringtag': [ '2.1.0' ],
2352 silly audit   'es-to-primitive': [ '1.3.4' ],
2352 silly audit   'function.prototype.name': [ '1.2.0' ],
2352 silly audit   'get-proto': [ '1.0.1' ],
2352 silly audit   'get-symbol-description': [ '1.1.0' ],
2352 silly audit   globalthis: [ '1.0.4' ],
2352 silly audit   'has-proto': [ '1.2.0' ],
2352 silly audit   'has-symbols': [ '1.1.0' ],
2352 silly audit   'internal-slot': [ '1.1.0' ],
2352 silly audit   'is-array-buffer': [ '3.0.5' ],
2352 silly audit   'is-callable': [ '1.2.7' ],
2352 silly audit   'is-data-view': [ '1.0.2' ],
2352 silly audit   'is-negative-zero': [ '2.0.3' ],
2352 silly audit   'is-regex': [ '1.2.1' ],
2352 silly audit   'is-set': [ '2.0.3' ],
2352 silly audit   'is-shared-array-buffer': [ '1.0.4' ],
2352 silly audit   'is-typed-array': [ '1.1.15' ],
2352 silly audit   'is-weakref': [ '1.1.1' ],
2352 silly audit   'object-inspect': [ '1.13.4' ],
2352 silly audit   'object.assign': [ '4.1.7' ],
2352 silly audit   'own-keys': [ '1.0.1' ],
2352 silly audit   'regexp.prototype.flags': [ '1.5.4' ],
2352 silly audit   'safe-array-concat': [ '1.1.4' ],
2352 silly audit   'safe-push-apply': [ '1.0.0' ],
2352 silly audit   'safe-regex-test': [ '1.1.0' ],
2352 silly audit   'set-proto': [ '1.0.0' ],
2352 silly audit   'stop-iteration-iterator': [ '1.1.0' ],
2352 silly audit   'string.prototype.trim': [ '1.2.11' ],
2352 silly audit   'string.prototype.trimstart': [ '1.0.8' ],
2352 silly audit   'typed-array-buffer': [ '1.0.3' ],
2352 silly audit   'typed-array-byte-length': [ '1.0.3' ],
2352 silly audit   'typed-array-byte-offset': [ '1.0.4' ],
2352 silly audit   'typed-array-length': [ '1.0.8' ],
2352 silly audit   'unbox-primitive': [ '1.1.0' ],
2352 silly audit   'which-typed-array': [ '1.1.22' ],
2352 silly audit   'possible-typed-array-names': [ '1.1.0' ],
2352 silly audit   'has-tostringtag': [ '1.0.2' ],
2352 silly audit   'es-abstract-get': [ '1.0.0' ],
2352 silly audit   'is-date-object': [ '1.1.0' ],
2352 silly audit   'is-symbol': [ '1.1.1' ],
2352 silly audit   'aria-query': [ '5.3.2' ],
2352 silly audit   'ast-types-flow': [ '0.0.8' ],
2352 silly audit   'axe-core': [ '4.12.1' ],
2352 silly audit   'axobject-query': [ '4.1.0' ],
2352 silly audit   'damerau-levenshtein': [ '1.0.8' ],
2352 silly audit   'emoji-regex': [ '9.2.2' ],
2352 silly audit   'jsx-ast-utils': [ '3.3.5' ],
2352 silly audit   'language-tags': [ '1.0.9' ],
2352 silly audit   'string.prototype.includes': [ '2.0.1' ],
2352 silly audit   'array.prototype.findlast': [ '1.2.5' ],
2352 silly audit   'array.prototype.tosorted': [ '1.1.4' ],
2352 silly audit   'es-iterator-helpers': [ '1.4.0' ],
2352 silly audit   estraverse: [ '5.3.0' ],
2352 silly audit   'object.entries': [ '1.1.9' ],
2352 silly audit   'prop-types': [ '15.8.1' ],
2352 silly audit   'string.prototype.matchall': [ '4.0.12' ],
2352 silly audit   'string.prototype.repeat': [ '1.0.0' ],
2352 silly audit   'iterator.prototype': [ '1.1.5' ],
2352 silly audit   esrecurse: [ '4.3.0' ],
2352 silly audit   acorn: [ '8.17.0' ],
2352 silly audit   'acorn-jsx': [ '5.3.2' ],
2352 silly audit   '@nodelib/fs.stat': [ '2.0.5' ],
2352 silly audit   '@nodelib/fs.walk': [ '1.2.8' ],
2352 silly audit   merge2: [ '1.4.1' ],
2352 silly audit   micromatch: [ '4.0.8' ],
2352 silly audit   '@nodelib/fs.scandir': [ '2.1.5' ],
2352 silly audit   fastq: [ '1.20.1' ],
2352 silly audit   'run-parallel': [ '1.2.0' ],
2352 silly audit   reusify: [ '1.1.0' ],
2352 silly audit   'flat-cache': [ '4.0.1' ],
2352 silly audit   'locate-path': [ '6.0.0' ],
2352 silly audit   'path-exists': [ '4.0.0' ],
2352 silly audit   flatted: [ '3.4.2' ],
2352 silly audit   keyv: [ '4.5.4' ],
2352 silly audit   'functions-have-names': [ '1.2.3' ],
2352 silly audit   'is-document.all': [ '1.0.0' ],
2352 silly audit   'dunder-proto': [ '1.0.1' ],
2352 silly audit   'resolve-pkg-maps': [ '1.0.0' ],
2352 silly audit   'parent-module': [ '1.0.1' ],
2352 silly audit   'resolve-from': [ '4.0.0' ],
2352 silly audit   'side-channel': [ '1.1.1' ],
2352 silly audit   'is-extglob': [ '2.1.1' ],
2352 silly audit   'set-function-name': [ '2.0.2' ],
2352 silly audit   argparse: [ '2.0.1' ],
2352 silly audit   'json-buffer': [ '3.0.1' ],
2352 silly audit   'language-subtag-registry': [ '0.3.23' ],
2352 silly audit   'prelude-ls': [ '1.2.1' ],
2352 silly audit   'type-check': [ '0.4.0' ],
2352 silly audit   'detect-libc': [ '2.1.2' ],
2352 silly audit   'lightningcss-android-arm64': [ '1.32.0' ],
2352 silly audit   'lightningcss-darwin-arm64': [ '1.32.0' ],
2352 silly audit   'lightningcss-darwin-x64': [ '1.32.0' ],
2352 silly audit   'lightningcss-freebsd-x64': [ '1.32.0' ],
2352 silly audit   'lightningcss-linux-arm-gnueabihf': [ '1.32.0' ],
2352 silly audit   'lightningcss-linux-arm64-gnu': [ '1.32.0' ],
2352 silly audit   'lightningcss-linux-arm64-musl': [ '1.32.0' ],
2352 silly audit   'lightningcss-linux-x64-gnu': [ '1.32.0' ],
2352 silly audit   'lightningcss-linux-x64-musl': [ '1.32.0' ],
2352 silly audit   'lightningcss-win32-arm64-msvc': [ '1.32.0' ],
2352 silly audit   'lightningcss-win32-x64-msvc': [ '1.32.0' ],
2352 silly audit   'p-locate': [ '5.0.0' ],
2352 silly audit   braces: [ '3.0.3' ],
2352 silly audit   picomatch: [ '2.3.2', '4.0.5' ],
2352 silly audit   'fill-range': [ '7.1.1' ],
2352 silly audit   'to-regex-range': [ '5.0.1' ],
2352 silly audit   'brace-expansion': [ '1.1.16', '5.0.7' ],
2352 silly audit   'balanced-match': [ '1.0.2', '4.0.4' ],
2352 silly audit   'concat-map': [ '0.0.1' ],
2352 silly audit   '@next/env': [ '15.1.1' ],
2352 silly audit   '@next/swc-darwin-arm64': [ '15.1.1' ],
2352 silly audit   '@next/swc-darwin-x64': [ '15.1.1' ],
2352 silly audit   '@next/swc-linux-arm64-gnu': [ '15.1.1' ],
2352 silly audit   '@next/swc-linux-arm64-musl': [ '15.1.1' ],
2352 silly audit   '@next/swc-linux-x64-gnu': [ '15.1.1' ],
2352 silly audit   '@next/swc-linux-x64-musl': [ '15.1.1' ],
2352 silly audit   '@next/swc-win32-arm64-msvc': [ '15.1.1' ],
2352 silly audit   '@next/swc-win32-x64-msvc': [ '15.1.1' ],
2352 silly audit   '@swc/counter': [ '0.1.3' ],
2352 silly audit   '@swc/helpers': [ '0.5.15' ],
2352 silly audit   busboy: [ '1.6.0' ],
2352 silly audit   'caniuse-lite': [ '1.0.30001805' ],
2352 silly audit   sharp: [ '0.33.5' ],
2352 silly audit   'styled-jsx': [ '5.1.6' ],
2352 silly audit   tslib: [ '2.8.1' ],
2352 silly audit   streamsearch: [ '1.1.0' ],
2352 silly audit   'deep-is': [ '0.1.4' ],
2352 silly audit   'fast-levenshtein': [ '2.0.6' ],
2352 silly audit   'word-wrap': [ '1.2.5' ],
2352 silly audit   'p-limit': [ '3.1.0' ],
2352 silly audit   'yocto-queue': [ '0.1.0' ],
2352 silly audit   callsites: [ '3.1.0' ],
2352 silly audit   nanoid: [ '3.3.16' ],
2352 silly audit   picocolors: [ '1.1.1' ],
2352 silly audit   'loose-envify': [ '1.4.0' ],
2352 silly audit   'object-assign': [ '4.1.1' ],
2352 silly audit   'react-is': [ '16.13.1' ],
2352 silly audit   'js-tokens': [ '4.0.0' ],
2352 silly audit   scheduler: [ '0.25.0' ],
2352 silly audit   'node-exports-info': [ '1.6.2' ],
2352 silly audit   'path-parse': [ '1.0.7' ],
2352 silly audit   'supports-preserve-symlinks-flag': [ '1.0.0' ],
2352 silly audit   'queue-microtask': [ '1.2.3' ],
2352 silly audit   isarray: [ '2.0.5' ],
2352 silly audit   '@img/sharp-darwin-arm64': [ '0.33.5' ],
2352 silly audit   '@img/sharp-darwin-x64': [ '0.33.5' ],
2352 silly audit   '@img/sharp-libvips-darwin-arm64': [ '1.0.4' ],
2352 silly audit   '@img/sharp-libvips-darwin-x64': [ '1.0.4' ],
2352 silly audit   '@img/sharp-libvips-linux-arm': [ '1.0.5' ],
2352 silly audit   '@img/sharp-libvips-linux-arm64': [ '1.0.4' ],
2352 silly audit   '@img/sharp-libvips-linux-s390x': [ '1.0.4' ],
2352 silly audit   '@img/sharp-libvips-linux-x64': [ '1.0.4' ],
2352 silly audit   '@img/sharp-libvips-linuxmusl-arm64': [ '1.0.4' ],
2352 silly audit   '@img/sharp-libvips-linuxmusl-x64': [ '1.0.4' ],
2352 silly audit   '@img/sharp-linux-arm': [ '0.33.5' ],
2352 silly audit   '@img/sharp-linux-arm64': [ '0.33.5' ],
2352 silly audit   '@img/sharp-linux-s390x': [ '0.33.5' ],
2352 silly audit   '@img/sharp-linux-x64': [ '0.33.5' ],
2352 silly audit   '@img/sharp-linuxmusl-arm64': [ '0.33.5' ],
2352 silly audit   '@img/sharp-linuxmusl-x64': [ '0.33.5' ],
2352 silly audit   '@img/sharp-wasm32': [ '0.33.5' ],
2352 silly audit   '@img/sharp-win32-ia32': [ '0.33.5' ],
2352 silly audit   '@img/sharp-win32-x64': [ '0.33.5' ],
2352 silly audit   color: [ '4.2.3' ],
2352 silly audit   '@emnapi/runtime': [ '1.11.2', '1.10.0' ],
2352 silly audit   'color-string': [ '1.9.1' ],
2352 silly audit   'simple-swizzle': [ '0.2.4' ],
2352 silly audit   'shebang-regex': [ '3.0.0' ],
2352 silly audit   'side-channel-list': [ '1.0.1' ],
2352 silly audit   'side-channel-map': [ '1.0.1' ],
2352 silly audit   'side-channel-weakmap': [ '1.0.2' ],
2352 silly audit   'is-arrayish': [ '0.3.4' ],
2352 silly audit   'client-only': [ '0.0.1' ],
2352 silly audit   'has-flag': [ '4.0.0' ],
2352 silly audit   fdir: [ '6.5.0' ],
2352 silly audit   'is-number': [ '7.0.0' ],
2352 silly audit   '@types/json5': [ '0.0.29' ],
2352 silly audit   json5: [ '1.0.2' ],
2352 silly audit   minimist: [ '1.2.8' ],
2352 silly audit   'strip-bom': [ '3.0.0' ],
2352 silly audit   'for-each': [ '0.3.5' ],
2352 silly audit   'reflect.getprototypeof': [ '1.0.10' ],
2352 silly audit   'which-builtin-type': [ '1.2.1' ],
2352 silly audit   'has-bigints': [ '1.1.0' ],
2352 silly audit   'which-boxed-primitive': [ '1.1.1' ],
2352 silly audit   '@unrs/resolver-binding-android-arm-eabi': [ '1.12.2' ],
2352 silly audit   '@unrs/resolver-binding-android-arm64': [ '1.12.2' ],
2352 silly audit   '@unrs/resolver-binding-darwin-arm64': [ '1.12.2' ],
2352 silly audit   '@unrs/resolver-binding-darwin-x64': [ '1.12.2' ],
2352 silly audit   '@unrs/resolver-binding-freebsd-x64': [ '1.12.2' ],
2352 silly audit   '@unrs/resolver-binding-linux-arm-gnueabihf': [ '1.12.2' ],
2352 silly audit   '@unrs/resolver-binding-linux-arm-musleabihf': [ '1.12.2' ],
2352 silly audit   '@unrs/resolver-binding-linux-arm64-gnu': [ '1.12.2' ],
2352 silly audit   '@unrs/resolver-binding-linux-arm64-musl': [ '1.12.2' ],
2352 silly audit   '@unrs/resolver-binding-linux-loong64-gnu': [ '1.12.2' ],
2352 silly audit   '@unrs/resolver-binding-linux-loong64-musl': [ '1.12.2' ],
2352 silly audit   '@unrs/resolver-binding-linux-ppc64-gnu': [ '1.12.2' ],
2352 silly audit   '@unrs/resolver-binding-linux-riscv64-gnu': [ '1.12.2' ],
2352 silly audit   '@unrs/resolver-binding-linux-riscv64-musl': [ '1.12.2' ],
2352 silly audit   '@unrs/resolver-binding-linux-s390x-gnu': [ '1.12.2' ],
2352 silly audit   '@unrs/resolver-binding-linux-x64-gnu': [ '1.12.2' ],
2352 silly audit   '@unrs/resolver-binding-linux-x64-musl': [ '1.12.2' ],
2352 silly audit   '@unrs/resolver-binding-openharmony-arm64': [ '1.12.2' ],
2352 silly audit   '@unrs/resolver-binding-wasm32-wasi': [ '1.12.2' ],
2352 silly audit   '@unrs/resolver-binding-win32-arm64-msvc': [ '1.12.2' ],
2352 silly audit   '@unrs/resolver-binding-win32-ia32-msvc': [ '1.12.2' ],
2352 silly audit   '@unrs/resolver-binding-win32-x64-msvc': [ '1.12.2' ],
2352 silly audit   'napi-postinstall': [ '0.3.4' ],
2352 silly audit   '@emnapi/core': [ '1.10.0' ],
2352 silly audit   '@napi-rs/wasm-runtime': [ '1.1.6' ],
2352 silly audit   '@emnapi/wasi-threads': [ '1.2.1' ],
2352 silly audit   '@tybys/wasm-util': [ '0.10.3' ],
2352 silly audit   punycode: [ '2.3.1' ],
2352 silly audit   isexe: [ '2.0.0' ],
2352 silly audit   'is-bigint': [ '1.1.0' ],
2352 silly audit   'is-boolean-object': [ '1.2.2' ],
2352 silly audit   'is-number-object': [ '1.1.1' ],
2352 silly audit   'is-async-function': [ '2.1.1' ],
2352 silly audit   'is-finalizationregistry': [ '1.1.1' ],
2352 silly audit   'is-generator-function': [ '1.1.2' ],
2352 silly audit   'which-collection': [ '1.0.2' ],
2352 silly audit   'async-function': [ '1.0.0' ],
2352 silly audit   'generator-function': [ '2.0.1' ],
2352 silly audit   'is-map': [ '2.0.3' ],
2352 silly audit   'is-weakmap': [ '2.0.2' ],
2352 silly audit   'is-weakset': [ '2.0.4' ]
2352 silly audit }
2353 http fetch POST 200 https://registry.npmjs.org/-/npm/v1/security/advisories/bulk 1576ms
2354 silly audit report {
2354 silly audit report   next: [
2354 silly audit report     {
2354 silly audit report       id: 1117931,
2354 silly audit report       url: 'https://github.com/advisories/GHSA-8h8q-6873-q5fj',
2354 silly audit report       title: 'Next.js Vulnerable to Denial of Service with Server Components',
2354 silly audit report       severity: 'high',
2354 silly audit report       vulnerable_versions: '>=13.0.0 <15.5.16',
2354 silly audit report       cwe: [Array],
2354 silly audit report       cvss: [Object]
2354 silly audit report     },
2354 silly audit report     {
2354 silly audit report       id: 1101437,
2354 silly audit report       url: 'https://github.com/advisories/GHSA-7m27-7ghc-44w9',
2354 silly audit report       title: 'Next.js Allows a Denial of Service (DoS) with Server Actions',
2354 silly audit report       severity: 'moderate',
2354 silly audit report       vulnerable_versions: '>=15.0.0 <15.1.2',
2354 silly audit report       cwe: [Array],
2354 silly audit report       cvss: [Object]
2354 silly audit report     },
2354 silly audit report     {
2354 silly audit report       id: 1105462,
2354 silly audit report       url: 'https://github.com/advisories/GHSA-3h52-269p-cp9r',
2354 silly audit report       title: 'Information exposure in Next.js dev server due to lack of origin verification',
2354 silly audit report       severity: 'low',
2354 silly audit report       vulnerable_versions: '>=15.0.0 <15.2.2',
2354 silly audit report       cwe: [Array],
2354 silly audit report       cvss: [Object]
2354 silly audit report     },
2354 silly audit report     {
2354 silly audit report       id: 1105948,
2354 silly audit report       url: 'https://github.com/advisories/GHSA-67rr-84xm-4c7r',
2354 silly audit report       title: 'Next.JS vulnerability can lead to DoS via cache poisoning ',
2354 silly audit report       severity: 'high',
2354 silly audit report       vulnerable_versions: '>=15.0.4-canary.51 <15.1.8',
2354 silly audit report       cwe: [Array],
2354 silly audit report       cvss: [Object]
2354 silly audit report     },
2354 silly audit report     {
2354 silly audit report       id: 1111367,
2354 silly audit report       url: 'https://github.com/advisories/GHSA-9qr9-h5gf-34mp',
2354 silly audit report       title: 'Next.js is vulnerable to RCE in React flight protocol',
2354 silly audit report       severity: 'critical',
2354 silly audit report       vulnerable_versions: '>=15.1.0-canary.0 <15.1.9',
2354 silly audit report       cwe: [Array],
2354 silly audit report       cvss: [Object]
2354 silly audit report     },
2354 silly audit report     {
2354 silly audit report       id: 1111380,
2354 silly audit report       url: 'https://github.com/advisories/GHSA-w37m-7fhw-fmv9',
2354 silly audit report       title: 'Next Server Actions Source Code Exposure ',
2354 silly audit report       severity: 'moderate',
2354 silly audit report       vulnerable_versions: '>=15.1.1-canary.0 <15.1.10',
2354 silly audit report       cwe: [Array],
2354 silly audit report       cvss: [Object]
2354 silly audit report     },
2354 silly audit report     {
2354 silly audit report       id: 1111389,
2354 silly audit report       url: 'https://github.com/advisories/GHSA-mwv6-3258-q52c',
2354 silly audit report       title: 'Next Vulnerable to Denial of Service with Server Components',
2354 silly audit report       severity: 'high',
2354 silly audit report       vulnerable_versions: '>=15.1.1-canary.0 <15.1.10',
2354 silly audit report       cwe: [Array],
2354 silly audit report       cvss: [Object]
2354 silly audit report     },
2354 silly audit report     {
2354 silly audit report       id: 1107228,
2354 silly audit report       url: 'https://github.com/advisories/GHSA-g5qg-72qw-gw5v',
2354 silly audit report       title: 'Next.js Affected by Cache Key Confusion for Image Optimization API Routes',
2354 silly audit report       severity: 'moderate',
2354 silly audit report       vulnerable_versions: '>=15.0.0 <=15.4.4',
2354 silly audit report       cwe: [Array],
2354 silly audit report       cvss: [Object]
2354 silly audit report     },
2354 silly audit report     {
2354 silly audit report       id: 1107514,
2354 silly audit report       url: 'https://github.com/advisories/GHSA-xv57-4mr9-wg8v',
2354 silly audit report       title: 'Next.js Content Injection Vulnerability for Image Optimization',
2354 silly audit report       severity: 'moderate',
2354 silly audit report       vulnerable_versions: '>=15.0.0 <=15.4.4',
2354 silly audit report       cwe: [Array],
2354 silly audit report       cvss: [Object]
2354 silly audit report     },
2354 silly audit report     {
2354 silly audit report       id: 1107515,
2354 silly audit report       url: 'https://github.com/advisories/GHSA-4342-x723-ch2f',
2354 silly audit report       title: 'Next.js Improper Middleware Redirect Handling Leads to SSRF',
2354 silly audit report       severity: 'moderate',
2354 silly audit report       vulnerable_versions: '>=15.0.0-canary.0 <15.4.7',
2354 silly audit report       cwe: [Array],
2354 silly audit report       cvss: [Object]
2354 silly audit report     },
2354 silly audit report     {
2354 silly audit report       id: 1108410,
2354 silly audit report       url: 'https://github.com/advisories/GHSA-qpjv-v59x-3qc4',
2354 silly audit report       title: 'Next.js Race Condition to Cache Poisoning',
2354 silly audit report       severity: 'low',
2354 silly audit report       vulnerable_versions: '>=15.0.0 <15.1.6',
2354 silly audit report       cwe: [Array],
2354 silly audit report       cvss: [Object]
2354 silly audit report     },
2354 silly audit report     {
2354 silly audit report       id: 1118942,
2354 silly audit report       url: 'https://github.com/advisories/GHSA-3g8h-86w9-wvmq',
2354 silly audit report       title: "Next.js's Middleware / Proxy redirects can be cache-poisoned",
2354 silly audit report       severity: 'low',
2354 silly audit report       vulnerable_versions: '>=12.2.0 <15.5.16',
2354 silly audit report       cwe: [Array],
2354 silly audit report       cvss: [Object]
2354 silly audit report     },
2354 silly audit report     {
2354 silly audit report       id: 1118944,
2354 silly audit report       url: 'https://github.com/advisories/GHSA-ffhc-5mcf-pf4q',
2354 silly audit report       title: 'Next.js vulnerable to cross-site scripting in App Router applications using CSP nonces',
2354 silly audit report       severity: 'moderate',
2354 silly audit report       vulnerable_versions: '>=13.4.0 <15.5.16',
2354 silly audit report       cwe: [Array],
2354 silly audit report       cvss: [Object]
2354 silly audit report     },
2354 silly audit report     {
2354 silly audit report       id: 1118946,
2354 silly audit report       url: 'https://github.com/advisories/GHSA-vfv6-92ff-j949',
2354 silly audit report       title: 'Next.js vulnerable to cache poisoning via collisions in React Server Component cache-busting',
2354 silly audit report       severity: 'low',
2354 silly audit report       vulnerable_versions: '>=13.4.6 <15.5.16',
2354 silly audit report       cwe: [Array],
2354 silly audit report       cvss: [Object]
2354 silly audit report     },
2354 silly audit report     {
2354 silly audit report       id: 1118948,
2354 silly audit report       url: 'https://github.com/advisories/GHSA-gx5p-jg67-6x7h',
2354 silly audit report       title: 'Next.js has cross-site scripting in beforeInteractive scripts with untrusted input',
2354 silly audit report       severity: 'moderate',
2354 silly audit report       vulnerable_versions: '>=13.0.0 <15.5.16',
2354 silly audit report       cwe: [Array],
2354 silly audit report       cvss: [Object]
2354 silly audit report     },
2354 silly audit report     {
2354 silly audit report       id: 1118950,
2354 silly audit report       url: 'https://github.com/advisories/GHSA-mg66-mrh9-m8jx',
2354 silly audit report       title: 'Next.js vulnerable to Denial of Service via connection exhaustion in applications using Cache Components',
2354 silly audit report       severity: 'high',
2354 silly audit report       vulnerable_versions: '>=15.0.0 <15.5.16',
2354 silly audit report       cwe: [Array],
2354 silly audit report       cvss: [Object]
2354 silly audit report     },
2354 silly audit report     {
2354 silly audit report       id: 1118952,
2354 silly audit report       url: 'https://github.com/advisories/GHSA-h64f-5h5j-jqjh',
2354 silly audit report       title: 'Next.js has a Denial of Service in the Image Optimization API',
2354 silly audit report       severity: 'moderate',
2354 silly audit report       vulnerable_versions: '>=10.0.0 <15.5.16',
2354 silly audit report       cwe: [Array],
2354 silly audit report       cvss: [Object]
2354 silly audit report     },
2354 silly audit report     {
2354 silly audit report       id: 1118954,
2354 silly audit report       url: 'https://github.com/advisories/GHSA-c4j6-fc7j-m34r',
2354 silly audit report       title: 'Next.js vulnerable to server-side request forgery in applications using WebSocket upgrades',
2354 silly audit report       severity: 'high',
2354 silly audit report       vulnerable_versions: '>=13.4.13 <15.5.16',
2354 silly audit report       cwe: [Array],
2354 silly audit report       cvss: [Object]
2354 silly audit report     },
2354 silly audit report     {
2354 silly audit report       id: 1118958,
2354 silly audit report       url: 'https://github.com/advisories/GHSA-wfc6-r584-vfw7',
2354 silly audit report       title: 'Next.js vulnerable to cache poisoning in React Server Component responses',
2354 silly audit report       severity: 'moderate',
2354 silly audit report       vulnerable_versions: '>=14.2.0 <15.5.16',
2354 silly audit report       cwe: [Array],
2354 silly audit report       cvss: [Object]
2354 silly audit report     },
2354 silly audit report     {
2354 silly audit report       id: 1118962,
2354 silly audit report       url: 'https://github.com/advisories/GHSA-36qx-fr4f-26g5',
2354 silly audit report       title: 'Next.js has a Middleware / Proxy bypass in Pages Router applications using i18n',
2354 silly audit report       severity: 'high',
2354 silly audit report       vulnerable_versions: '>=12.2.0 <15.5.16',
2354 silly audit report       cwe: [Array],
2354 silly audit report       cvss: [Object]
2354 silly audit report     },
2354 silly audit report     {
2354 silly audit report       id: 1112593,
2354 silly audit report       url: 'https://github.com/advisories/GHSA-9g9p-9gw9-jx7f',
2354 silly audit report       title: 'Next.js self-hosted applications vulnerable to DoS via Image Optimizer remotePatterns configuration',
2354 silly audit report       severity: 'moderate',
2354 silly audit report       vulnerable_versions: '>=10.0.0 <15.5.10',
2354 silly audit report       cwe: [Array],
2354 silly audit report       cvss: [Object]
2354 silly audit report     },
2354 silly audit report     {
2354 silly audit report       id: 1112652,
2354 silly audit report       url: 'https://github.com/advisories/GHSA-h25m-26qc-wcjf',
2354 silly audit report       title: 'Next.js HTTP request deserialization can lead to DoS when using insecure React Server Components',
2354 silly audit report       severity: 'high',
2354 silly audit report       vulnerable_versions: '>=15.1.1-canary.0 <15.1.12',
2354 silly audit report       cwe: [Array],
2354 silly audit report       cvss: [Object]
2354 silly audit report     },
2354 silly audit report     {
2354 silly audit report       id: 1113688,
2354 silly audit report       url: 'https://github.com/advisories/GHSA-f82v-jwr5-mffw',
2354 silly audit report       title: 'Authorization Bypass in Next.js Middleware',
2354 silly audit report       severity: 'critical',
2354 silly audit report       vulnerable_versions: '>=15.0.0 <15.2.3',
2354 silly audit report       cwe: [Array],
2354 silly audit report       cvss: [Object]
2354 silly audit report     },
2354 silly audit report     {
2354 silly audit report       id: 1114897,
2354 silly audit report       url: 'https://github.com/advisories/GHSA-ggv3-7p47-pfv8',
2354 silly audit report       title: 'Next.js: HTTP request smuggling in rewrites',
2354 silly audit report       severity: 'moderate',
2354 silly audit report       vulnerable_versions: '>=9.5.0 <15.5.13',
2354 silly audit report       cwe: [Array],
2354 silly audit report       cvss: [Object]
2354 silly audit report     },
2354 silly audit report     {
2354 silly audit report       id: 1114940,
2354 silly audit report       url: 'https://github.com/advisories/GHSA-3x4c-7xq6-9pq8',
2354 silly audit report       title: 'Next.js: Unbounded next/image disk cache growth can exhaust storage',
2354 silly audit report       severity: 'moderate',
2354 silly audit report       vulnerable_versions: '>=10.0.0 <15.5.14',
2354 silly audit report       cwe: [Array],
2354 silly audit report       cvss: [Object]
2354 silly audit report     },
2354 silly audit report     {
2354 silly audit report       id: 1116376,
2354 silly audit report       url: 'https://github.com/advisories/GHSA-q4gf-8mx6-v5v3',
2354 silly audit report       title: 'Next.js has a Denial of Service with Server Components',
2354 silly audit report       severity: 'high',
2354 silly audit report       vulnerable_versions: '>=13.0.0 <15.5.15',
2354 silly audit report       cwe: [Array],
2354 silly audit report       cvss: [Object]
2354 silly audit report     }
2354 silly audit report   ],
2354 silly audit report   postcss: [
2354 silly audit report     {
2354 silly audit report       id: 1117015,
2354 silly audit report       url: 'https://github.com/advisories/GHSA-qx2v-qp2m-jg93',
2354 silly audit report       title: 'PostCSS has XSS via Unescaped </style> in its CSS Stringify Output',
2354 silly audit report       severity: 'moderate',
2354 silly audit report       vulnerable_versions: '<8.5.10',
2354 silly audit report       cwe: [Array],
2354 silly audit report       cvss: [Object]
2354 silly audit report     }
2354 silly audit report   ]
2354 silly audit report }
2355 silly packumentCache corgi:https://registry.npmjs.org/next cache-miss
2356 silly packumentCache corgi:https://registry.npmjs.org/postcss cache-miss
2357 http cache punycode@https://registry.npmjs.org/punycode/-/punycode-2.3.1.tgz 1ms (cache hit)
2358 http cache @unrs/resolver-binding-win32-x64-msvc@https://registry.npmjs.org/@unrs/resolver-binding-win32-x64-msvc/-/resolver-binding-win32-x64-msvc-1.12.2.tgz 0ms (cache hit)
2359 http cache strip-bom@https://registry.npmjs.org/strip-bom/-/strip-bom-3.0.0.tgz 0ms (cache hit)
2360 http cache @types/json5@https://registry.npmjs.org/@types/json5/-/json5-0.0.29.tgz 0ms (cache hit)
2361 http cache is-number@https://registry.npmjs.org/is-number/-/is-number-7.0.0.tgz 0ms (cache hit)
2362 http cache has-flag@https://registry.npmjs.org/has-flag/-/has-flag-4.0.0.tgz 0ms (cache hit)
2363 http cache client-only@https://registry.npmjs.org/client-only/-/client-only-0.0.1.tgz 0ms (cache hit)
2364 http cache is-arrayish@https://registry.npmjs.org/is-arrayish/-/is-arrayish-0.3.4.tgz 0ms (cache hit)
2365 http cache simple-swizzle@https://registry.npmjs.org/simple-swizzle/-/simple-swizzle-0.2.4.tgz 0ms (cache hit)
2366 http cache shebang-regex@https://registry.npmjs.org/shebang-regex/-/shebang-regex-3.0.0.tgz 0ms (cache hit)
2367 http cache color-string@https://registry.npmjs.org/color-string/-/color-string-1.9.1.tgz 0ms (cache hit)
2368 http cache isarray@https://registry.npmjs.org/isarray/-/isarray-2.0.5.tgz 0ms (cache hit)
2369 http cache color@https://registry.npmjs.org/color/-/color-4.2.3.tgz 0ms (cache hit)
2370 http cache path-parse@https://registry.npmjs.org/path-parse/-/path-parse-1.0.7.tgz 0ms (cache hit)
2371 http cache queue-microtask@https://registry.npmjs.org/queue-microtask/-/queue-microtask-1.2.3.tgz 0ms (cache hit)
2372 http cache js-tokens@https://registry.npmjs.org/js-tokens/-/js-tokens-4.0.0.tgz 0ms (cache hit)
2373 http cache object-assign@https://registry.npmjs.org/object-assign/-/object-assign-4.1.1.tgz 0ms (cache hit)
2374 http cache picocolors@https://registry.npmjs.org/picocolors/-/picocolors-1.1.1.tgz 0ms (cache hit)
2375 http cache callsites@https://registry.npmjs.org/callsites/-/callsites-3.1.0.tgz 0ms (cache hit)
2376 http cache yocto-queue@https://registry.npmjs.org/yocto-queue/-/yocto-queue-0.1.0.tgz 0ms (cache hit)
2377 http cache p-limit@https://registry.npmjs.org/p-limit/-/p-limit-3.1.0.tgz 0ms (cache hit)
2378 http cache fast-levenshtein@https://registry.npmjs.org/fast-levenshtein/-/fast-levenshtein-2.0.6.tgz 0ms (cache hit)
2379 http cache word-wrap@https://registry.npmjs.org/word-wrap/-/word-wrap-1.2.5.tgz 0ms (cache hit)
2380 http cache @swc/counter@https://registry.npmjs.org/@swc/counter/-/counter-0.1.3.tgz 0ms (cache hit)
2381 http cache to-regex-range@https://registry.npmjs.org/to-regex-range/-/to-regex-range-5.0.1.tgz 0ms (cache hit)
2382 http cache fill-range@https://registry.npmjs.org/fill-range/-/fill-range-7.1.1.tgz 0ms (cache hit)
2383 http cache p-locate@https://registry.npmjs.org/p-locate/-/p-locate-5.0.0.tgz 0ms (cache hit)
2384 http cache lightningcss-win32-x64-msvc@https://registry.npmjs.org/lightningcss-win32-x64-msvc/-/lightningcss-win32-x64-msvc-1.32.0.tgz 0ms (cache hit)
2385 http cache resolve-from@https://registry.npmjs.org/resolve-from/-/resolve-from-4.0.0.tgz 0ms (cache hit)
2386 http cache is-extglob@https://registry.npmjs.org/is-extglob/-/is-extglob-2.1.1.tgz 0ms (cache hit)
2387 http cache parent-module@https://registry.npmjs.org/parent-module/-/parent-module-1.0.1.tgz 0ms (cache hit)
2388 http cache path-exists@https://registry.npmjs.org/path-exists/-/path-exists-4.0.0.tgz 0ms (cache hit)
2389 http cache locate-path@https://registry.npmjs.org/locate-path/-/locate-path-6.0.0.tgz 0ms (cache hit)
2390 http cache run-parallel@https://registry.npmjs.org/run-parallel/-/run-parallel-1.2.0.tgz 0ms (cache hit)
2391 http cache merge2@https://registry.npmjs.org/merge2/-/merge2-1.4.1.tgz 0ms (cache hit)
2392 http cache acorn-jsx@https://registry.npmjs.org/acorn-jsx/-/acorn-jsx-5.3.2.tgz 0ms (cache hit)
2393 http cache micromatch@https://registry.npmjs.org/micromatch/-/micromatch-4.0.8.tgz 0ms (cache hit)
2394 http cache esrecurse@https://registry.npmjs.org/esrecurse/-/esrecurse-4.3.0.tgz 0ms (cache hit)
2395 http cache estraverse@https://registry.npmjs.org/estraverse/-/estraverse-5.3.0.tgz 0ms (cache hit)
2396 http cache @next/swc-win32-x64-msvc@https://registry.npmjs.org/@next/swc-win32-x64-msvc/-/swc-win32-x64-msvc-15.1.1.tgz 0ms (cache hit)
2397 http cache eslint-module-utils@https://registry.npmjs.org/eslint-module-utils/-/eslint-module-utils-2.14.0.tgz 0ms (cache hit)
2398 http cache @rtsao/scc@https://registry.npmjs.org/@rtsao/scc/-/scc-1.1.0.tgz 0ms (cache hit)
2399 http cache @nolyfill/is-core-module@https://registry.npmjs.org/@nolyfill/is-core-module/-/is-core-module-1.0.39.tgz 0ms (cache hit)
2400 http cache unrs-resolver@https://registry.npmjs.org/unrs-resolver/-/unrs-resolver-1.12.2.tgz 0ms (cache hit)
2401 http cache eslint-import-resolver-node@https://registry.npmjs.org/eslint-import-resolver-node/-/eslint-import-resolver-node-0.3.10.tgz 0ms (cache hit)
2402 http cache ms@https://registry.npmjs.org/ms/-/ms-2.1.3.tgz 0ms (cache hit)
2403 http cache shebang-command@https://registry.npmjs.org/shebang-command/-/shebang-command-2.0.0.tgz 0ms (cache hit)
2404 http cache color-convert@https://registry.npmjs.org/color-convert/-/color-convert-2.0.1.tgz 0ms (cache hit)
2405 http cache color-name@https://registry.npmjs.org/color-name/-/color-name-1.1.4.tgz 1ms (cache hit)
2406 http cache supports-color@https://registry.npmjs.org/supports-color/-/supports-color-7.2.0.tgz 0ms (cache hit)
2407 http cache ansi-styles@https://registry.npmjs.org/ansi-styles/-/ansi-styles-4.3.0.tgz 0ms (cache hit)
2408 http cache path-key@https://registry.npmjs.org/path-key/-/path-key-3.1.1.tgz 0ms (cache hit)
2409 http cache strip-json-comments@https://registry.npmjs.org/strip-json-comments/-/strip-json-comments-3.1.1.tgz 0ms (cache hit)
2410 http cache globals@https://registry.npmjs.org/globals/-/globals-14.0.0.tgz 0ms (cache hit)
2411 http cache import-fresh@https://registry.npmjs.org/import-fresh/-/import-fresh-3.3.1.tgz 0ms (cache hit)
2412 http cache natural-compare@https://registry.npmjs.org/natural-compare/-/natural-compare-1.4.0.tgz 0ms (cache hit)
2413 http cache lodash.merge@https://registry.npmjs.org/lodash.merge/-/lodash.merge-4.6.2.tgz 0ms (cache hit)
2414 http cache minimatch@https://registry.npmjs.org/minimatch/-/minimatch-3.1.5.tgz 0ms (cache hit)
2415 http cache imurmurhash@https://registry.npmjs.org/imurmurhash/-/imurmurhash-0.1.4.tgz 0ms (cache hit)
2416 http cache is-glob@https://registry.npmjs.org/is-glob/-/is-glob-4.0.3.tgz 0ms (cache hit)
2417 http cache @types/json-schema@https://registry.npmjs.org/@types/json-schema/-/json-schema-7.0.15.tgz 0ms (cache hit)
2418 http cache glob-parent@https://registry.npmjs.org/glob-parent/-/glob-parent-6.0.2.tgz 0ms (cache hit)
2419 http cache ignore@https://registry.npmjs.org/ignore/-/ignore-5.3.2.tgz 0ms (cache hit)
2420 http cache find-up@https://registry.npmjs.org/find-up/-/find-up-5.0.0.tgz 0ms (cache hit)
2421 http cache file-entry-cache@https://registry.npmjs.org/file-entry-cache/-/file-entry-cache-8.0.0.tgz 0ms (cache hit)
2422 http cache escape-string-regexp@https://registry.npmjs.org/escape-string-regexp/-/escape-string-regexp-4.0.0.tgz 0ms (cache hit)
2423 http cache @types/estree@https://registry.npmjs.org/@types/estree/-/estree-1.0.9.tgz 0ms (cache hit)
2424 http cache csstype@https://registry.npmjs.org/csstype/-/csstype-3.2.3.tgz 0ms (cache hit)
2425 http cache @eslint-community/eslint-utils@https://registry.npmjs.org/@eslint-community/eslint-utils/-/eslint-utils-4.9.1.tgz 0ms (cache hit)
2426 http cache @eslint-community/regexpp@https://registry.npmjs.org/@eslint-community/regexpp/-/regexpp-4.12.2.tgz 0ms (cache hit)
2427 http cache graceful-fs@https://registry.npmjs.org/graceful-fs/-/graceful-fs-4.2.11.tgz 0ms (cache hit)
2428 http cache @tailwindcss/oxide-win32-x64-msvc@https://registry.npmjs.org/@tailwindcss/oxide-win32-x64-msvc/-/oxide-win32-x64-msvc-4.3.2.tgz 0ms (cache hit)
2429 http cache undici-types@https://registry.npmjs.org/undici-types/-/undici-types-6.20.0.tgz 0ms (cache hit)
2430 http cache @tailwindcss/oxide@https://registry.npmjs.org/@tailwindcss/oxide/-/oxide-4.3.2.tgz 0ms (cache hit)
2431 http cache @alloc/quick-lru@https://registry.npmjs.org/@alloc/quick-lru/-/quick-lru-5.2.0.tgz 0ms (cache hit)
2432 http cache eslint-config-next@https://registry.npmjs.org/eslint-config-next/-/eslint-config-next-15.1.1.tgz 0ms (cache hit)
2433 http cache glob-parent@https://registry.npmjs.org/glob-parent/-/glob-parent-5.1.2.tgz 0ms (cache hit)
2434 silly tarball no local data for punycode@https://registry.npmjs.org/punycode/-/punycode-2.3.1.tgz. Extracting by manifest.
2435 silly tarball no local data for @unrs/resolver-binding-win32-x64-msvc@https://registry.npmjs.org/@unrs/resolver-binding-win32-x64-msvc/-/resolver-binding-win32-x64-msvc-1.12.2.tgz. Extracting by manifest.
2436 silly tarball no local data for strip-bom@https://registry.npmjs.org/strip-bom/-/strip-bom-3.0.0.tgz. Extracting by manifest.
2437 silly tarball no local data for @types/json5@https://registry.npmjs.org/@types/json5/-/json5-0.0.29.tgz. Extracting by manifest.
2438 silly tarball no local data for is-number@https://registry.npmjs.org/is-number/-/is-number-7.0.0.tgz. Extracting by manifest.
2439 silly tarball no local data for has-flag@https://registry.npmjs.org/has-flag/-/has-flag-4.0.0.tgz. Extracting by manifest.
2440 silly tarball no local data for client-only@https://registry.npmjs.org/client-only/-/client-only-0.0.1.tgz. Extracting by manifest.
2441 silly tarball no local data for is-arrayish@https://registry.npmjs.org/is-arrayish/-/is-arrayish-0.3.4.tgz. Extracting by manifest.
2442 silly tarball no local data for simple-swizzle@https://registry.npmjs.org/simple-swizzle/-/simple-swizzle-0.2.4.tgz. Extracting by manifest.
2443 silly tarball no local data for shebang-regex@https://registry.npmjs.org/shebang-regex/-/shebang-regex-3.0.0.tgz. Extracting by manifest.
2444 silly tarball no local data for color-string@https://registry.npmjs.org/color-string/-/color-string-1.9.1.tgz. Extracting by manifest.
2445 silly tarball no local data for isarray@https://registry.npmjs.org/isarray/-/isarray-2.0.5.tgz. Extracting by manifest.
2446 silly tarball no local data for color@https://registry.npmjs.org/color/-/color-4.2.3.tgz. Extracting by manifest.
2447 silly tarball no local data for path-parse@https://registry.npmjs.org/path-parse/-/path-parse-1.0.7.tgz. Extracting by manifest.
2448 silly tarball no local data for queue-microtask@https://registry.npmjs.org/queue-microtask/-/queue-microtask-1.2.3.tgz. Extracting by manifest.
2449 silly tarball no local data for js-tokens@https://registry.npmjs.org/js-tokens/-/js-tokens-4.0.0.tgz. Extracting by manifest.
2450 silly tarball no local data for object-assign@https://registry.npmjs.org/object-assign/-/object-assign-4.1.1.tgz. Extracting by manifest.
2451 silly tarball no local data for picocolors@https://registry.npmjs.org/picocolors/-/picocolors-1.1.1.tgz. Extracting by manifest.
2452 http cache loose-envify@https://registry.npmjs.org/loose-envify/-/loose-envify-1.4.0.tgz 0ms (cache hit)
2453 silly tarball no local data for callsites@https://registry.npmjs.org/callsites/-/callsites-3.1.0.tgz. Extracting by manifest.
2454 silly tarball no local data for yocto-queue@https://registry.npmjs.org/yocto-queue/-/yocto-queue-0.1.0.tgz. Extracting by manifest.
2455 silly tarball no local data for fast-levenshtein@https://registry.npmjs.org/fast-levenshtein/-/fast-levenshtein-2.0.6.tgz. Extracting by manifest.
2456 silly tarball no local data for p-limit@https://registry.npmjs.org/p-limit/-/p-limit-3.1.0.tgz. Extracting by manifest.
2457 silly tarball no local data for word-wrap@https://registry.npmjs.org/word-wrap/-/word-wrap-1.2.5.tgz. Extracting by manifest.
2458 silly tarball no local data for @swc/counter@https://registry.npmjs.org/@swc/counter/-/counter-0.1.3.tgz. Extracting by manifest.
2459 silly tarball no local data for to-regex-range@https://registry.npmjs.org/to-regex-range/-/to-regex-range-5.0.1.tgz. Extracting by manifest.
2460 silly tarball no local data for fill-range@https://registry.npmjs.org/fill-range/-/fill-range-7.1.1.tgz. Extracting by manifest.
2461 silly tarball no local data for p-locate@https://registry.npmjs.org/p-locate/-/p-locate-5.0.0.tgz. Extracting by manifest.
2462 silly tarball no local data for lightningcss-win32-x64-msvc@https://registry.npmjs.org/lightningcss-win32-x64-msvc/-/lightningcss-win32-x64-msvc-1.32.0.tgz. Extracting by manifest.
2463 silly tarball no local data for resolve-from@https://registry.npmjs.org/resolve-from/-/resolve-from-4.0.0.tgz. Extracting by manifest.
2464 silly tarball no local data for is-extglob@https://registry.npmjs.org/is-extglob/-/is-extglob-2.1.1.tgz. Extracting by manifest.
2465 silly tarball no local data for parent-module@https://registry.npmjs.org/parent-module/-/parent-module-1.0.1.tgz. Extracting by manifest.
2466 silly tarball no local data for path-exists@https://registry.npmjs.org/path-exists/-/path-exists-4.0.0.tgz. Extracting by manifest.
2467 silly tarball no local data for locate-path@https://registry.npmjs.org/locate-path/-/locate-path-6.0.0.tgz. Extracting by manifest.
2468 silly tarball no local data for run-parallel@https://registry.npmjs.org/run-parallel/-/run-parallel-1.2.0.tgz. Extracting by manifest.
2469 silly tarball no local data for merge2@https://registry.npmjs.org/merge2/-/merge2-1.4.1.tgz. Extracting by manifest.
2470 silly tarball no local data for acorn-jsx@https://registry.npmjs.org/acorn-jsx/-/acorn-jsx-5.3.2.tgz. Extracting by manifest.
2471 silly tarball no local data for micromatch@https://registry.npmjs.org/micromatch/-/micromatch-4.0.8.tgz. Extracting by manifest.
2472 silly tarball no local data for esrecurse@https://registry.npmjs.org/esrecurse/-/esrecurse-4.3.0.tgz. Extracting by manifest.
2473 silly tarball no local data for estraverse@https://registry.npmjs.org/estraverse/-/estraverse-5.3.0.tgz. Extracting by manifest.
2474 silly tarball no local data for @next/swc-win32-x64-msvc@https://registry.npmjs.org/@next/swc-win32-x64-msvc/-/swc-win32-x64-msvc-15.1.1.tgz. Extracting by manifest.
2475 silly tarball no local data for eslint-module-utils@https://registry.npmjs.org/eslint-module-utils/-/eslint-module-utils-2.14.0.tgz. Extracting by manifest.
2476 silly tarball no local data for @rtsao/scc@https://registry.npmjs.org/@rtsao/scc/-/scc-1.1.0.tgz. Extracting by manifest.
2477 silly tarball no local data for @nolyfill/is-core-module@https://registry.npmjs.org/@nolyfill/is-core-module/-/is-core-module-1.0.39.tgz. Extracting by manifest.
2478 silly tarball no local data for unrs-resolver@https://registry.npmjs.org/unrs-resolver/-/unrs-resolver-1.12.2.tgz. Extracting by manifest.
2479 silly tarball no local data for eslint-import-resolver-node@https://registry.npmjs.org/eslint-import-resolver-node/-/eslint-import-resolver-node-0.3.10.tgz. Extracting by manifest.
2480 silly tarball no local data for ms@https://registry.npmjs.org/ms/-/ms-2.1.3.tgz. Extracting by manifest.
2481 silly tarball no local data for shebang-command@https://registry.npmjs.org/shebang-command/-/shebang-command-2.0.0.tgz. Extracting by manifest.
2482 silly tarball no local data for color-convert@https://registry.npmjs.org/color-convert/-/color-convert-2.0.1.tgz. Extracting by manifest.
2483 silly tarball no local data for color-name@https://registry.npmjs.org/color-name/-/color-name-1.1.4.tgz. Extracting by manifest.
2484 silly tarball no local data for ansi-styles@https://registry.npmjs.org/ansi-styles/-/ansi-styles-4.3.0.tgz. Extracting by manifest.
2485 silly tarball no local data for supports-color@https://registry.npmjs.org/supports-color/-/supports-color-7.2.0.tgz. Extracting by manifest.
2486 silly tarball no local data for path-key@https://registry.npmjs.org/path-key/-/path-key-3.1.1.tgz. Extracting by manifest.
2487 silly tarball no local data for strip-json-comments@https://registry.npmjs.org/strip-json-comments/-/strip-json-comments-3.1.1.tgz. Extracting by manifest.
2488 silly tarball no local data for globals@https://registry.npmjs.org/globals/-/globals-14.0.0.tgz. Extracting by manifest.
2489 silly tarball no local data for import-fresh@https://registry.npmjs.org/import-fresh/-/import-fresh-3.3.1.tgz. Extracting by manifest.
2490 silly tarball no local data for natural-compare@https://registry.npmjs.org/natural-compare/-/natural-compare-1.4.0.tgz. Extracting by manifest.
2491 silly tarball no local data for lodash.merge@https://registry.npmjs.org/lodash.merge/-/lodash.merge-4.6.2.tgz. Extracting by manifest.
2492 silly tarball no local data for minimatch@https://registry.npmjs.org/minimatch/-/minimatch-3.1.5.tgz. Extracting by manifest.
2493 silly tarball no local data for imurmurhash@https://registry.npmjs.org/imurmurhash/-/imurmurhash-0.1.4.tgz. Extracting by manifest.
2494 silly tarball no local data for is-glob@https://registry.npmjs.org/is-glob/-/is-glob-4.0.3.tgz. Extracting by manifest.
2495 silly tarball no local data for @types/json-schema@https://registry.npmjs.org/@types/json-schema/-/json-schema-7.0.15.tgz. Extracting by manifest.
2496 silly tarball no local data for glob-parent@https://registry.npmjs.org/glob-parent/-/glob-parent-6.0.2.tgz. Extracting by manifest.
2497 silly tarball no local data for ignore@https://registry.npmjs.org/ignore/-/ignore-5.3.2.tgz. Extracting by manifest.
2498 silly tarball no local data for find-up@https://registry.npmjs.org/find-up/-/find-up-5.0.0.tgz. Extracting by manifest.
2499 silly tarball no local data for file-entry-cache@https://registry.npmjs.org/file-entry-cache/-/file-entry-cache-8.0.0.tgz. Extracting by manifest.
2500 silly tarball no local data for escape-string-regexp@https://registry.npmjs.org/escape-string-regexp/-/escape-string-regexp-4.0.0.tgz. Extracting by manifest.
2501 silly tarball no local data for @types/estree@https://registry.npmjs.org/@types/estree/-/estree-1.0.9.tgz. Extracting by manifest.
2502 silly tarball no local data for csstype@https://registry.npmjs.org/csstype/-/csstype-3.2.3.tgz. Extracting by manifest.
2503 silly tarball no local data for @eslint-community/eslint-utils@https://registry.npmjs.org/@eslint-community/eslint-utils/-/eslint-utils-4.9.1.tgz. Extracting by manifest.
2504 silly tarball no local data for @eslint-community/regexpp@https://registry.npmjs.org/@eslint-community/regexpp/-/regexpp-4.12.2.tgz. Extracting by manifest.
2505 silly tarball no local data for graceful-fs@https://registry.npmjs.org/graceful-fs/-/graceful-fs-4.2.11.tgz. Extracting by manifest.
2506 silly tarball no local data for @tailwindcss/oxide-win32-x64-msvc@https://registry.npmjs.org/@tailwindcss/oxide-win32-x64-msvc/-/oxide-win32-x64-msvc-4.3.2.tgz. Extracting by manifest.
2507 silly tarball no local data for undici-types@https://registry.npmjs.org/undici-types/-/undici-types-6.20.0.tgz. Extracting by manifest.
2508 silly tarball no local data for @tailwindcss/oxide@https://registry.npmjs.org/@tailwindcss/oxide/-/oxide-4.3.2.tgz. Extracting by manifest.
2509 silly tarball no local data for @alloc/quick-lru@https://registry.npmjs.org/@alloc/quick-lru/-/quick-lru-5.2.0.tgz. Extracting by manifest.
2510 silly tarball no local data for eslint-config-next@https://registry.npmjs.org/eslint-config-next/-/eslint-config-next-15.1.1.tgz. Extracting by manifest.
2511 silly tarball no local data for glob-parent@https://registry.npmjs.org/glob-parent/-/glob-parent-5.1.2.tgz. Extracting by manifest.
2512 silly tarball no local data for loose-envify@https://registry.npmjs.org/loose-envify/-/loose-envify-1.4.0.tgz. Extracting by manifest.
2513 http cache ignore@https://registry.npmjs.org/ignore/-/ignore-7.0.6.tgz 0ms (cache hit)
2514 http cache is-weakmap@https://registry.npmjs.org/is-weakmap/-/is-weakmap-2.0.2.tgz 0ms (cache hit)
2515 http cache generator-function@https://registry.npmjs.org/generator-function/-/generator-function-2.0.1.tgz 0ms (cache hit)
2516 http cache which-collection@https://registry.npmjs.org/which-collection/-/which-collection-1.0.2.tgz 0ms (cache hit)
2517 http cache is-weakset@https://registry.npmjs.org/is-weakset/-/is-weakset-2.0.4.tgz 0ms (cache hit)
2518 http cache is-map@https://registry.npmjs.org/is-map/-/is-map-2.0.3.tgz 0ms (cache hit)
2519 http cache is-finalizationregistry@https://registry.npmjs.org/is-finalizationregistry/-/is-finalizationregistry-1.1.1.tgz 0ms (cache hit)
2520 http cache is-number-object@https://registry.npmjs.org/is-number-object/-/is-number-object-1.1.1.tgz 0ms (cache hit)
2521 http cache async-function@https://registry.npmjs.org/async-function/-/async-function-1.0.0.tgz 0ms (cache hit)
2522 http cache is-async-function@https://registry.npmjs.org/is-async-function/-/is-async-function-2.1.1.tgz 0ms (cache hit)
2523 http cache isexe@https://registry.npmjs.org/isexe/-/isexe-2.0.0.tgz 0ms (cache hit)
2524 http cache is-bigint@https://registry.npmjs.org/is-bigint/-/is-bigint-1.1.0.tgz 0ms (cache hit)
2525 http cache has-bigints@https://registry.npmjs.org/has-bigints/-/has-bigints-1.1.0.tgz 0ms (cache hit)
2526 http cache is-generator-function@https://registry.npmjs.org/is-generator-function/-/is-generator-function-1.1.2.tgz 0ms (cache hit)
2527 http cache reflect.getprototypeof@https://registry.npmjs.org/reflect.getprototypeof/-/reflect.getprototypeof-1.0.10.tgz 0ms (cache hit)
2528 http cache is-boolean-object@https://registry.npmjs.org/is-boolean-object/-/is-boolean-object-1.2.2.tgz 0ms (cache hit)
2529 http cache which-boxed-primitive@https://registry.npmjs.org/which-boxed-primitive/-/which-boxed-primitive-1.1.1.tgz 0ms (cache hit)
2530 http cache for-each@https://registry.npmjs.org/for-each/-/for-each-0.3.5.tgz 0ms (cache hit)
2531 http cache which-builtin-type@https://registry.npmjs.org/which-builtin-type/-/which-builtin-type-1.2.1.tgz 0ms (cache hit)
2532 http cache minimist@https://registry.npmjs.org/minimist/-/minimist-1.2.8.tgz 0ms (cache hit)
2533 http cache side-channel-weakmap@https://registry.npmjs.org/side-channel-weakmap/-/side-channel-weakmap-1.0.2.tgz 0ms (cache hit)
2534 http cache side-channel-list@https://registry.npmjs.org/side-channel-list/-/side-channel-list-1.0.1.tgz 0ms (cache hit)
2535 http cache side-channel-map@https://registry.npmjs.org/side-channel-map/-/side-channel-map-1.0.1.tgz 0ms (cache hit)
2536 http cache node-exports-info@https://registry.npmjs.org/node-exports-info/-/node-exports-info-1.6.2.tgz 0ms (cache hit)
2537 http cache scheduler@https://registry.npmjs.org/scheduler/-/scheduler-0.25.0.tgz 0ms (cache hit)
2538 http cache react-is@https://registry.npmjs.org/react-is/-/react-is-16.13.1.tgz 0ms (cache hit)
2539 http cache supports-preserve-symlinks-flag@https://registry.npmjs.org/supports-preserve-symlinks-flag/-/supports-preserve-symlinks-flag-1.0.0.tgz 0ms (cache hit)
2540 http cache @img/sharp-win32-x64@https://registry.npmjs.org/@img/sharp-win32-x64/-/sharp-win32-x64-0.33.5.tgz 0ms (cache hit)
2541 http cache deep-is@https://registry.npmjs.org/deep-is/-/deep-is-0.1.4.tgz 0ms (cache hit)
2542 http cache tslib@https://registry.npmjs.org/tslib/-/tslib-2.8.1.tgz 0ms (cache hit)
2543 http cache @next/env@https://registry.npmjs.org/@next/env/-/env-15.1.1.tgz 0ms (cache hit)
2544 http cache sharp@https://registry.npmjs.org/sharp/-/sharp-0.33.5.tgz 0ms (cache hit)
2545 http cache balanced-match@https://registry.npmjs.org/balanced-match/-/balanced-match-1.0.2.tgz 0ms (cache hit)
2546 http cache concat-map@https://registry.npmjs.org/concat-map/-/concat-map-0.0.1.tgz 0ms (cache hit)
2547 http cache picomatch@https://registry.npmjs.org/picomatch/-/picomatch-2.3.2.tgz 0ms (cache hit)
2548 http cache braces@https://registry.npmjs.org/braces/-/braces-3.0.3.tgz 0ms (cache hit)
2549 http cache detect-libc@https://registry.npmjs.org/detect-libc/-/detect-libc-2.1.2.tgz 0ms (cache hit)
2550 http cache type-check@https://registry.npmjs.org/type-check/-/type-check-0.4.0.tgz 0ms (cache hit)
2551 http cache json-buffer@https://registry.npmjs.org/json-buffer/-/json-buffer-3.0.1.tgz 0ms (cache hit)
2552 http cache argparse@https://registry.npmjs.org/argparse/-/argparse-2.0.1.tgz 0ms (cache hit)
2553 http cache set-function-name@https://registry.npmjs.org/set-function-name/-/set-function-name-2.0.2.tgz 0ms (cache hit)
2554 http cache keyv@https://registry.npmjs.org/keyv/-/keyv-4.5.4.tgz 0ms (cache hit)
2555 http cache dunder-proto@https://registry.npmjs.org/dunder-proto/-/dunder-proto-1.0.1.tgz 0ms (cache hit)
2556 http cache prelude-ls@https://registry.npmjs.org/prelude-ls/-/prelude-ls-1.2.1.tgz 0ms (cache hit)
2557 http cache side-channel@https://registry.npmjs.org/side-channel/-/side-channel-1.1.1.tgz 0ms (cache hit)
2558 http cache is-document.all@https://registry.npmjs.org/is-document.all/-/is-document.all-1.0.0.tgz 0ms (cache hit)
2559 http cache resolve-pkg-maps@https://registry.npmjs.org/resolve-pkg-maps/-/resolve-pkg-maps-1.0.0.tgz 0ms (cache hit)
2560 http cache functions-have-names@https://registry.npmjs.org/functions-have-names/-/functions-have-names-1.2.3.tgz 0ms (cache hit)
2561 http cache flat-cache@https://registry.npmjs.org/flat-cache/-/flat-cache-4.0.1.tgz 0ms (cache hit)
2562 http cache fastq@https://registry.npmjs.org/fastq/-/fastq-1.20.1.tgz 0ms (cache hit)
2563 http cache iterator.prototype@https://registry.npmjs.org/iterator.prototype/-/iterator.prototype-1.1.5.tgz 0ms (cache hit)
2564 http cache prop-types@https://registry.npmjs.org/prop-types/-/prop-types-15.8.1.tgz 0ms (cache hit)
2565 http cache string.prototype.matchall@https://registry.npmjs.org/string.prototype.matchall/-/string.prototype.matchall-4.0.12.tgz 0ms (cache hit)
2566 http cache string.prototype.repeat@https://registry.npmjs.org/string.prototype.repeat/-/string.prototype.repeat-1.0.0.tgz 0ms (cache hit)
2567 http cache array.prototype.findlast@https://registry.npmjs.org/array.prototype.findlast/-/array.prototype.findlast-1.2.5.tgz 0ms (cache hit)
2568 http cache object.entries@https://registry.npmjs.org/object.entries/-/object.entries-1.1.9.tgz 0ms (cache hit)
2569 http cache array.prototype.tosorted@https://registry.npmjs.org/array.prototype.tosorted/-/array.prototype.tosorted-1.1.4.tgz 0ms (cache hit)
2570 http cache language-tags@https://registry.npmjs.org/language-tags/-/language-tags-1.0.9.tgz 0ms (cache hit)
2571 http cache damerau-levenshtein@https://registry.npmjs.org/damerau-levenshtein/-/damerau-levenshtein-1.0.8.tgz 0ms (cache hit)
2572 http cache emoji-regex@https://registry.npmjs.org/emoji-regex/-/emoji-regex-9.2.2.tgz 0ms (cache hit)
2573 http cache axe-core@https://registry.npmjs.org/axe-core/-/axe-core-4.12.1.tgz 0ms (cache hit)
2574 http cache ast-types-flow@https://registry.npmjs.org/ast-types-flow/-/ast-types-flow-0.0.8.tgz 0ms (cache hit)
2575 http cache is-symbol@https://registry.npmjs.org/is-symbol/-/is-symbol-1.1.1.tgz 0ms (cache hit)
2576 http cache es-abstract-get@https://registry.npmjs.org/es-abstract-get/-/es-abstract-get-1.0.0.tgz 0ms (cache hit)
2577 http cache is-date-object@https://registry.npmjs.org/is-date-object/-/is-date-object-1.1.0.tgz 0ms (cache hit)
2578 http cache which-typed-array@https://registry.npmjs.org/which-typed-array/-/which-typed-array-1.1.22.tgz 0ms (cache hit)
2579 http cache typed-array-byte-offset@https://registry.npmjs.org/typed-array-byte-offset/-/typed-array-byte-offset-1.0.4.tgz 0ms (cache hit)
2580 http cache unbox-primitive@https://registry.npmjs.org/unbox-primitive/-/unbox-primitive-1.1.0.tgz 0ms (cache hit)
2581 http cache typed-array-length@https://registry.npmjs.org/typed-array-length/-/typed-array-length-1.0.8.tgz 0ms (cache hit)
2582 http cache possible-typed-array-names@https://registry.npmjs.org/possible-typed-array-names/-/possible-typed-array-names-1.1.0.tgz 0ms (cache hit)
2583 http cache typed-array-byte-length@https://registry.npmjs.org/typed-array-byte-length/-/typed-array-byte-length-1.0.3.tgz 0ms (cache hit)
2584 http cache stop-iteration-iterator@https://registry.npmjs.org/stop-iteration-iterator/-/stop-iteration-iterator-1.1.0.tgz 0ms (cache hit)
2585 http cache set-proto@https://registry.npmjs.org/set-proto/-/set-proto-1.0.0.tgz 0ms (cache hit)
2586 http cache string.prototype.trimstart@https://registry.npmjs.org/string.prototype.trimstart/-/string.prototype.trimstart-1.0.8.tgz 0ms (cache hit)
2587 http cache string.prototype.trim@https://registry.npmjs.org/string.prototype.trim/-/string.prototype.trim-1.2.11.tgz 0ms (cache hit)
2588 http cache typed-array-buffer@https://registry.npmjs.org/typed-array-buffer/-/typed-array-buffer-1.0.3.tgz 0ms (cache hit)
2589 http cache safe-regex-test@https://registry.npmjs.org/safe-regex-test/-/safe-regex-test-1.1.0.tgz 0ms (cache hit)
2590 http cache own-keys@https://registry.npmjs.org/own-keys/-/own-keys-1.0.1.tgz 0ms (cache hit)
2591 http cache is-weakref@https://registry.npmjs.org/is-weakref/-/is-weakref-1.1.1.tgz 0ms (cache hit)
2592 http cache safe-push-apply@https://registry.npmjs.org/safe-push-apply/-/safe-push-apply-1.0.0.tgz 0ms (cache hit)
2593 http cache safe-array-concat@https://registry.npmjs.org/safe-array-concat/-/safe-array-concat-1.1.4.tgz 0ms (cache hit)
2594 http cache regexp.prototype.flags@https://registry.npmjs.org/regexp.prototype.flags/-/regexp.prototype.flags-1.5.4.tgz 0ms (cache hit)
2595 http cache is-typed-array@https://registry.npmjs.org/is-typed-array/-/is-typed-array-1.1.15.tgz 0ms (cache hit)
2596 http cache object.assign@https://registry.npmjs.org/object.assign/-/object.assign-4.1.7.tgz 0ms (cache hit)
2597 http cache is-shared-array-buffer@https://registry.npmjs.org/is-shared-array-buffer/-/is-shared-array-buffer-1.0.4.tgz 0ms (cache hit)
2598 http cache is-negative-zero@https://registry.npmjs.org/is-negative-zero/-/is-negative-zero-2.0.3.tgz 0ms (cache hit)
2599 http cache is-set@https://registry.npmjs.org/is-set/-/is-set-2.0.3.tgz 0ms (cache hit)
2600 http cache is-data-view@https://registry.npmjs.org/is-data-view/-/is-data-view-1.0.2.tgz 0ms (cache hit)
2601 http cache is-regex@https://registry.npmjs.org/is-regex/-/is-regex-1.2.1.tgz 0ms (cache hit)
2602 http cache is-array-buffer@https://registry.npmjs.org/is-array-buffer/-/is-array-buffer-3.0.5.tgz 0ms (cache hit)
2603 http cache is-callable@https://registry.npmjs.org/is-callable/-/is-callable-1.2.7.tgz 0ms (cache hit)
2604 http cache has-proto@https://registry.npmjs.org/has-proto/-/has-proto-1.2.0.tgz 0ms (cache hit)
2605 http cache globalthis@https://registry.npmjs.org/globalthis/-/globalthis-1.0.4.tgz 0ms (cache hit)
2606 http cache internal-slot@https://registry.npmjs.org/internal-slot/-/internal-slot-1.1.0.tgz 0ms (cache hit)
2607 http cache get-symbol-description@https://registry.npmjs.org/get-symbol-description/-/get-symbol-description-1.1.0.tgz 0ms (cache hit)
2608 http cache es-to-primitive@https://registry.npmjs.org/es-to-primitive/-/es-to-primitive-1.3.4.tgz 0ms (cache hit)
2609 http cache get-proto@https://registry.npmjs.org/get-proto/-/get-proto-1.0.1.tgz 0ms (cache hit)
2610 http cache data-view-byte-offset@https://registry.npmjs.org/data-view-byte-offset/-/data-view-byte-offset-1.0.1.tgz 0ms (cache hit)
2611 http cache data-view-byte-length@https://registry.npmjs.org/data-view-byte-length/-/data-view-byte-length-1.0.2.tgz 0ms (cache hit)
2612 http cache es-set-tostringtag@https://registry.npmjs.org/es-set-tostringtag/-/es-set-tostringtag-2.1.0.tgz 0ms (cache hit)
2613 http cache function.prototype.name@https://registry.npmjs.org/function.prototype.name/-/function.prototype.name-1.2.0.tgz 0ms (cache hit)
2614 http cache data-view-buffer@https://registry.npmjs.org/data-view-buffer/-/data-view-buffer-1.0.2.tgz 0ms (cache hit)
2615 silly tarball no local data for ignore@https://registry.npmjs.org/ignore/-/ignore-7.0.6.tgz. Extracting by manifest.
2616 http cache arraybuffer.prototype.slice@https://registry.npmjs.org/arraybuffer.prototype.slice/-/arraybuffer.prototype.slice-1.0.4.tgz 0ms (cache hit)
2617 http cache available-typed-arrays@https://registry.npmjs.org/available-typed-arrays/-/available-typed-arrays-1.0.7.tgz 0ms (cache hit)
2618 http cache object-keys@https://registry.npmjs.org/object-keys/-/object-keys-1.1.1.tgz 0ms (cache hit)
2619 http cache array-buffer-byte-length@https://registry.npmjs.org/array-buffer-byte-length/-/array-buffer-byte-length-1.0.2.tgz 0ms (cache hit)
2620 http cache define-data-property@https://registry.npmjs.org/define-data-property/-/define-data-property-1.1.4.tgz 0ms (cache hit)
2621 http cache gopd@https://registry.npmjs.org/gopd/-/gopd-1.2.0.tgz 0ms (cache hit)
2622 http cache has-property-descriptors@https://registry.npmjs.org/has-property-descriptors/-/has-property-descriptors-1.0.2.tgz 0ms (cache hit)
2623 http cache function-bind@https://registry.npmjs.org/function-bind/-/function-bind-1.1.2.tgz 0ms (cache hit)
2624 http cache call-bind-apply-helpers@https://registry.npmjs.org/call-bind-apply-helpers/-/call-bind-apply-helpers-1.0.2.tgz 0ms (cache hit)
2625 http cache set-function-length@https://registry.npmjs.org/set-function-length/-/set-function-length-1.2.2.tgz 0ms (cache hit)
2626 http cache es-shim-unscopables@https://registry.npmjs.org/es-shim-unscopables/-/es-shim-unscopables-1.1.0.tgz 0ms (cache hit)
2627 http cache es-define-property@https://registry.npmjs.org/es-define-property/-/es-define-property-1.0.1.tgz 0ms (cache hit)
2628 http cache es-errors@https://registry.npmjs.org/es-errors/-/es-errors-1.3.0.tgz 0ms (cache hit)
2629 http cache get-intrinsic@https://registry.npmjs.org/get-intrinsic/-/get-intrinsic-1.3.0.tgz 0ms (cache hit)
2630 http cache math-intrinsics@https://registry.npmjs.org/math-intrinsics/-/math-intrinsics-1.1.0.tgz 0ms (cache hit)
2631 http cache is-string@https://registry.npmjs.org/is-string/-/is-string-1.1.1.tgz 0ms (cache hit)
2632 http cache call-bound@https://registry.npmjs.org/call-bound/-/call-bound-1.0.4.tgz 0ms (cache hit)
2633 http cache define-properties@https://registry.npmjs.org/define-properties/-/define-properties-1.2.1.tgz 0ms (cache hit)
2634 http cache es-object-atoms@https://registry.npmjs.org/es-object-atoms/-/es-object-atoms-1.1.2.tgz 0ms (cache hit)
2635 http cache string.prototype.trimend@https://registry.npmjs.org/string.prototype.trimend/-/string.prototype.trimend-1.0.10.tgz 0ms (cache hit)
2636 http cache object.groupby@https://registry.npmjs.org/object.groupby/-/object.groupby-1.0.3.tgz 0ms (cache hit)
2637 http cache call-bind@https://registry.npmjs.org/call-bind/-/call-bind-1.0.9.tgz 0ms (cache hit)
2638 http cache hasown@https://registry.npmjs.org/hasown/-/hasown-2.0.4.tgz 0ms (cache hit)
2639 http cache object.values@https://registry.npmjs.org/object.values/-/object.values-1.2.1.tgz 0ms (cache hit)
2640 http cache object.fromentries@https://registry.npmjs.org/object.fromentries/-/object.fromentries-2.0.8.tgz 0ms (cache hit)
2641 http cache array.prototype.flat@https://registry.npmjs.org/array.prototype.flat/-/array.prototype.flat-1.3.3.tgz 0ms (cache hit)
2642 http cache doctrine@https://registry.npmjs.org/doctrine/-/doctrine-2.1.0.tgz 0ms (cache hit)
2643 http cache get-tsconfig@https://registry.npmjs.org/get-tsconfig/-/get-tsconfig-4.14.0.tgz 0ms (cache hit)
2644 http cache array-includes@https://registry.npmjs.org/array-includes/-/array-includes-3.1.9.tgz 0ms (cache hit)
2645 http cache stable-hash@https://registry.npmjs.org/stable-hash/-/stable-hash-0.0.5.tgz 0ms (cache hit)
2646 http cache array.prototype.flatmap@https://registry.npmjs.org/array.prototype.flatmap/-/array.prototype.flatmap-1.3.3.tgz 0ms (cache hit)
2647 http cache array.prototype.findlastindex@https://registry.npmjs.org/array.prototype.findlastindex/-/array.prototype.findlastindex-1.2.6.tgz 0ms (cache hit)
2648 http cache is-bun-module@https://registry.npmjs.org/is-bun-module/-/is-bun-module-2.0.0.tgz 0ms (cache hit)
2649 http cache is-core-module@https://registry.npmjs.org/is-core-module/-/is-core-module-2.16.2.tgz 0ms (cache hit)
2650 http cache ts-api-utils@https://registry.npmjs.org/ts-api-utils/-/ts-api-utils-2.5.0.tgz 0ms (cache hit)
2651 http cache @typescript-eslint/tsconfig-utils@https://registry.npmjs.org/@typescript-eslint/tsconfig-utils/-/tsconfig-utils-8.64.0.tgz 0ms (cache hit)
2652 http cache @typescript-eslint/project-service@https://registry.npmjs.org/@typescript-eslint/project-service/-/project-service-8.64.0.tgz 0ms (cache hit)
2653 http cache tinyglobby@https://registry.npmjs.org/tinyglobby/-/tinyglobby-0.2.17.tgz 0ms (cache hit)
2654 http cache @typescript-eslint/visitor-keys@https://registry.npmjs.org/@typescript-eslint/visitor-keys/-/visitor-keys-8.64.0.tgz 0ms (cache hit)
2655 http cache @typescript-eslint/parser@https://registry.npmjs.org/@typescript-eslint/parser/-/parser-8.64.0.tgz 0ms (cache hit)
2656 http cache eslint-import-resolver-typescript@https://registry.npmjs.org/eslint-import-resolver-typescript/-/eslint-import-resolver-typescript-3.10.1.tgz 0ms (cache hit)
2657 http cache eslint-plugin-react-hooks@https://registry.npmjs.org/eslint-plugin-react-hooks/-/eslint-plugin-react-hooks-5.2.0.tgz 0ms (cache hit)
2658 http cache levn@https://registry.npmjs.org/levn/-/levn-0.4.1.tgz 1ms (cache hit)
2659 http cache @humanfs/types@https://registry.npmjs.org/@humanfs/types/-/types-0.15.0.tgz 0ms (cache hit)
2660 http cache @humanfs/core@https://registry.npmjs.org/@humanfs/core/-/core-0.19.2.tgz 0ms (cache hit)
2661 http cache fast-json-stable-stringify@https://registry.npmjs.org/fast-json-stable-stringify/-/fast-json-stable-stringify-2.1.0.tgz 0ms (cache hit)
2662 http cache optionator@https://registry.npmjs.org/optionator/-/optionator-0.9.4.tgz 0ms (cache hit)
2663 http cache json-stable-stringify-without-jsonify@https://registry.npmjs.org/json-stable-stringify-without-jsonify/-/json-stable-stringify-without-jsonify-1.0.1.tgz 0ms (cache hit)
2664 http cache esutils@https://registry.npmjs.org/esutils/-/esutils-2.0.3.tgz 0ms (cache hit)
2665 http cache fast-deep-equal@https://registry.npmjs.org/fast-deep-equal/-/fast-deep-equal-3.1.3.tgz 0ms (cache hit)
2666 http cache esquery@https://registry.npmjs.org/esquery/-/esquery-1.7.0.tgz 0ms (cache hit)
2667 http cache eslint-visitor-keys@https://registry.npmjs.org/eslint-visitor-keys/-/eslint-visitor-keys-4.2.1.tgz 0ms (cache hit)
2668 http cache espree@https://registry.npmjs.org/espree/-/espree-10.4.0.tgz 0ms (cache hit)
2669 http cache debug@https://registry.npmjs.org/debug/-/debug-4.4.3.tgz 0ms (cache hit)
2670 http cache chalk@https://registry.npmjs.org/chalk/-/chalk-4.1.2.tgz 0ms (cache hit)
2671 http cache eslint-scope@https://registry.npmjs.org/eslint-scope/-/eslint-scope-8.4.0.tgz 0ms (cache hit)
2672 http cache @humanwhocodes/retry@https://registry.npmjs.org/@humanwhocodes/retry/-/retry-0.4.3.tgz 0ms (cache hit)
2673 http cache @humanfs/node@https://registry.npmjs.org/@humanfs/node/-/node-0.16.8.tgz 0ms (cache hit)
2674 http cache @humanwhocodes/module-importer@https://registry.npmjs.org/@humanwhocodes/module-importer/-/module-importer-1.0.1.tgz 0ms (cache hit)
2675 http cache tapable@https://registry.npmjs.org/tapable/-/tapable-2.3.3.tgz 0ms (cache hit)
2676 http cache @jridgewell/trace-mapping@https://registry.npmjs.org/@jridgewell/trace-mapping/-/trace-mapping-0.3.31.tgz 0ms (cache hit)
2677 http cache source-map-js@https://registry.npmjs.org/source-map-js/-/source-map-js-1.2.1.tgz 0ms (cache hit)
2678 http cache @jridgewell/sourcemap-codec@https://registry.npmjs.org/@jridgewell/sourcemap-codec/-/sourcemap-codec-1.5.5.tgz 0ms (cache hit)
2679 http cache magic-string@https://registry.npmjs.org/magic-string/-/magic-string-0.30.21.tgz 0ms (cache hit)
2680 http cache lightningcss@https://registry.npmjs.org/lightningcss/-/lightningcss-1.32.0.tgz 0ms (cache hit)
2681 http cache @jridgewell/remapping@https://registry.npmjs.org/@jridgewell/remapping/-/remapping-2.3.5.tgz 0ms (cache hit)
2682 http cache @tailwindcss/node@https://registry.npmjs.org/@tailwindcss/node/-/node-4.3.2.tgz 0ms (cache hit)
2683 http cache postcss@https://registry.npmjs.org/postcss/-/postcss-8.5.19.tgz 0ms (cache hit)
2684 http cache react@https://registry.npmjs.org/react/-/react-19.0.0.tgz 0ms (cache hit)
2685 http cache tailwindcss@https://registry.npmjs.org/tailwindcss/-/tailwindcss-4.3.2.tgz 0ms (cache hit)
2686 http cache @tailwindcss/postcss@https://registry.npmjs.org/@tailwindcss/postcss/-/postcss-4.3.2.tgz 0ms (cache hit)
2687 http cache fdir@https://registry.npmjs.org/fdir/-/fdir-6.5.0.tgz 0ms (cache hit)
2688 http cache react-dom@https://registry.npmjs.org/react-dom/-/react-dom-19.0.0.tgz 0ms (cache hit)
2689 http cache @types/react-dom@https://registry.npmjs.org/@types/react-dom/-/react-dom-19.0.2.tgz 0ms (cache hit)
2690 http cache picomatch@https://registry.npmjs.org/picomatch/-/picomatch-4.0.5.tgz 0ms (cache hit)
2691 http cache debug@https://registry.npmjs.org/debug/-/debug-3.2.7.tgz 0ms (cache hit)
2692 silly tarball no local data for is-weakmap@https://registry.npmjs.org/is-weakmap/-/is-weakmap-2.0.2.tgz. Extracting by manifest.
2693 http cache debug@https://registry.npmjs.org/debug/-/debug-3.2.7.tgz 0ms (cache hit)
2694 http cache eslint-visitor-keys@https://registry.npmjs.org/eslint-visitor-keys/-/eslint-visitor-keys-5.0.1.tgz 0ms (cache hit)
2695 silly tarball no local data for generator-function@https://registry.npmjs.org/generator-function/-/generator-function-2.0.1.tgz. Extracting by manifest.
2696 http cache debug@https://registry.npmjs.org/debug/-/debug-3.2.7.tgz 0ms (cache hit)
2697 silly tarball no local data for is-weakset@https://registry.npmjs.org/is-weakset/-/is-weakset-2.0.4.tgz. Extracting by manifest.
2698 silly tarball no local data for is-map@https://registry.npmjs.org/is-map/-/is-map-2.0.3.tgz. Extracting by manifest.
2699 silly tarball no local data for which-collection@https://registry.npmjs.org/which-collection/-/which-collection-1.0.2.tgz. Extracting by manifest.
2700 silly tarball no local data for is-finalizationregistry@https://registry.npmjs.org/is-finalizationregistry/-/is-finalizationregistry-1.1.1.tgz. Extracting by manifest.
2701 silly tarball no local data for is-number-object@https://registry.npmjs.org/is-number-object/-/is-number-object-1.1.1.tgz. Extracting by manifest.
2702 silly tarball no local data for async-function@https://registry.npmjs.org/async-function/-/async-function-1.0.0.tgz. Extracting by manifest.
2703 silly tarball no local data for isexe@https://registry.npmjs.org/isexe/-/isexe-2.0.0.tgz. Extracting by manifest.
2704 silly tarball no local data for is-async-function@https://registry.npmjs.org/is-async-function/-/is-async-function-2.1.1.tgz. Extracting by manifest.
2705 silly tarball no local data for is-bigint@https://registry.npmjs.org/is-bigint/-/is-bigint-1.1.0.tgz. Extracting by manifest.
2706 silly tarball no local data for is-generator-function@https://registry.npmjs.org/is-generator-function/-/is-generator-function-1.1.2.tgz. Extracting by manifest.
2707 silly tarball no local data for has-bigints@https://registry.npmjs.org/has-bigints/-/has-bigints-1.1.0.tgz. Extracting by manifest.
2708 silly tarball no local data for reflect.getprototypeof@https://registry.npmjs.org/reflect.getprototypeof/-/reflect.getprototypeof-1.0.10.tgz. Extracting by manifest.
2709 silly tarball no local data for is-boolean-object@https://registry.npmjs.org/is-boolean-object/-/is-boolean-object-1.2.2.tgz. Extracting by manifest.
2710 silly tarball no local data for for-each@https://registry.npmjs.org/for-each/-/for-each-0.3.5.tgz. Extracting by manifest.
2711 silly tarball no local data for which-builtin-type@https://registry.npmjs.org/which-builtin-type/-/which-builtin-type-1.2.1.tgz. Extracting by manifest.
2712 silly tarball no local data for side-channel-list@https://registry.npmjs.org/side-channel-list/-/side-channel-list-1.0.1.tgz. Extracting by manifest.
2713 silly tarball no local data for which-boxed-primitive@https://registry.npmjs.org/which-boxed-primitive/-/which-boxed-primitive-1.1.1.tgz. Extracting by manifest.
2714 silly tarball no local data for minimist@https://registry.npmjs.org/minimist/-/minimist-1.2.8.tgz. Extracting by manifest.
2715 silly tarball no local data for side-channel-weakmap@https://registry.npmjs.org/side-channel-weakmap/-/side-channel-weakmap-1.0.2.tgz. Extracting by manifest.
2716 silly tarball no local data for side-channel-map@https://registry.npmjs.org/side-channel-map/-/side-channel-map-1.0.1.tgz. Extracting by manifest.
2717 silly tarball no local data for scheduler@https://registry.npmjs.org/scheduler/-/scheduler-0.25.0.tgz. Extracting by manifest.
2718 silly tarball no local data for node-exports-info@https://registry.npmjs.org/node-exports-info/-/node-exports-info-1.6.2.tgz. Extracting by manifest.
2719 silly tarball no local data for react-is@https://registry.npmjs.org/react-is/-/react-is-16.13.1.tgz. Extracting by manifest.
2720 silly tarball no local data for @img/sharp-win32-x64@https://registry.npmjs.org/@img/sharp-win32-x64/-/sharp-win32-x64-0.33.5.tgz. Extracting by manifest.
2721 http cache json5@https://registry.npmjs.org/json5/-/json5-1.0.2.tgz 0ms (cache hit)
2722 http cache napi-postinstall@https://registry.npmjs.org/napi-postinstall/-/napi-postinstall-0.3.4.tgz 0ms (cache hit)
2723 silly tarball no local data for deep-is@https://registry.npmjs.org/deep-is/-/deep-is-0.1.4.tgz. Extracting by manifest.
2724 silly tarball no local data for supports-preserve-symlinks-flag@https://registry.npmjs.org/supports-preserve-symlinks-flag/-/supports-preserve-symlinks-flag-1.0.0.tgz. Extracting by manifest.
2725 silly tarball no local data for tslib@https://registry.npmjs.org/tslib/-/tslib-2.8.1.tgz. Extracting by manifest.
2726 http cache nanoid@https://registry.npmjs.org/nanoid/-/nanoid-3.3.16.tgz 0ms (cache hit)
2727 silly tarball no local data for @next/env@https://registry.npmjs.org/@next/env/-/env-15.1.1.tgz. Extracting by manifest.
2728 silly tarball no local data for sharp@https://registry.npmjs.org/sharp/-/sharp-0.33.5.tgz. Extracting by manifest.
2729 silly tarball no local data for balanced-match@https://registry.npmjs.org/balanced-match/-/balanced-match-1.0.2.tgz. Extracting by manifest.
2730 silly tarball no local data for concat-map@https://registry.npmjs.org/concat-map/-/concat-map-0.0.1.tgz. Extracting by manifest.
2731 silly tarball no local data for picomatch@https://registry.npmjs.org/picomatch/-/picomatch-2.3.2.tgz. Extracting by manifest.
2732 silly tarball no local data for braces@https://registry.npmjs.org/braces/-/braces-3.0.3.tgz. Extracting by manifest.
2733 silly tarball no local data for detect-libc@https://registry.npmjs.org/detect-libc/-/detect-libc-2.1.2.tgz. Extracting by manifest.
2734 silly tarball no local data for type-check@https://registry.npmjs.org/type-check/-/type-check-0.4.0.tgz. Extracting by manifest.
2735 silly tarball no local data for set-function-name@https://registry.npmjs.org/set-function-name/-/set-function-name-2.0.2.tgz. Extracting by manifest.
2736 silly tarball no local data for json-buffer@https://registry.npmjs.org/json-buffer/-/json-buffer-3.0.1.tgz. Extracting by manifest.
2737 silly tarball no local data for argparse@https://registry.npmjs.org/argparse/-/argparse-2.0.1.tgz. Extracting by manifest.
2738 silly tarball no local data for keyv@https://registry.npmjs.org/keyv/-/keyv-4.5.4.tgz. Extracting by manifest.
2739 silly tarball no local data for side-channel@https://registry.npmjs.org/side-channel/-/side-channel-1.1.1.tgz. Extracting by manifest.
2740 silly tarball no local data for prelude-ls@https://registry.npmjs.org/prelude-ls/-/prelude-ls-1.2.1.tgz. Extracting by manifest.
2741 silly tarball no local data for dunder-proto@https://registry.npmjs.org/dunder-proto/-/dunder-proto-1.0.1.tgz. Extracting by manifest.
2742 silly tarball no local data for is-document.all@https://registry.npmjs.org/is-document.all/-/is-document.all-1.0.0.tgz. Extracting by manifest.
2743 silly tarball no local data for resolve-pkg-maps@https://registry.npmjs.org/resolve-pkg-maps/-/resolve-pkg-maps-1.0.0.tgz. Extracting by manifest.
2744 silly tarball no local data for functions-have-names@https://registry.npmjs.org/functions-have-names/-/functions-have-names-1.2.3.tgz. Extracting by manifest.
2745 silly tarball no local data for flat-cache@https://registry.npmjs.org/flat-cache/-/flat-cache-4.0.1.tgz. Extracting by manifest.
2746 silly tarball no local data for fastq@https://registry.npmjs.org/fastq/-/fastq-1.20.1.tgz. Extracting by manifest.
2747 silly tarball no local data for prop-types@https://registry.npmjs.org/prop-types/-/prop-types-15.8.1.tgz. Extracting by manifest.
2748 silly tarball no local data for iterator.prototype@https://registry.npmjs.org/iterator.prototype/-/iterator.prototype-1.1.5.tgz. Extracting by manifest.
2749 silly tarball no local data for string.prototype.matchall@https://registry.npmjs.org/string.prototype.matchall/-/string.prototype.matchall-4.0.12.tgz. Extracting by manifest.
2750 silly tarball no local data for string.prototype.repeat@https://registry.npmjs.org/string.prototype.repeat/-/string.prototype.repeat-1.0.0.tgz. Extracting by manifest.
2751 silly tarball no local data for array.prototype.findlast@https://registry.npmjs.org/array.prototype.findlast/-/array.prototype.findlast-1.2.5.tgz. Extracting by manifest.
2752 silly tarball no local data for object.entries@https://registry.npmjs.org/object.entries/-/object.entries-1.1.9.tgz. Extracting by manifest.
2753 silly tarball no local data for array.prototype.tosorted@https://registry.npmjs.org/array.prototype.tosorted/-/array.prototype.tosorted-1.1.4.tgz. Extracting by manifest.
2754 silly tarball no local data for language-tags@https://registry.npmjs.org/language-tags/-/language-tags-1.0.9.tgz. Extracting by manifest.
2755 silly tarball no local data for damerau-levenshtein@https://registry.npmjs.org/damerau-levenshtein/-/damerau-levenshtein-1.0.8.tgz. Extracting by manifest.
2756 silly tarball no local data for emoji-regex@https://registry.npmjs.org/emoji-regex/-/emoji-regex-9.2.2.tgz. Extracting by manifest.
2757 silly tarball no local data for axe-core@https://registry.npmjs.org/axe-core/-/axe-core-4.12.1.tgz. Extracting by manifest.
2758 silly tarball no local data for ast-types-flow@https://registry.npmjs.org/ast-types-flow/-/ast-types-flow-0.0.8.tgz. Extracting by manifest.
2759 silly tarball no local data for is-symbol@https://registry.npmjs.org/is-symbol/-/is-symbol-1.1.1.tgz. Extracting by manifest.
2760 silly tarball no local data for es-abstract-get@https://registry.npmjs.org/es-abstract-get/-/es-abstract-get-1.0.0.tgz. Extracting by manifest.
2761 silly tarball no local data for which-typed-array@https://registry.npmjs.org/which-typed-array/-/which-typed-array-1.1.22.tgz. Extracting by manifest.
2762 silly tarball no local data for is-date-object@https://registry.npmjs.org/is-date-object/-/is-date-object-1.1.0.tgz. Extracting by manifest.
2763 silly tarball no local data for typed-array-byte-offset@https://registry.npmjs.org/typed-array-byte-offset/-/typed-array-byte-offset-1.0.4.tgz. Extracting by manifest.
2764 silly tarball no local data for unbox-primitive@https://registry.npmjs.org/unbox-primitive/-/unbox-primitive-1.1.0.tgz. Extracting by manifest.
2765 silly tarball no local data for typed-array-length@https://registry.npmjs.org/typed-array-length/-/typed-array-length-1.0.8.tgz. Extracting by manifest.
2766 silly tarball no local data for possible-typed-array-names@https://registry.npmjs.org/possible-typed-array-names/-/possible-typed-array-names-1.1.0.tgz. Extracting by manifest.
2767 silly tarball no local data for typed-array-byte-length@https://registry.npmjs.org/typed-array-byte-length/-/typed-array-byte-length-1.0.3.tgz. Extracting by manifest.
2768 silly tarball no local data for stop-iteration-iterator@https://registry.npmjs.org/stop-iteration-iterator/-/stop-iteration-iterator-1.1.0.tgz. Extracting by manifest.
2769 silly tarball no local data for set-proto@https://registry.npmjs.org/set-proto/-/set-proto-1.0.0.tgz. Extracting by manifest.
2770 silly tarball no local data for string.prototype.trimstart@https://registry.npmjs.org/string.prototype.trimstart/-/string.prototype.trimstart-1.0.8.tgz. Extracting by manifest.
2771 silly tarball no local data for string.prototype.trim@https://registry.npmjs.org/string.prototype.trim/-/string.prototype.trim-1.2.11.tgz. Extracting by manifest.
2772 silly tarball no local data for typed-array-buffer@https://registry.npmjs.org/typed-array-buffer/-/typed-array-buffer-1.0.3.tgz. Extracting by manifest.
2773 silly tarball no local data for safe-regex-test@https://registry.npmjs.org/safe-regex-test/-/safe-regex-test-1.1.0.tgz. Extracting by manifest.
2774 silly tarball no local data for own-keys@https://registry.npmjs.org/own-keys/-/own-keys-1.0.1.tgz. Extracting by manifest.
2775 silly tarball no local data for is-weakref@https://registry.npmjs.org/is-weakref/-/is-weakref-1.1.1.tgz. Extracting by manifest.
2776 silly tarball no local data for safe-push-apply@https://registry.npmjs.org/safe-push-apply/-/safe-push-apply-1.0.0.tgz. Extracting by manifest.
2777 silly tarball no local data for safe-array-concat@https://registry.npmjs.org/safe-array-concat/-/safe-array-concat-1.1.4.tgz. Extracting by manifest.
2778 silly tarball no local data for regexp.prototype.flags@https://registry.npmjs.org/regexp.prototype.flags/-/regexp.prototype.flags-1.5.4.tgz. Extracting by manifest.
2779 silly tarball no local data for is-typed-array@https://registry.npmjs.org/is-typed-array/-/is-typed-array-1.1.15.tgz. Extracting by manifest.
2780 silly tarball no local data for object.assign@https://registry.npmjs.org/object.assign/-/object.assign-4.1.7.tgz. Extracting by manifest.
2781 silly tarball no local data for is-shared-array-buffer@https://registry.npmjs.org/is-shared-array-buffer/-/is-shared-array-buffer-1.0.4.tgz. Extracting by manifest.
2782 silly tarball no local data for is-negative-zero@https://registry.npmjs.org/is-negative-zero/-/is-negative-zero-2.0.3.tgz. Extracting by manifest.
2783 silly tarball no local data for is-set@https://registry.npmjs.org/is-set/-/is-set-2.0.3.tgz. Extracting by manifest.
2784 silly tarball no local data for is-data-view@https://registry.npmjs.org/is-data-view/-/is-data-view-1.0.2.tgz. Extracting by manifest.
2785 silly tarball no local data for is-regex@https://registry.npmjs.org/is-regex/-/is-regex-1.2.1.tgz. Extracting by manifest.
2786 silly tarball no local data for is-array-buffer@https://registry.npmjs.org/is-array-buffer/-/is-array-buffer-3.0.5.tgz. Extracting by manifest.
2787 silly tarball no local data for is-callable@https://registry.npmjs.org/is-callable/-/is-callable-1.2.7.tgz. Extracting by manifest.
2788 silly tarball no local data for has-proto@https://registry.npmjs.org/has-proto/-/has-proto-1.2.0.tgz. Extracting by manifest.
2789 silly tarball no local data for globalthis@https://registry.npmjs.org/globalthis/-/globalthis-1.0.4.tgz. Extracting by manifest.
2790 silly tarball no local data for internal-slot@https://registry.npmjs.org/internal-slot/-/internal-slot-1.1.0.tgz. Extracting by manifest.
2791 silly tarball no local data for get-symbol-description@https://registry.npmjs.org/get-symbol-description/-/get-symbol-description-1.1.0.tgz. Extracting by manifest.
2792 silly tarball no local data for es-to-primitive@https://registry.npmjs.org/es-to-primitive/-/es-to-primitive-1.3.4.tgz. Extracting by manifest.
2793 silly tarball no local data for get-proto@https://registry.npmjs.org/get-proto/-/get-proto-1.0.1.tgz. Extracting by manifest.
2794 silly tarball no local data for data-view-byte-length@https://registry.npmjs.org/data-view-byte-length/-/data-view-byte-length-1.0.2.tgz. Extracting by manifest.
2795 silly tarball no local data for data-view-byte-offset@https://registry.npmjs.org/data-view-byte-offset/-/data-view-byte-offset-1.0.1.tgz. Extracting by manifest.
2796 silly tarball no local data for es-set-tostringtag@https://registry.npmjs.org/es-set-tostringtag/-/es-set-tostringtag-2.1.0.tgz. Extracting by manifest.
2797 silly tarball no local data for function.prototype.name@https://registry.npmjs.org/function.prototype.name/-/function.prototype.name-1.2.0.tgz. Extracting by manifest.
2798 silly tarball no local data for data-view-buffer@https://registry.npmjs.org/data-view-buffer/-/data-view-buffer-1.0.2.tgz. Extracting by manifest.
2799 silly tarball no local data for arraybuffer.prototype.slice@https://registry.npmjs.org/arraybuffer.prototype.slice/-/arraybuffer.prototype.slice-1.0.4.tgz. Extracting by manifest.
2800 silly tarball no local data for available-typed-arrays@https://registry.npmjs.org/available-typed-arrays/-/available-typed-arrays-1.0.7.tgz. Extracting by manifest.
2801 silly tarball no local data for array-buffer-byte-length@https://registry.npmjs.org/array-buffer-byte-length/-/array-buffer-byte-length-1.0.2.tgz. Extracting by manifest.
2802 silly tarball no local data for define-data-property@https://registry.npmjs.org/define-data-property/-/define-data-property-1.1.4.tgz. Extracting by manifest.
2803 silly tarball no local data for gopd@https://registry.npmjs.org/gopd/-/gopd-1.2.0.tgz. Extracting by manifest.
2804 silly tarball no local data for object-keys@https://registry.npmjs.org/object-keys/-/object-keys-1.1.1.tgz. Extracting by manifest.
2805 silly tarball no local data for has-property-descriptors@https://registry.npmjs.org/has-property-descriptors/-/has-property-descriptors-1.0.2.tgz. Extracting by manifest.
2806 silly tarball no local data for call-bind-apply-helpers@https://registry.npmjs.org/call-bind-apply-helpers/-/call-bind-apply-helpers-1.0.2.tgz. Extracting by manifest.
2807 silly tarball no local data for function-bind@https://registry.npmjs.org/function-bind/-/function-bind-1.1.2.tgz. Extracting by manifest.
2808 silly tarball no local data for set-function-length@https://registry.npmjs.org/set-function-length/-/set-function-length-1.2.2.tgz. Extracting by manifest.
2809 silly tarball no local data for es-errors@https://registry.npmjs.org/es-errors/-/es-errors-1.3.0.tgz. Extracting by manifest.
2810 silly tarball no local data for get-intrinsic@https://registry.npmjs.org/get-intrinsic/-/get-intrinsic-1.3.0.tgz. Extracting by manifest.
2811 silly tarball no local data for es-shim-unscopables@https://registry.npmjs.org/es-shim-unscopables/-/es-shim-unscopables-1.1.0.tgz. Extracting by manifest.
2812 silly tarball no local data for math-intrinsics@https://registry.npmjs.org/math-intrinsics/-/math-intrinsics-1.1.0.tgz. Extracting by manifest.
2813 silly tarball no local data for es-define-property@https://registry.npmjs.org/es-define-property/-/es-define-property-1.0.1.tgz. Extracting by manifest.
2814 silly tarball no local data for is-string@https://registry.npmjs.org/is-string/-/is-string-1.1.1.tgz. Extracting by manifest.
2815 silly tarball no local data for call-bound@https://registry.npmjs.org/call-bound/-/call-bound-1.0.4.tgz. Extracting by manifest.
2816 silly tarball no local data for define-properties@https://registry.npmjs.org/define-properties/-/define-properties-1.2.1.tgz. Extracting by manifest.
2817 silly tarball no local data for es-object-atoms@https://registry.npmjs.org/es-object-atoms/-/es-object-atoms-1.1.2.tgz. Extracting by manifest.
2818 http cache acorn@https://registry.npmjs.org/acorn/-/acorn-8.17.0.tgz 0ms (cache hit)
2819 http cache @types/node@https://registry.npmjs.org/@types/node/-/node-22.10.2.tgz 0ms (cache hit)
2820 silly tarball no local data for string.prototype.trimend@https://registry.npmjs.org/string.prototype.trimend/-/string.prototype.trimend-1.0.10.tgz. Extracting by manifest.
2821 silly tarball no local data for object.groupby@https://registry.npmjs.org/object.groupby/-/object.groupby-1.0.3.tgz. Extracting by manifest.
2822 silly tarball no local data for call-bind@https://registry.npmjs.org/call-bind/-/call-bind-1.0.9.tgz. Extracting by manifest.
2823 silly tarball no local data for hasown@https://registry.npmjs.org/hasown/-/hasown-2.0.4.tgz. Extracting by manifest.
2824 silly tarball no local data for object.values@https://registry.npmjs.org/object.values/-/object.values-1.2.1.tgz. Extracting by manifest.
2825 silly tarball no local data for object.fromentries@https://registry.npmjs.org/object.fromentries/-/object.fromentries-2.0.8.tgz. Extracting by manifest.
2826 silly tarball no local data for array.prototype.flat@https://registry.npmjs.org/array.prototype.flat/-/array.prototype.flat-1.3.3.tgz. Extracting by manifest.
2827 silly tarball no local data for doctrine@https://registry.npmjs.org/doctrine/-/doctrine-2.1.0.tgz. Extracting by manifest.
2828 silly tarball no local data for get-tsconfig@https://registry.npmjs.org/get-tsconfig/-/get-tsconfig-4.14.0.tgz. Extracting by manifest.
2829 silly tarball no local data for array-includes@https://registry.npmjs.org/array-includes/-/array-includes-3.1.9.tgz. Extracting by manifest.
2830 silly tarball no local data for stable-hash@https://registry.npmjs.org/stable-hash/-/stable-hash-0.0.5.tgz. Extracting by manifest.
2831 silly tarball no local data for array.prototype.flatmap@https://registry.npmjs.org/array.prototype.flatmap/-/array.prototype.flatmap-1.3.3.tgz. Extracting by manifest.
2832 silly tarball no local data for array.prototype.findlastindex@https://registry.npmjs.org/array.prototype.findlastindex/-/array.prototype.findlastindex-1.2.6.tgz. Extracting by manifest.
2833 silly tarball no local data for is-bun-module@https://registry.npmjs.org/is-bun-module/-/is-bun-module-2.0.0.tgz. Extracting by manifest.
2834 silly tarball no local data for is-core-module@https://registry.npmjs.org/is-core-module/-/is-core-module-2.16.2.tgz. Extracting by manifest.
2835 silly tarball no local data for ts-api-utils@https://registry.npmjs.org/ts-api-utils/-/ts-api-utils-2.5.0.tgz. Extracting by manifest.
2836 silly tarball no local data for @typescript-eslint/tsconfig-utils@https://registry.npmjs.org/@typescript-eslint/tsconfig-utils/-/tsconfig-utils-8.64.0.tgz. Extracting by manifest.
2837 http cache semver@https://registry.npmjs.org/semver/-/semver-7.8.5.tgz 0ms (cache hit)
2838 silly tarball no local data for @typescript-eslint/project-service@https://registry.npmjs.org/@typescript-eslint/project-service/-/project-service-8.64.0.tgz. Extracting by manifest.
2839 silly tarball no local data for tinyglobby@https://registry.npmjs.org/tinyglobby/-/tinyglobby-0.2.17.tgz. Extracting by manifest.
2840 silly tarball no local data for @typescript-eslint/visitor-keys@https://registry.npmjs.org/@typescript-eslint/visitor-keys/-/visitor-keys-8.64.0.tgz. Extracting by manifest.
2841 silly tarball no local data for @typescript-eslint/parser@https://registry.npmjs.org/@typescript-eslint/parser/-/parser-8.64.0.tgz. Extracting by manifest.
2842 silly tarball no local data for eslint-plugin-react-hooks@https://registry.npmjs.org/eslint-plugin-react-hooks/-/eslint-plugin-react-hooks-5.2.0.tgz. Extracting by manifest.
2843 silly tarball no local data for eslint-import-resolver-typescript@https://registry.npmjs.org/eslint-import-resolver-typescript/-/eslint-import-resolver-typescript-3.10.1.tgz. Extracting by manifest.
2844 http cache which@https://registry.npmjs.org/which/-/which-2.0.2.tgz 0ms (cache hit)
2845 silly tarball no local data for levn@https://registry.npmjs.org/levn/-/levn-0.4.1.tgz. Extracting by manifest.
2846 silly tarball no local data for @humanfs/types@https://registry.npmjs.org/@humanfs/types/-/types-0.15.0.tgz. Extracting by manifest.
2847 silly tarball no local data for @humanfs/core@https://registry.npmjs.org/@humanfs/core/-/core-0.19.2.tgz. Extracting by manifest.
2848 silly tarball no local data for fast-json-stable-stringify@https://registry.npmjs.org/fast-json-stable-stringify/-/fast-json-stable-stringify-2.1.0.tgz. Extracting by manifest.
2849 silly tarball no local data for optionator@https://registry.npmjs.org/optionator/-/optionator-0.9.4.tgz. Extracting by manifest.
2850 silly tarball no local data for esutils@https://registry.npmjs.org/esutils/-/esutils-2.0.3.tgz. Extracting by manifest.
2851 silly tarball no local data for fast-deep-equal@https://registry.npmjs.org/fast-deep-equal/-/fast-deep-equal-3.1.3.tgz. Extracting by manifest.
2852 silly tarball no local data for json-stable-stringify-without-jsonify@https://registry.npmjs.org/json-stable-stringify-without-jsonify/-/json-stable-stringify-without-jsonify-1.0.1.tgz. Extracting by manifest.
2853 silly tarball no local data for esquery@https://registry.npmjs.org/esquery/-/esquery-1.7.0.tgz. Extracting by manifest.
2854 silly tarball no local data for eslint-visitor-keys@https://registry.npmjs.org/eslint-visitor-keys/-/eslint-visitor-keys-4.2.1.tgz. Extracting by manifest.
2855 silly tarball no local data for debug@https://registry.npmjs.org/debug/-/debug-4.4.3.tgz. Extracting by manifest.
2856 silly tarball no local data for espree@https://registry.npmjs.org/espree/-/espree-10.4.0.tgz. Extracting by manifest.
2857 silly tarball no local data for chalk@https://registry.npmjs.org/chalk/-/chalk-4.1.2.tgz. Extracting by manifest.
2858 silly tarball no local data for eslint-scope@https://registry.npmjs.org/eslint-scope/-/eslint-scope-8.4.0.tgz. Extracting by manifest.
2859 silly tarball no local data for @humanwhocodes/retry@https://registry.npmjs.org/@humanwhocodes/retry/-/retry-0.4.3.tgz. Extracting by manifest.
2860 silly tarball no local data for @humanfs/node@https://registry.npmjs.org/@humanfs/node/-/node-0.16.8.tgz. Extracting by manifest.
2861 silly tarball no local data for @humanwhocodes/module-importer@https://registry.npmjs.org/@humanwhocodes/module-importer/-/module-importer-1.0.1.tgz. Extracting by manifest.
2862 silly tarball no local data for tapable@https://registry.npmjs.org/tapable/-/tapable-2.3.3.tgz. Extracting by manifest.
2863 silly tarball no local data for @jridgewell/trace-mapping@https://registry.npmjs.org/@jridgewell/trace-mapping/-/trace-mapping-0.3.31.tgz. Extracting by manifest.
2864 silly tarball no local data for source-map-js@https://registry.npmjs.org/source-map-js/-/source-map-js-1.2.1.tgz. Extracting by manifest.
2865 silly tarball no local data for @jridgewell/sourcemap-codec@https://registry.npmjs.org/@jridgewell/sourcemap-codec/-/sourcemap-codec-1.5.5.tgz. Extracting by manifest.
2866 silly tarball no local data for magic-string@https://registry.npmjs.org/magic-string/-/magic-string-0.30.21.tgz. Extracting by manifest.
2867 silly tarball no local data for lightningcss@https://registry.npmjs.org/lightningcss/-/lightningcss-1.32.0.tgz. Extracting by manifest.
2868 silly tarball no local data for @jridgewell/remapping@https://registry.npmjs.org/@jridgewell/remapping/-/remapping-2.3.5.tgz. Extracting by manifest.
2869 silly tarball no local data for @tailwindcss/node@https://registry.npmjs.org/@tailwindcss/node/-/node-4.3.2.tgz. Extracting by manifest.
2870 silly tarball no local data for postcss@https://registry.npmjs.org/postcss/-/postcss-8.5.19.tgz. Extracting by manifest.
2871 http cache jiti@https://registry.npmjs.org/jiti/-/jiti-2.7.0.tgz 0ms (cache hit)
2872 silly tarball no local data for react@https://registry.npmjs.org/react/-/react-19.0.0.tgz. Extracting by manifest.
2873 silly tarball no local data for tailwindcss@https://registry.npmjs.org/tailwindcss/-/tailwindcss-4.3.2.tgz. Extracting by manifest.
2874 silly tarball no local data for @tailwindcss/postcss@https://registry.npmjs.org/@tailwindcss/postcss/-/postcss-4.3.2.tgz. Extracting by manifest.
2875 silly tarball no local data for fdir@https://registry.npmjs.org/fdir/-/fdir-6.5.0.tgz. Extracting by manifest.
2876 silly tarball no local data for react-dom@https://registry.npmjs.org/react-dom/-/react-dom-19.0.0.tgz. Extracting by manifest.
2877 silly tarball no local data for @types/react-dom@https://registry.npmjs.org/@types/react-dom/-/react-dom-19.0.2.tgz. Extracting by manifest.
2878 http cache semver@https://registry.npmjs.org/semver/-/semver-6.3.1.tgz 0ms (cache hit)
2879 silly tarball no local data for picomatch@https://registry.npmjs.org/picomatch/-/picomatch-4.0.5.tgz. Extracting by manifest.
2880 silly tarball no local data for debug@https://registry.npmjs.org/debug/-/debug-3.2.7.tgz. Extracting by manifest.
2881 http cache semver@https://registry.npmjs.org/semver/-/semver-6.3.1.tgz 0ms (cache hit)
2882 silly tarball no local data for debug@https://registry.npmjs.org/debug/-/debug-3.2.7.tgz. Extracting by manifest.
2883 silly tarball no local data for eslint-visitor-keys@https://registry.npmjs.org/eslint-visitor-keys/-/eslint-visitor-keys-5.0.1.tgz. Extracting by manifest.
2884 silly tarball no local data for debug@https://registry.npmjs.org/debug/-/debug-3.2.7.tgz. Extracting by manifest.
2885 http cache semver@https://registry.npmjs.org/semver/-/semver-6.3.1.tgz 0ms (cache hit)
2886 silly tarball no local data for json5@https://registry.npmjs.org/json5/-/json5-1.0.2.tgz. Extracting by manifest.
2887 silly tarball no local data for napi-postinstall@https://registry.npmjs.org/napi-postinstall/-/napi-postinstall-0.3.4.tgz. Extracting by manifest.
2888 silly tarball no local data for nanoid@https://registry.npmjs.org/nanoid/-/nanoid-3.3.16.tgz. Extracting by manifest.
2889 silly tarball no local data for acorn@https://registry.npmjs.org/acorn/-/acorn-8.17.0.tgz. Extracting by manifest.
2890 silly tarball no local data for @types/node@https://registry.npmjs.org/@types/node/-/node-22.10.2.tgz. Extracting by manifest.
2891 silly tarball no local data for semver@https://registry.npmjs.org/semver/-/semver-7.8.5.tgz. Extracting by manifest.
2892 silly tarball no local data for which@https://registry.npmjs.org/which/-/which-2.0.2.tgz. Extracting by manifest.
2893 silly tarball no local data for jiti@https://registry.npmjs.org/jiti/-/jiti-2.7.0.tgz. Extracting by manifest.
2894 silly tarball no local data for semver@https://registry.npmjs.org/semver/-/semver-6.3.1.tgz. Extracting by manifest.
2895 silly tarball no local data for semver@https://registry.npmjs.org/semver/-/semver-6.3.1.tgz. Extracting by manifest.
2896 silly tarball no local data for semver@https://registry.npmjs.org/semver/-/semver-6.3.1.tgz. Extracting by manifest.
2897 http cache eslint-visitor-keys@https://registry.npmjs.org/eslint-visitor-keys/-/eslint-visitor-keys-3.4.3.tgz 0ms (cache hit)
2898 http cache postcss@https://registry.npmjs.org/postcss/-/postcss-8.4.31.tgz 0ms (cache hit)
2899 http cache styled-jsx@https://registry.npmjs.org/styled-jsx/-/styled-jsx-5.1.6.tgz 0ms (cache hit)
2900 http cache busboy@https://registry.npmjs.org/busboy/-/busboy-1.6.0.tgz 0ms (cache hit)
2901 http cache brace-expansion@https://registry.npmjs.org/brace-expansion/-/brace-expansion-1.1.16.tgz 0ms (cache hit)
2902 http cache caniuse-lite@https://registry.npmjs.org/caniuse-lite/-/caniuse-lite-1.0.30001805.tgz 0ms (cache hit)
2903 http cache streamsearch@https://registry.npmjs.org/streamsearch/-/streamsearch-1.1.0.tgz 0ms (cache hit)
2904 http cache language-subtag-registry@https://registry.npmjs.org/language-subtag-registry/-/language-subtag-registry-0.3.23.tgz 0ms (cache hit)
2905 http cache @nodelib/fs.scandir@https://registry.npmjs.org/@nodelib/fs.scandir/-/fs.scandir-2.1.5.tgz 0ms (cache hit)
2906 http cache reusify@https://registry.npmjs.org/reusify/-/reusify-1.1.0.tgz 0ms (cache hit)
2907 http cache @nodelib/fs.stat@https://registry.npmjs.org/@nodelib/fs.stat/-/fs.stat-2.0.5.tgz 0ms (cache hit)
2908 http cache @nodelib/fs.walk@https://registry.npmjs.org/@nodelib/fs.walk/-/fs.walk-1.2.8.tgz 0ms (cache hit)
2909 http cache string.prototype.includes@https://registry.npmjs.org/string.prototype.includes/-/string.prototype.includes-2.0.1.tgz 0ms (cache hit)
2910 http cache es-iterator-helpers@https://registry.npmjs.org/es-iterator-helpers/-/es-iterator-helpers-1.4.0.tgz 0ms (cache hit)
2911 http cache has-tostringtag@https://registry.npmjs.org/has-tostringtag/-/has-tostringtag-1.0.2.tgz 0ms (cache hit)
2912 http cache object-inspect@https://registry.npmjs.org/object-inspect/-/object-inspect-1.13.4.tgz 0ms (cache hit)
2913 http cache has-symbols@https://registry.npmjs.org/has-symbols/-/has-symbols-1.1.0.tgz 0ms (cache hit)
2914 http cache @swc/helpers@https://registry.npmjs.org/@swc/helpers/-/helpers-0.5.15.tgz 0ms (cache hit)
2915 silly tarball no local data for eslint-visitor-keys@https://registry.npmjs.org/eslint-visitor-keys/-/eslint-visitor-keys-3.4.3.tgz. Extracting by manifest.
2916 silly tarball no local data for postcss@https://registry.npmjs.org/postcss/-/postcss-8.4.31.tgz. Extracting by manifest.
2917 http cache @typescript-eslint/types@https://registry.npmjs.org/@typescript-eslint/types/-/types-8.64.0.tgz 0ms (cache hit)
2918 http cache @typescript-eslint/typescript-estree@https://registry.npmjs.org/@typescript-eslint/typescript-estree/-/typescript-estree-8.64.0.tgz 0ms (cache hit)
2919 http cache @typescript-eslint/type-utils@https://registry.npmjs.org/@typescript-eslint/type-utils/-/type-utils-8.64.0.tgz 0ms (cache hit)
2920 http cache es-abstract@https://registry.npmjs.org/es-abstract/-/es-abstract-1.24.2.tgz 0ms (cache hit)
2921 http cache @typescript-eslint/scope-manager@https://registry.npmjs.org/@typescript-eslint/scope-manager/-/scope-manager-8.64.0.tgz 0ms (cache hit)
2922 http cache eslint-plugin-react@https://registry.npmjs.org/eslint-plugin-react/-/eslint-plugin-react-7.37.5.tgz 0ms (cache hit)
2923 http cache eslint-plugin-import@https://registry.npmjs.org/eslint-plugin-import/-/eslint-plugin-import-2.32.0.tgz 0ms (cache hit)
2924 http cache @next/eslint-plugin-next@https://registry.npmjs.org/@next/eslint-plugin-next/-/eslint-plugin-next-15.1.1.tgz 0ms (cache hit)
2925 http cache json-schema-traverse@https://registry.npmjs.org/json-schema-traverse/-/json-schema-traverse-0.4.1.tgz 0ms (cache hit)
2926 http cache @eslint/object-schema@https://registry.npmjs.org/@eslint/object-schema/-/object-schema-2.1.7.tgz 0ms (cache hit)
2927 http cache ajv@https://registry.npmjs.org/ajv/-/ajv-6.15.0.tgz 0ms (cache hit)
2928 http cache cross-spawn@https://registry.npmjs.org/cross-spawn/-/cross-spawn-7.0.6.tgz 0ms (cache hit)
2929 http cache @eslint/core@https://registry.npmjs.org/@eslint/core/-/core-0.17.0.tgz 0ms (cache hit)
2930 http cache @eslint/js@https://registry.npmjs.org/@eslint/js/-/js-9.39.5.tgz 0ms (cache hit)
2931 http cache @eslint/config-helpers@https://registry.npmjs.org/@eslint/config-helpers/-/config-helpers-0.4.2.tgz 0ms (cache hit)
2932 http cache @eslint/plugin-kit@https://registry.npmjs.org/@eslint/plugin-kit/-/plugin-kit-0.4.1.tgz 0ms (cache hit)
2933 http cache @jridgewell/resolve-uri@https://registry.npmjs.org/@jridgewell/resolve-uri/-/resolve-uri-3.1.2.tgz 0ms (cache hit)
2934 http cache @eslint/eslintrc@https://registry.npmjs.org/@eslint/eslintrc/-/eslintrc-3.3.6.tgz 0ms (cache hit)
2935 http cache @jridgewell/gen-mapping@https://registry.npmjs.org/@jridgewell/gen-mapping/-/gen-mapping-0.3.13.tgz 0ms (cache hit)
2936 http cache enhanced-resolve@https://registry.npmjs.org/enhanced-resolve/-/enhanced-resolve-5.21.6.tgz 0ms (cache hit)
2937 http cache brace-expansion@https://registry.npmjs.org/brace-expansion/-/brace-expansion-5.0.7.tgz 0ms (cache hit)
2938 http cache balanced-match@https://registry.npmjs.org/balanced-match/-/balanced-match-4.0.4.tgz 0ms (cache hit)
2939 silly tarball no local data for busboy@https://registry.npmjs.org/busboy/-/busboy-1.6.0.tgz. Extracting by manifest.
2940 silly tarball no local data for styled-jsx@https://registry.npmjs.org/styled-jsx/-/styled-jsx-5.1.6.tgz. Extracting by manifest.
2941 silly tarball no local data for caniuse-lite@https://registry.npmjs.org/caniuse-lite/-/caniuse-lite-1.0.30001805.tgz. Extracting by manifest.
2942 silly tarball no local data for brace-expansion@https://registry.npmjs.org/brace-expansion/-/brace-expansion-1.1.16.tgz. Extracting by manifest.
2943 silly tarball no local data for streamsearch@https://registry.npmjs.org/streamsearch/-/streamsearch-1.1.0.tgz. Extracting by manifest.
2944 silly tarball no local data for language-subtag-registry@https://registry.npmjs.org/language-subtag-registry/-/language-subtag-registry-0.3.23.tgz. Extracting by manifest.
2945 http cache minimatch@https://registry.npmjs.org/minimatch/-/minimatch-10.2.5.tgz 0ms (cache hit)
2946 silly tarball no local data for @nodelib/fs.scandir@https://registry.npmjs.org/@nodelib/fs.scandir/-/fs.scandir-2.1.5.tgz. Extracting by manifest.
2947 silly tarball no local data for reusify@https://registry.npmjs.org/reusify/-/reusify-1.1.0.tgz. Extracting by manifest.
2948 silly tarball no local data for @nodelib/fs.walk@https://registry.npmjs.org/@nodelib/fs.walk/-/fs.walk-1.2.8.tgz. Extracting by manifest.
2949 silly tarball no local data for @nodelib/fs.stat@https://registry.npmjs.org/@nodelib/fs.stat/-/fs.stat-2.0.5.tgz. Extracting by manifest.
2950 silly tarball no local data for string.prototype.includes@https://registry.npmjs.org/string.prototype.includes/-/string.prototype.includes-2.0.1.tgz. Extracting by manifest.
2951 silly tarball no local data for es-iterator-helpers@https://registry.npmjs.org/es-iterator-helpers/-/es-iterator-helpers-1.4.0.tgz. Extracting by manifest.
2952 silly tarball no local data for has-tostringtag@https://registry.npmjs.org/has-tostringtag/-/has-tostringtag-1.0.2.tgz. Extracting by manifest.
2953 silly tarball no local data for object-inspect@https://registry.npmjs.org/object-inspect/-/object-inspect-1.13.4.tgz. Extracting by manifest.
2954 silly tarball no local data for has-symbols@https://registry.npmjs.org/has-symbols/-/has-symbols-1.1.0.tgz. Extracting by manifest.
2955 silly tarball no local data for @swc/helpers@https://registry.npmjs.org/@swc/helpers/-/helpers-0.5.15.tgz. Extracting by manifest.
2956 silly tarball no local data for @typescript-eslint/types@https://registry.npmjs.org/@typescript-eslint/types/-/types-8.64.0.tgz. Extracting by manifest.
2957 silly tarball no local data for @typescript-eslint/typescript-estree@https://registry.npmjs.org/@typescript-eslint/typescript-estree/-/typescript-estree-8.64.0.tgz. Extracting by manifest.
2958 silly tarball no local data for @typescript-eslint/type-utils@https://registry.npmjs.org/@typescript-eslint/type-utils/-/type-utils-8.64.0.tgz. Extracting by manifest.
2959 silly tarball no local data for es-abstract@https://registry.npmjs.org/es-abstract/-/es-abstract-1.24.2.tgz. Extracting by manifest.
2960 silly tarball no local data for @typescript-eslint/scope-manager@https://registry.npmjs.org/@typescript-eslint/scope-manager/-/scope-manager-8.64.0.tgz. Extracting by manifest.
2961 silly tarball no local data for eslint-plugin-react@https://registry.npmjs.org/eslint-plugin-react/-/eslint-plugin-react-7.37.5.tgz. Extracting by manifest.
2962 silly tarball no local data for eslint-plugin-import@https://registry.npmjs.org/eslint-plugin-import/-/eslint-plugin-import-2.32.0.tgz. Extracting by manifest.
2963 silly tarball no local data for @next/eslint-plugin-next@https://registry.npmjs.org/@next/eslint-plugin-next/-/eslint-plugin-next-15.1.1.tgz. Extracting by manifest.
2964 silly tarball no local data for json-schema-traverse@https://registry.npmjs.org/json-schema-traverse/-/json-schema-traverse-0.4.1.tgz. Extracting by manifest.
2965 silly tarball no local data for @eslint/object-schema@https://registry.npmjs.org/@eslint/object-schema/-/object-schema-2.1.7.tgz. Extracting by manifest.
2966 silly tarball no local data for ajv@https://registry.npmjs.org/ajv/-/ajv-6.15.0.tgz. Extracting by manifest.
2967 silly tarball no local data for cross-spawn@https://registry.npmjs.org/cross-spawn/-/cross-spawn-7.0.6.tgz. Extracting by manifest.
2968 silly tarball no local data for @eslint/core@https://registry.npmjs.org/@eslint/core/-/core-0.17.0.tgz. Extracting by manifest.
2969 http cache js-yaml@https://registry.npmjs.org/js-yaml/-/js-yaml-4.3.0.tgz 0ms (cache hit)
2970 silly tarball no local data for @eslint/config-helpers@https://registry.npmjs.org/@eslint/config-helpers/-/config-helpers-0.4.2.tgz. Extracting by manifest.
2971 silly tarball no local data for @eslint/js@https://registry.npmjs.org/@eslint/js/-/js-9.39.5.tgz. Extracting by manifest.
2972 silly tarball no local data for @eslint/plugin-kit@https://registry.npmjs.org/@eslint/plugin-kit/-/plugin-kit-0.4.1.tgz. Extracting by manifest.
2973 silly tarball no local data for @jridgewell/resolve-uri@https://registry.npmjs.org/@jridgewell/resolve-uri/-/resolve-uri-3.1.2.tgz. Extracting by manifest.
2974 silly tarball no local data for @eslint/eslintrc@https://registry.npmjs.org/@eslint/eslintrc/-/eslintrc-3.3.6.tgz. Extracting by manifest.
2975 silly tarball no local data for @jridgewell/gen-mapping@https://registry.npmjs.org/@jridgewell/gen-mapping/-/gen-mapping-0.3.13.tgz. Extracting by manifest.
2976 silly tarball no local data for enhanced-resolve@https://registry.npmjs.org/enhanced-resolve/-/enhanced-resolve-5.21.6.tgz. Extracting by manifest.
2977 http cache typescript@https://registry.npmjs.org/typescript/-/typescript-5.9.3.tgz 0ms (cache hit)
2978 silly tarball no local data for brace-expansion@https://registry.npmjs.org/brace-expansion/-/brace-expansion-5.0.7.tgz. Extracting by manifest.
2979 silly tarball no local data for balanced-match@https://registry.npmjs.org/balanced-match/-/balanced-match-4.0.4.tgz. Extracting by manifest.
2980 silly tarball no local data for minimatch@https://registry.npmjs.org/minimatch/-/minimatch-10.2.5.tgz. Extracting by manifest.
2981 silly tarball no local data for js-yaml@https://registry.npmjs.org/js-yaml/-/js-yaml-4.3.0.tgz. Extracting by manifest.
2982 silly tarball no local data for typescript@https://registry.npmjs.org/typescript/-/typescript-5.9.3.tgz. Extracting by manifest.
2983 http cache flatted@https://registry.npmjs.org/flatted/-/flatted-3.4.2.tgz 0ms (cache hit)
2984 http cache jsx-ast-utils@https://registry.npmjs.org/jsx-ast-utils/-/jsx-ast-utils-3.3.5.tgz 0ms (cache hit)
2985 http cache axobject-query@https://registry.npmjs.org/axobject-query/-/axobject-query-4.1.0.tgz 0ms (cache hit)
2986 http cache tsconfig-paths@https://registry.npmjs.org/tsconfig-paths/-/tsconfig-paths-3.15.0.tgz 0ms (cache hit)
2987 http cache @typescript-eslint/utils@https://registry.npmjs.org/@typescript-eslint/utils/-/utils-8.64.0.tgz 0ms (cache hit)
2988 http cache fast-glob@https://registry.npmjs.org/fast-glob/-/fast-glob-3.3.1.tgz 0ms (cache hit)
2989 http cache uri-js@https://registry.npmjs.org/uri-js/-/uri-js-4.4.1.tgz 0ms (cache hit)
2990 http cache @eslint/config-array@https://registry.npmjs.org/@eslint/config-array/-/config-array-0.21.2.tgz 0ms (cache hit)
2991 http cache @typescript-eslint/eslint-plugin@https://registry.npmjs.org/@typescript-eslint/eslint-plugin/-/eslint-plugin-8.64.0.tgz 0ms (cache hit)
2992 http cache @types/react@https://registry.npmjs.org/@types/react/-/react-19.0.2.tgz 0ms (cache hit)
2993 silly tarball no local data for flatted@https://registry.npmjs.org/flatted/-/flatted-3.4.2.tgz. Extracting by manifest.
2994 silly tarball no local data for jsx-ast-utils@https://registry.npmjs.org/jsx-ast-utils/-/jsx-ast-utils-3.3.5.tgz. Extracting by manifest.
2995 silly tarball no local data for axobject-query@https://registry.npmjs.org/axobject-query/-/axobject-query-4.1.0.tgz. Extracting by manifest.
2996 silly tarball no local data for tsconfig-paths@https://registry.npmjs.org/tsconfig-paths/-/tsconfig-paths-3.15.0.tgz. Extracting by manifest.
2997 silly tarball no local data for @typescript-eslint/utils@https://registry.npmjs.org/@typescript-eslint/utils/-/utils-8.64.0.tgz. Extracting by manifest.
2998 silly tarball no local data for fast-glob@https://registry.npmjs.org/fast-glob/-/fast-glob-3.3.1.tgz. Extracting by manifest.
2999 silly tarball no local data for uri-js@https://registry.npmjs.org/uri-js/-/uri-js-4.4.1.tgz. Extracting by manifest.
3000 silly tarball no local data for @eslint/config-array@https://registry.npmjs.org/@eslint/config-array/-/config-array-0.21.2.tgz. Extracting by manifest.
3001 silly tarball no local data for @typescript-eslint/eslint-plugin@https://registry.npmjs.org/@typescript-eslint/eslint-plugin/-/eslint-plugin-8.64.0.tgz. Extracting by manifest.
3002 silly tarball no local data for @types/react@https://registry.npmjs.org/@types/react/-/react-19.0.2.tgz. Extracting by manifest.
3003 http cache aria-query@https://registry.npmjs.org/aria-query/-/aria-query-5.3.2.tgz 0ms (cache hit)
3004 http cache eslint-plugin-jsx-a11y@https://registry.npmjs.org/eslint-plugin-jsx-a11y/-/eslint-plugin-jsx-a11y-6.10.2.tgz 0ms (cache hit)
3005 http cache @rushstack/eslint-patch@https://registry.npmjs.org/@rushstack/eslint-patch/-/eslint-patch-1.16.1.tgz 0ms (cache hit)
3006 http cache lucide-react@https://registry.npmjs.org/lucide-react/-/lucide-react-0.468.0.tgz 0ms (cache hit)
3007 silly tarball no local data for aria-query@https://registry.npmjs.org/aria-query/-/aria-query-5.3.2.tgz. Extracting by manifest.
3008 silly tarball no local data for eslint-plugin-jsx-a11y@https://registry.npmjs.org/eslint-plugin-jsx-a11y/-/eslint-plugin-jsx-a11y-6.10.2.tgz. Extracting by manifest.
3009 silly tarball no local data for @rushstack/eslint-patch@https://registry.npmjs.org/@rushstack/eslint-patch/-/eslint-patch-1.16.1.tgz. Extracting by manifest.
3010 silly tarball no local data for lucide-react@https://registry.npmjs.org/lucide-react/-/lucide-react-0.468.0.tgz. Extracting by manifest.
3011 http fetch GET 200 https://registry.npmjs.org/client-only/-/client-only-0.0.1.tgz 1215ms (cache miss)
3012 http fetch GET 200 https://registry.npmjs.org/has-flag/-/has-flag-4.0.0.tgz 1216ms (cache miss)
3013 http fetch GET 200 https://registry.npmjs.org/is-arrayish/-/is-arrayish-0.3.4.tgz 1215ms (cache miss)
3014 http fetch GET 200 https://registry.npmjs.org/shebang-regex/-/shebang-regex-3.0.0.tgz 1215ms (cache miss)
3015 http fetch GET 200 https://registry.npmjs.org/path-parse/-/path-parse-1.0.7.tgz 1215ms (cache miss)
3016 http fetch GET 200 https://registry.npmjs.org/isarray/-/isarray-2.0.5.tgz 1216ms (cache miss)
3017 http cache resolve@https://registry.npmjs.org/resolve/-/resolve-2.0.0-next.7.tgz 0ms (cache hit)
3018 http fetch GET 200 https://registry.npmjs.org/simple-swizzle/-/simple-swizzle-0.2.4.tgz 1224ms (cache miss)
3019 http fetch GET 200 https://registry.npmjs.org/strip-bom/-/strip-bom-3.0.0.tgz 1228ms (cache miss)
3020 http cache eslint@https://registry.npmjs.org/eslint/-/eslint-9.39.5.tgz 0ms (cache hit)
3021 http fetch GET 200 https://registry.npmjs.org/picocolors/-/picocolors-1.1.1.tgz 1221ms (cache miss)
3022 silly tarball no local data for resolve@https://registry.npmjs.org/resolve/-/resolve-2.0.0-next.7.tgz. Extracting by manifest.
3023 http fetch GET 200 https://registry.npmjs.org/@swc/counter/-/counter-0.1.3.tgz 1218ms (cache miss)
3024 silly tarball no local data for eslint@https://registry.npmjs.org/eslint/-/eslint-9.39.5.tgz. Extracting by manifest.
3025 http fetch GET 200 https://registry.npmjs.org/color-string/-/color-string-1.9.1.tgz 1229ms (cache miss)
3026 http fetch GET 200 https://registry.npmjs.org/p-locate/-/p-locate-5.0.0.tgz 1217ms (cache miss)
3027 http fetch GET 200 https://registry.npmjs.org/is-number/-/is-number-7.0.0.tgz 1234ms (cache miss)
3028 http fetch GET 200 https://registry.npmjs.org/object-assign/-/object-assign-4.1.1.tgz 1229ms (cache miss)
3029 http fetch GET 200 https://registry.npmjs.org/@types/json5/-/json5-0.0.29.tgz 1236ms (cache miss)
3030 http fetch GET 200 https://registry.npmjs.org/queue-microtask/-/queue-microtask-1.2.3.tgz 1277ms (cache miss)
3031 http fetch GET 200 https://registry.npmjs.org/fast-levenshtein/-/fast-levenshtein-2.0.6.tgz 1275ms (cache miss)
3032 http fetch GET 200 https://registry.npmjs.org/p-limit/-/p-limit-3.1.0.tgz 1275ms (cache miss)
3033 http fetch GET 200 https://registry.npmjs.org/path-exists/-/path-exists-4.0.0.tgz 1271ms (cache miss)
3034 http fetch GET 200 https://registry.npmjs.org/punycode/-/punycode-2.3.1.tgz 1292ms (cache miss)
3035 http cache next@https://registry.npmjs.org/next/-/next-15.1.1.tgz 0ms (cache hit)
3036 http fetch GET 200 https://registry.npmjs.org/js-tokens/-/js-tokens-4.0.0.tgz 1285ms (cache miss)
3037 silly tarball no local data for next@https://registry.npmjs.org/next/-/next-15.1.1.tgz. Extracting by manifest.
3038 http fetch GET 200 https://registry.npmjs.org/is-extglob/-/is-extglob-2.1.1.tgz 1276ms (cache miss)
3039 http fetch GET 200 https://registry.npmjs.org/word-wrap/-/word-wrap-1.2.5.tgz 1309ms (cache miss)
3040 http fetch GET 200 https://registry.npmjs.org/fill-range/-/fill-range-7.1.1.tgz 1312ms (cache miss)
3041 http fetch GET 200 https://registry.npmjs.org/parent-module/-/parent-module-1.0.1.tgz 1441ms (cache miss)
3042 http fetch GET 200 https://registry.npmjs.org/color/-/color-4.2.3.tgz 1517ms (cache miss)
3043 http fetch GET 200 https://registry.npmjs.org/run-parallel/-/run-parallel-1.2.0.tgz 1577ms (cache miss)
3044 http fetch GET 200 https://registry.npmjs.org/acorn-jsx/-/acorn-jsx-5.3.2.tgz 1739ms (cache miss)
3045 http fetch GET 200 https://registry.npmjs.org/yocto-queue/-/yocto-queue-0.1.0.tgz 1757ms (cache miss)
3046 http fetch GET 200 https://registry.npmjs.org/merge2/-/merge2-1.4.1.tgz 1769ms (cache miss)
3047 http fetch GET 200 https://registry.npmjs.org/@rtsao/scc/-/scc-1.1.0.tgz 1621ms (cache miss)
3048 http fetch GET 200 https://registry.npmjs.org/estraverse/-/estraverse-5.3.0.tgz 1855ms (cache miss)
3049 http fetch GET 200 https://registry.npmjs.org/esrecurse/-/esrecurse-4.3.0.tgz 1952ms (cache miss)
3050 http fetch GET 200 https://registry.npmjs.org/@nolyfill/is-core-module/-/is-core-module-1.0.39.tgz 1803ms (cache miss)
3051 http fetch GET 200 https://registry.npmjs.org/callsites/-/callsites-3.1.0.tgz 2072ms (cache miss)
3052 http fetch GET 200 https://registry.npmjs.org/shebang-command/-/shebang-command-2.0.0.tgz 1833ms (cache miss)
3053 http fetch GET 200 https://registry.npmjs.org/eslint-import-resolver-node/-/eslint-import-resolver-node-0.3.10.tgz 1936ms (cache miss)
3054 http fetch GET 200 https://registry.npmjs.org/locate-path/-/locate-path-6.0.0.tgz 2302ms (cache miss)
3055 http fetch GET 200 https://registry.npmjs.org/supports-color/-/supports-color-7.2.0.tgz 2127ms (cache miss)
3056 http fetch GET 200 https://registry.npmjs.org/path-key/-/path-key-3.1.1.tgz 2171ms (cache miss)
3057 http fetch GET 200 https://registry.npmjs.org/color-name/-/color-name-1.1.4.tgz 2194ms (cache miss)
3058 http fetch GET 200 https://registry.npmjs.org/micromatch/-/micromatch-4.0.8.tgz 2577ms (cache miss)
3059 http fetch GET 200 https://registry.npmjs.org/ansi-styles/-/ansi-styles-4.3.0.tgz 2377ms (cache miss)
3060 http fetch GET 200 https://registry.npmjs.org/to-regex-range/-/to-regex-range-5.0.1.tgz 2642ms (cache miss)
3061 http fetch GET 200 https://registry.npmjs.org/unrs-resolver/-/unrs-resolver-1.12.2.tgz 2480ms (cache miss)
3062 http fetch GET 200 https://registry.npmjs.org/natural-compare/-/natural-compare-1.4.0.tgz 2479ms (cache miss)
3063 http fetch GET 200 https://registry.npmjs.org/strip-json-comments/-/strip-json-comments-3.1.1.tgz 2529ms (cache miss)
3064 http fetch GET 200 https://registry.npmjs.org/color-convert/-/color-convert-2.0.1.tgz 2570ms (cache miss)
3065 http fetch GET 200 https://registry.npmjs.org/import-fresh/-/import-fresh-3.3.1.tgz 2576ms (cache miss)
3066 http fetch GET 200 https://registry.npmjs.org/resolve-from/-/resolve-from-4.0.0.tgz 2860ms (cache miss)
3067 http fetch GET 200 https://registry.npmjs.org/ms/-/ms-2.1.3.tgz 2678ms (cache miss)
3068 http fetch GET 200 https://registry.npmjs.org/is-glob/-/is-glob-4.0.3.tgz 2780ms (cache miss)
3069 http fetch GET 200 https://registry.npmjs.org/@types/json-schema/-/json-schema-7.0.15.tgz 2885ms (cache miss)
3070 http fetch GET 200 https://registry.npmjs.org/escape-string-regexp/-/escape-string-regexp-4.0.0.tgz 2902ms (cache miss)
3071 http fetch GET 200 https://registry.npmjs.org/find-up/-/find-up-5.0.0.tgz 3038ms (cache miss)
3072 http fetch GET 200 https://registry.npmjs.org/glob-parent/-/glob-parent-6.0.2.tgz 3056ms (cache miss)
3073 http fetch GET 200 https://registry.npmjs.org/eslint-module-utils/-/eslint-module-utils-2.14.0.tgz 3306ms (cache miss)
3074 http fetch GET 200 https://registry.npmjs.org/ignore/-/ignore-5.3.2.tgz 3329ms (cache miss)
3075 http fetch GET 200 https://registry.npmjs.org/lodash.merge/-/lodash.merge-4.6.2.tgz 3391ms (cache miss)
3076 http fetch GET 200 https://registry.npmjs.org/globals/-/globals-14.0.0.tgz 3454ms (cache miss)
3077 http fetch GET 200 https://registry.npmjs.org/minimatch/-/minimatch-3.1.5.tgz 3565ms (cache miss)
3078 http fetch GET 200 https://registry.npmjs.org/file-entry-cache/-/file-entry-cache-8.0.0.tgz 3760ms (cache miss)
3079 http fetch GET 200 https://registry.npmjs.org/@tailwindcss/oxide/-/oxide-4.3.2.tgz 3768ms (cache miss)
3080 http fetch GET 200 https://registry.npmjs.org/eslint-config-next/-/eslint-config-next-15.1.1.tgz 3752ms (cache miss)
3081 http fetch GET 200 https://registry.npmjs.org/@alloc/quick-lru/-/quick-lru-5.2.0.tgz 3865ms (cache miss)
3082 http fetch GET 200 https://registry.npmjs.org/imurmurhash/-/imurmurhash-0.1.4.tgz 3897ms (cache miss)
3083 http fetch GET 200 https://registry.npmjs.org/loose-envify/-/loose-envify-1.4.0.tgz 4031ms (cache miss)
3084 http fetch GET 200 https://registry.npmjs.org/undici-types/-/undici-types-6.20.0.tgz 4089ms (cache miss)
3085 http fetch GET 200 https://registry.npmjs.org/graceful-fs/-/graceful-fs-4.2.11.tgz 4142ms (cache miss)
3086 http fetch GET 200 https://registry.npmjs.org/glob-parent/-/glob-parent-5.1.2.tgz 4250ms (cache miss)
3087 http fetch GET 200 https://registry.npmjs.org/@types/estree/-/estree-1.0.9.tgz 4312ms (cache miss)
3088 http fetch GET 200 https://registry.npmjs.org/generator-function/-/generator-function-2.0.1.tgz 3994ms (cache miss)
3089 http fetch GET 200 https://registry.npmjs.org/which-collection/-/which-collection-1.0.2.tgz 4021ms (cache miss)
3090 http fetch GET 200 https://registry.npmjs.org/is-weakmap/-/is-weakmap-2.0.2.tgz 4119ms (cache miss)
3091 http fetch GET 200 https://registry.npmjs.org/is-weakset/-/is-weakset-2.0.4.tgz 4245ms (cache miss)
3092 http fetch GET 200 https://registry.npmjs.org/is-async-function/-/is-async-function-2.1.1.tgz 4361ms (cache miss)
3093 http fetch GET 200 https://registry.npmjs.org/async-function/-/async-function-1.0.0.tgz 4411ms (cache miss)
3094 http fetch GET 200 https://registry.npmjs.org/has-bigints/-/has-bigints-1.1.0.tgz 4635ms (cache miss)
3095 http fetch GET 200 https://registry.npmjs.org/ignore/-/ignore-7.0.6.tgz 4827ms (cache miss)
3096 http fetch GET 200 https://registry.npmjs.org/is-map/-/is-map-2.0.3.tgz 4651ms (cache miss)
3097 http fetch GET 200 https://registry.npmjs.org/is-number-object/-/is-number-object-1.1.1.tgz 4763ms (cache miss)
3098 http fetch GET 200 https://registry.npmjs.org/is-boolean-object/-/is-boolean-object-1.2.2.tgz 4976ms (cache miss)
3099 http fetch GET 200 https://registry.npmjs.org/is-generator-function/-/is-generator-function-1.1.2.tgz 4998ms (cache miss)
3100 http fetch GET 200 https://registry.npmjs.org/reflect.getprototypeof/-/reflect.getprototypeof-1.0.10.tgz 5126ms (cache miss)
3101 http fetch GET 200 https://registry.npmjs.org/side-channel-list/-/side-channel-list-1.0.1.tgz 5261ms (cache miss)
3102 http fetch GET 200 https://registry.npmjs.org/which-builtin-type/-/which-builtin-type-1.2.1.tgz 5423ms (cache miss)
3103 http fetch GET 200 https://registry.npmjs.org/is-bigint/-/is-bigint-1.1.0.tgz 5426ms (cache miss)
3104 http fetch GET 200 https://registry.npmjs.org/is-finalizationregistry/-/is-finalizationregistry-1.1.1.tgz 5431ms (cache miss)
3105 http fetch GET 200 https://registry.npmjs.org/which-boxed-primitive/-/which-boxed-primitive-1.1.1.tgz 5505ms (cache miss)
3106 http fetch GET 200 https://registry.npmjs.org/isexe/-/isexe-2.0.0.tgz 5511ms (cache miss)
3107 http fetch GET 200 https://registry.npmjs.org/side-channel-weakmap/-/side-channel-weakmap-1.0.2.tgz 5732ms (cache miss)
3108 http fetch GET 200 https://registry.npmjs.org/side-channel-map/-/side-channel-map-1.0.1.tgz 5732ms (cache miss)
3109 http fetch GET 200 https://registry.npmjs.org/for-each/-/for-each-0.3.5.tgz 5793ms (cache miss)
3110 http fetch GET 200 https://registry.npmjs.org/react-is/-/react-is-16.13.1.tgz 5943ms (cache miss)
3111 http fetch GET 200 https://registry.npmjs.org/scheduler/-/scheduler-0.25.0.tgz 6179ms (cache miss)
3112 http fetch GET 200 https://registry.npmjs.org/supports-preserve-symlinks-flag/-/supports-preserve-symlinks-flag-1.0.0.tgz 6180ms (cache miss)
3113 http fetch GET 200 https://registry.npmjs.org/deep-is/-/deep-is-0.1.4.tgz 6181ms (cache miss)
3114 http fetch GET 200 https://registry.npmjs.org/concat-map/-/concat-map-0.0.1.tgz 6427ms (cache miss)
3115 http fetch GET 200 https://registry.npmjs.org/node-exports-info/-/node-exports-info-1.6.2.tgz 6499ms (cache miss)
3116 http fetch GET 200 https://registry.npmjs.org/balanced-match/-/balanced-match-1.0.2.tgz 6595ms (cache miss)
3117 http fetch GET 200 https://registry.npmjs.org/csstype/-/csstype-3.2.3.tgz 6969ms (cache miss)
3118 http fetch GET 200 https://registry.npmjs.org/@next/env/-/env-15.1.1.tgz 6648ms (cache miss)
3119 http fetch GET 200 https://registry.npmjs.org/type-check/-/type-check-0.4.0.tgz 7259ms (cache miss)
3120 http fetch GET 200 https://registry.npmjs.org/detect-libc/-/detect-libc-2.1.2.tgz 7276ms (cache miss)
3121 http fetch GET 200 https://registry.npmjs.org/set-function-name/-/set-function-name-2.0.2.tgz 7276ms (cache miss)
3122 http fetch GET 200 https://registry.npmjs.org/minimist/-/minimist-1.2.8.tgz 7288ms (cache miss)
3123 http fetch GET 200 https://registry.npmjs.org/tslib/-/tslib-2.8.1.tgz 7326ms (cache miss)
3124 http fetch GET 200 https://registry.npmjs.org/json-buffer/-/json-buffer-3.0.1.tgz 7707ms (cache miss)
3125 http fetch GET 200 https://registry.npmjs.org/picomatch/-/picomatch-2.3.2.tgz 7718ms (cache miss)
3126 http fetch GET 200 https://registry.npmjs.org/braces/-/braces-3.0.3.tgz 7933ms (cache miss)
3127 http fetch GET 200 https://registry.npmjs.org/@eslint-community/regexpp/-/regexpp-4.12.2.tgz 8654ms (cache miss)
3128 http fetch GET 200 https://registry.npmjs.org/dunder-proto/-/dunder-proto-1.0.1.tgz 8278ms (cache miss)
3129 http fetch GET 200 https://registry.npmjs.org/prelude-ls/-/prelude-ls-1.2.1.tgz 8280ms (cache miss)
3130 http fetch GET 200 https://registry.npmjs.org/side-channel/-/side-channel-1.1.1.tgz 8281ms (cache miss)
3131 http fetch GET 200 https://registry.npmjs.org/is-document.all/-/is-document.all-1.0.0.tgz 8280ms (cache miss)
3132 http fetch GET 200 https://registry.npmjs.org/resolve-pkg-maps/-/resolve-pkg-maps-1.0.0.tgz 8413ms (cache miss)
3133 http fetch GET 200 https://registry.npmjs.org/functions-have-names/-/functions-have-names-1.2.3.tgz 8895ms (cache miss)
3134 http fetch GET 200 https://registry.npmjs.org/keyv/-/keyv-4.5.4.tgz 8907ms (cache miss)
3135 http fetch GET 200 https://registry.npmjs.org/fastq/-/fastq-1.20.1.tgz 9080ms (cache miss)
3136 http fetch GET 200 https://registry.npmjs.org/iterator.prototype/-/iterator.prototype-1.1.5.tgz 9116ms (cache miss)
3137 http fetch GET 200 https://registry.npmjs.org/string.prototype.repeat/-/string.prototype.repeat-1.0.0.tgz 9432ms (cache miss)
3138 http fetch GET 200 https://registry.npmjs.org/object.entries/-/object.entries-1.1.9.tgz 9486ms (cache miss)
3139 http fetch GET 200 https://registry.npmjs.org/string.prototype.matchall/-/string.prototype.matchall-4.0.12.tgz 9533ms (cache miss)
3140 http fetch GET 200 https://registry.npmjs.org/flat-cache/-/flat-cache-4.0.1.tgz 10345ms (cache miss)
3141 http fetch GET 200 https://registry.npmjs.org/@eslint-community/eslint-utils/-/eslint-utils-4.9.1.tgz 10735ms (cache miss)
3142 http fetch GET 200 https://registry.npmjs.org/array.prototype.findlast/-/array.prototype.findlast-1.2.5.tgz 10458ms (cache miss)
3143 http fetch GET 200 https://registry.npmjs.org/array.prototype.tosorted/-/array.prototype.tosorted-1.1.4.tgz 10465ms (cache miss)
3144 http fetch GET 200 https://registry.npmjs.org/damerau-levenshtein/-/damerau-levenshtein-1.0.8.tgz 10506ms (cache miss)
3145 http fetch GET 200 https://registry.npmjs.org/language-tags/-/language-tags-1.0.9.tgz 10521ms (cache miss)
3146 http fetch GET 200 https://registry.npmjs.org/prop-types/-/prop-types-15.8.1.tgz 10527ms (cache miss)
3147 http fetch GET 200 https://registry.npmjs.org/emoji-regex/-/emoji-regex-9.2.2.tgz 10821ms (cache miss)
3148 http fetch GET 200 https://registry.npmjs.org/sharp/-/sharp-0.33.5.tgz 11053ms (cache miss)
3149 http fetch GET 200 https://registry.npmjs.org/typed-array-byte-offset/-/typed-array-byte-offset-1.0.4.tgz 11048ms (cache miss)
3150 http fetch GET 200 https://registry.npmjs.org/argparse/-/argparse-2.0.1.tgz 11095ms (cache miss)
3151 http fetch GET 200 https://registry.npmjs.org/is-date-object/-/is-date-object-1.1.0.tgz 11105ms (cache miss)
3152 http fetch GET 200 https://registry.npmjs.org/which-typed-array/-/which-typed-array-1.1.22.tgz 11319ms (cache miss)
3153 http fetch GET 200 https://registry.npmjs.org/ast-types-flow/-/ast-types-flow-0.0.8.tgz 11340ms (cache miss)
3154 http fetch GET 200 https://registry.npmjs.org/is-symbol/-/is-symbol-1.1.1.tgz 11507ms (cache miss)
3155 http fetch GET 200 https://registry.npmjs.org/unbox-primitive/-/unbox-primitive-1.1.0.tgz 11510ms (cache miss)
3156 http fetch GET 200 https://registry.npmjs.org/stop-iteration-iterator/-/stop-iteration-iterator-1.1.0.tgz 11665ms (cache miss)
3157 http fetch GET 200 https://registry.npmjs.org/es-abstract-get/-/es-abstract-get-1.0.0.tgz 11681ms (cache miss)
3158 http fetch GET 200 https://registry.npmjs.org/string.prototype.trimstart/-/string.prototype.trimstart-1.0.8.tgz 11689ms (cache miss)
3159 http fetch GET 200 https://registry.npmjs.org/typed-array-byte-length/-/typed-array-byte-length-1.0.3.tgz 11849ms (cache miss)
3160 http fetch GET 200 https://registry.npmjs.org/possible-typed-array-names/-/possible-typed-array-names-1.1.0.tgz 11850ms (cache miss)
3161 http fetch GET 200 https://registry.npmjs.org/typed-array-length/-/typed-array-length-1.0.8.tgz 11868ms (cache miss)
3162 http fetch GET 200 https://registry.npmjs.org/typed-array-buffer/-/typed-array-buffer-1.0.3.tgz 12177ms (cache miss)
3163 http fetch GET 200 https://registry.npmjs.org/own-keys/-/own-keys-1.0.1.tgz 12177ms (cache miss)
3164 http fetch GET 200 https://registry.npmjs.org/safe-regex-test/-/safe-regex-test-1.1.0.tgz 12179ms (cache miss)
3165 http fetch GET 200 https://registry.npmjs.org/string.prototype.trim/-/string.prototype.trim-1.2.11.tgz 12303ms (cache miss)
3166 http fetch GET 200 https://registry.npmjs.org/safe-push-apply/-/safe-push-apply-1.0.0.tgz 12421ms (cache miss)
3167 http fetch GET 200 https://registry.npmjs.org/regexp.prototype.flags/-/regexp.prototype.flags-1.5.4.tgz 12837ms (cache miss)
3168 http fetch GET 200 https://registry.npmjs.org/is-weakref/-/is-weakref-1.1.1.tgz 12843ms (cache miss)
3169 http fetch GET 200 https://registry.npmjs.org/is-shared-array-buffer/-/is-shared-array-buffer-1.0.4.tgz 12844ms (cache miss)
3170 http fetch GET 200 https://registry.npmjs.org/set-proto/-/set-proto-1.0.0.tgz 12851ms (cache miss)
3171 http fetch GET 200 https://registry.npmjs.org/is-data-view/-/is-data-view-1.0.2.tgz 12858ms (cache miss)
3172 http fetch GET 200 https://registry.npmjs.org/is-negative-zero/-/is-negative-zero-2.0.3.tgz 12874ms (cache miss)
3173 http fetch GET 200 https://registry.npmjs.org/object.assign/-/object.assign-4.1.7.tgz 12887ms (cache miss)
3174 http fetch GET 200 https://registry.npmjs.org/is-set/-/is-set-2.0.3.tgz 13007ms (cache miss)
3175 http fetch GET 200 https://registry.npmjs.org/is-typed-array/-/is-typed-array-1.1.15.tgz 13153ms (cache miss)
3176 http fetch GET 200 https://registry.npmjs.org/is-array-buffer/-/is-array-buffer-3.0.5.tgz 13285ms (cache miss)
3177 http fetch GET 200 https://registry.npmjs.org/is-regex/-/is-regex-1.2.1.tgz 13473ms (cache miss)
3178 http fetch GET 200 https://registry.npmjs.org/has-proto/-/has-proto-1.2.0.tgz 13519ms (cache miss)
3179 http fetch GET 200 https://registry.npmjs.org/internal-slot/-/internal-slot-1.1.0.tgz 13536ms (cache miss)
3180 http fetch GET 200 https://registry.npmjs.org/is-callable/-/is-callable-1.2.7.tgz 13569ms (cache miss)
3181 http fetch GET 200 https://registry.npmjs.org/safe-array-concat/-/safe-array-concat-1.1.4.tgz 13604ms (cache miss)
3182 http fetch GET 200 https://registry.npmjs.org/globalthis/-/globalthis-1.0.4.tgz 13600ms (cache miss)
3183 http fetch GET 200 https://registry.npmjs.org/get-symbol-description/-/get-symbol-description-1.1.0.tgz 13602ms (cache miss)
3184 http fetch GET 200 https://registry.npmjs.org/get-proto/-/get-proto-1.0.1.tgz 13619ms (cache miss)
3185 http fetch GET 200 https://registry.npmjs.org/data-view-byte-length/-/data-view-byte-length-1.0.2.tgz 13745ms (cache miss)
3186 http fetch GET 200 https://registry.npmjs.org/data-view-buffer/-/data-view-buffer-1.0.2.tgz 13981ms (cache miss)
3187 http fetch GET 200 https://registry.npmjs.org/es-set-tostringtag/-/es-set-tostringtag-2.1.0.tgz 14082ms (cache miss)
3188 http fetch GET 200 https://registry.npmjs.org/es-to-primitive/-/es-to-primitive-1.3.4.tgz 14085ms (cache miss)
3189 http fetch GET 200 https://registry.npmjs.org/array-buffer-byte-length/-/array-buffer-byte-length-1.0.2.tgz 14117ms (cache miss)
3190 http fetch GET 200 https://registry.npmjs.org/data-view-byte-offset/-/data-view-byte-offset-1.0.1.tgz 14144ms (cache miss)
3191 http fetch GET 200 https://registry.npmjs.org/arraybuffer.prototype.slice/-/arraybuffer.prototype.slice-1.0.4.tgz 14200ms (cache miss)
3192 http fetch GET 200 https://registry.npmjs.org/define-data-property/-/define-data-property-1.1.4.tgz 14228ms (cache miss)
3193 http fetch GET 200 https://registry.npmjs.org/available-typed-arrays/-/available-typed-arrays-1.0.7.tgz 14285ms (cache miss)
3194 http fetch GET 200 https://registry.npmjs.org/function.prototype.name/-/function.prototype.name-1.2.0.tgz 14323ms (cache miss)
3195 http fetch GET 200 https://registry.npmjs.org/gopd/-/gopd-1.2.0.tgz 14417ms (cache miss)
3196 http fetch GET 200 https://registry.npmjs.org/has-property-descriptors/-/has-property-descriptors-1.0.2.tgz 14553ms (cache miss)
3197 http fetch GET 200 https://registry.npmjs.org/set-function-length/-/set-function-length-1.2.2.tgz 14650ms (cache miss)
3198 http fetch GET 200 https://registry.npmjs.org/es-errors/-/es-errors-1.3.0.tgz 14905ms (cache miss)
3199 http fetch GET 200 https://registry.npmjs.org/math-intrinsics/-/math-intrinsics-1.1.0.tgz 14932ms (cache miss)
3200 http fetch GET 200 https://registry.npmjs.org/call-bind-apply-helpers/-/call-bind-apply-helpers-1.0.2.tgz 15096ms (cache miss)
3201 http fetch GET 200 https://registry.npmjs.org/object-keys/-/object-keys-1.1.1.tgz 15099ms (cache miss)
3202 http fetch GET 200 https://registry.npmjs.org/es-shim-unscopables/-/es-shim-unscopables-1.1.0.tgz 15113ms (cache miss)
3203 http fetch GET 200 https://registry.npmjs.org/function-bind/-/function-bind-1.1.2.tgz 15165ms (cache miss)
3204 http fetch GET 200 https://registry.npmjs.org/es-define-property/-/es-define-property-1.0.1.tgz 15189ms (cache miss)
3205 http fetch GET 200 https://registry.npmjs.org/is-string/-/is-string-1.1.1.tgz 15256ms (cache miss)
3206 http fetch GET 200 https://registry.npmjs.org/define-properties/-/define-properties-1.2.1.tgz 15454ms (cache miss)
3207 http fetch GET 200 https://registry.npmjs.org/es-object-atoms/-/es-object-atoms-1.1.2.tgz 15521ms (cache miss)
3208 http fetch GET 200 https://registry.npmjs.org/hasown/-/hasown-2.0.4.tgz 15644ms (cache miss)
3209 http fetch GET 200 https://registry.npmjs.org/call-bound/-/call-bound-1.0.4.tgz 15868ms (cache miss)
3210 http fetch GET 200 https://registry.npmjs.org/call-bind/-/call-bind-1.0.9.tgz 15879ms (cache miss)
3211 http fetch GET 200 https://registry.npmjs.org/array.prototype.flat/-/array.prototype.flat-1.3.3.tgz 16006ms (cache miss)
3212 http fetch GET 200 https://registry.npmjs.org/object.values/-/object.values-1.2.1.tgz 16011ms (cache miss)
3213 http fetch GET 200 https://registry.npmjs.org/object.fromentries/-/object.fromentries-2.0.8.tgz 16074ms (cache miss)
3214 http fetch GET 200 https://registry.npmjs.org/object.groupby/-/object.groupby-1.0.3.tgz 16526ms (cache miss)
3215 http fetch GET 200 https://registry.npmjs.org/string.prototype.trimend/-/string.prototype.trimend-1.0.10.tgz 16676ms (cache miss)
3216 http fetch GET 200 https://registry.npmjs.org/array-includes/-/array-includes-3.1.9.tgz 16672ms (cache miss)
3217 http fetch GET 200 https://registry.npmjs.org/array.prototype.flatmap/-/array.prototype.flatmap-1.3.3.tgz 16711ms (cache miss)
3218 http fetch GET 200 https://registry.npmjs.org/get-intrinsic/-/get-intrinsic-1.3.0.tgz 16720ms (cache miss)
3219 http fetch GET 200 https://registry.npmjs.org/array.prototype.findlastindex/-/array.prototype.findlastindex-1.2.6.tgz 16888ms (cache miss)
3220 http fetch GET 200 https://registry.npmjs.org/stable-hash/-/stable-hash-0.0.5.tgz 16940ms (cache miss)
3221 http fetch GET 200 https://registry.npmjs.org/is-bun-module/-/is-bun-module-2.0.0.tgz 16939ms (cache miss)
3222 http fetch GET 200 https://registry.npmjs.org/@typescript-eslint/project-service/-/project-service-8.64.0.tgz 17093ms (cache miss)
3223 http fetch GET 200 https://registry.npmjs.org/@typescript-eslint/tsconfig-utils/-/tsconfig-utils-8.64.0.tgz 17206ms (cache miss)
3224 http fetch GET 200 https://registry.npmjs.org/@typescript-eslint/visitor-keys/-/visitor-keys-8.64.0.tgz 17422ms (cache miss)
3225 http fetch GET 200 https://registry.npmjs.org/doctrine/-/doctrine-2.1.0.tgz 17437ms (cache miss)
3226 http fetch GET 200 https://registry.npmjs.org/get-tsconfig/-/get-tsconfig-4.14.0.tgz 17573ms (cache miss)
3227 http fetch GET 200 https://registry.npmjs.org/tinyglobby/-/tinyglobby-0.2.17.tgz 17574ms (cache miss)
3228 http fetch GET 200 https://registry.npmjs.org/@typescript-eslint/parser/-/parser-8.64.0.tgz 17588ms (cache miss)
3229 http fetch GET 200 https://registry.npmjs.org/@humanfs/types/-/types-0.15.0.tgz 17883ms (cache miss)
3230 http fetch GET 200 https://registry.npmjs.org/is-core-module/-/is-core-module-2.16.2.tgz 17908ms (cache miss)
3231 http fetch GET 200 https://registry.npmjs.org/fast-json-stable-stringify/-/fast-json-stable-stringify-2.1.0.tgz 18017ms (cache miss)
3232 http fetch GET 200 https://registry.npmjs.org/fast-deep-equal/-/fast-deep-equal-3.1.3.tgz 18208ms (cache miss)
3233 http fetch GET 200 https://registry.npmjs.org/@humanfs/core/-/core-0.19.2.tgz 18234ms (cache miss)
3234 http fetch GET 200 https://registry.npmjs.org/json-stable-stringify-without-jsonify/-/json-stable-stringify-without-jsonify-1.0.1.tgz 18386ms (cache miss)
3235 http fetch GET 200 https://registry.npmjs.org/optionator/-/optionator-0.9.4.tgz 18411ms (cache miss)
3236 http fetch GET 200 https://registry.npmjs.org/levn/-/levn-0.4.1.tgz 18523ms (cache miss)
3237 http fetch GET 200 https://registry.npmjs.org/eslint-visitor-keys/-/eslint-visitor-keys-4.2.1.tgz 18649ms (cache miss)
3238 http fetch GET 200 https://registry.npmjs.org/eslint-import-resolver-typescript/-/eslint-import-resolver-typescript-3.10.1.tgz 19197ms (cache miss)
3239 http fetch GET 200 https://registry.npmjs.org/debug/-/debug-4.4.3.tgz 19221ms (cache miss)
3240 http fetch GET 200 https://registry.npmjs.org/esutils/-/esutils-2.0.3.tgz 19235ms (cache miss)
3241 http fetch GET 200 https://registry.npmjs.org/espree/-/espree-10.4.0.tgz 19498ms (cache miss)
3242 http fetch GET 200 https://registry.npmjs.org/@humanfs/node/-/node-0.16.8.tgz 20165ms (cache miss)
3243 http fetch GET 200 https://registry.npmjs.org/eslint-scope/-/eslint-scope-8.4.0.tgz 20168ms (cache miss)
3244 http fetch GET 200 https://registry.npmjs.org/chalk/-/chalk-4.1.2.tgz 20181ms (cache miss)
3245 http fetch GET 200 https://registry.npmjs.org/ts-api-utils/-/ts-api-utils-2.5.0.tgz 20197ms (cache miss)
3246 http fetch GET 200 https://registry.npmjs.org/@humanwhocodes/module-importer/-/module-importer-1.0.1.tgz 20188ms (cache miss)
3247 http fetch GET 200 https://registry.npmjs.org/eslint-plugin-react-hooks/-/eslint-plugin-react-hooks-5.2.0.tgz 20421ms (cache miss)
3248 http fetch GET 200 https://registry.npmjs.org/tapable/-/tapable-2.3.3.tgz 20557ms (cache miss)
3249 http fetch GET 200 https://registry.npmjs.org/@jridgewell/trace-mapping/-/trace-mapping-0.3.31.tgz 21246ms (cache miss)
3250 http fetch GET 200 https://registry.npmjs.org/@jridgewell/remapping/-/remapping-2.3.5.tgz 21321ms (cache miss)
3251 http fetch GET 200 https://registry.npmjs.org/@tailwindcss/node/-/node-4.3.2.tgz 21972ms (cache miss)
3252 http fetch GET 200 https://registry.npmjs.org/source-map-js/-/source-map-js-1.2.1.tgz 22125ms (cache miss)
3253 http fetch GET 200 https://registry.npmjs.org/@jridgewell/sourcemap-codec/-/sourcemap-codec-1.5.5.tgz 22160ms (cache miss)
3254 http fetch GET 200 https://registry.npmjs.org/@humanwhocodes/retry/-/retry-0.4.3.tgz 22397ms (cache miss)
3255 http fetch GET 200 https://registry.npmjs.org/react/-/react-19.0.0.tgz 22485ms (cache miss)
3256 http fetch GET 200 https://registry.npmjs.org/postcss/-/postcss-8.5.19.tgz 22805ms (cache miss)
3257 http fetch GET 200 https://registry.npmjs.org/@types/react-dom/-/react-dom-19.0.2.tgz 22818ms (cache miss)
3258 http fetch GET 200 https://registry.npmjs.org/fdir/-/fdir-6.5.0.tgz 22979ms (cache miss)
3259 http fetch GET 200 https://registry.npmjs.org/lightningcss/-/lightningcss-1.32.0.tgz 23327ms (cache miss)
3260 http fetch GET 200 https://registry.npmjs.org/picomatch/-/picomatch-4.0.5.tgz 23533ms (cache miss)
3261 http fetch GET 200 https://registry.npmjs.org/@tailwindcss/postcss/-/postcss-4.3.2.tgz 23641ms (cache miss)
3262 http fetch GET 200 https://registry.npmjs.org/debug/-/debug-3.2.7.tgz 23781ms (cache miss)
3263 http fetch GET 200 https://registry.npmjs.org/eslint-visitor-keys/-/eslint-visitor-keys-5.0.1.tgz 24034ms (cache miss)
3264 http fetch GET 200 https://registry.npmjs.org/debug/-/debug-3.2.7.tgz 24301ms (cache miss)
3265 http fetch GET 200 https://registry.npmjs.org/debug/-/debug-3.2.7.tgz 24329ms (cache miss)
3266 http fetch GET 200 https://registry.npmjs.org/json5/-/json5-1.0.2.tgz 24583ms (cache miss)
3267 http fetch GET 200 https://registry.npmjs.org/magic-string/-/magic-string-0.30.21.tgz 24866ms (cache miss)
3268 http fetch GET 200 https://registry.npmjs.org/nanoid/-/nanoid-3.3.16.tgz 24869ms (cache miss)
3269 http fetch GET 200 https://registry.npmjs.org/which/-/which-2.0.2.tgz 25118ms (cache miss)
3270 http fetch GET 200 https://registry.npmjs.org/napi-postinstall/-/napi-postinstall-0.3.4.tgz 25281ms (cache miss)
3271 http fetch GET 200 https://registry.npmjs.org/semver/-/semver-7.8.5.tgz 25918ms (cache miss)
3272 http fetch GET 200 https://registry.npmjs.org/semver/-/semver-6.3.1.tgz 25905ms (cache miss)
3273 http fetch GET 200 https://registry.npmjs.org/semver/-/semver-6.3.1.tgz 26048ms (cache miss)
3274 http fetch GET 200 https://registry.npmjs.org/tailwindcss/-/tailwindcss-4.3.2.tgz 26248ms (cache miss)
3275 http fetch GET 200 https://registry.npmjs.org/eslint-visitor-keys/-/eslint-visitor-keys-3.4.3.tgz 26424ms (cache miss)
3276 http fetch GET 200 https://registry.npmjs.org/esquery/-/esquery-1.7.0.tgz 26871ms (cache miss)
3277 http fetch GET 200 https://registry.npmjs.org/semver/-/semver-6.3.1.tgz 26780ms (cache miss)
3278 http fetch GET 200 https://registry.npmjs.org/busboy/-/busboy-1.6.0.tgz 27561ms (cache miss)
3279 http fetch GET 200 https://registry.npmjs.org/@unrs/resolver-binding-win32-x64-msvc/-/resolver-binding-win32-x64-msvc-1.12.2.tgz 30128ms (cache miss)
3280 http fetch GET 200 https://registry.npmjs.org/postcss 30494ms (cache miss)
3281 silly packumentCache corgi:https://registry.npmjs.org/postcss set size:undefined disposed:false
3282 http fetch GET 200 https://registry.npmjs.org/postcss/-/postcss-8.4.31.tgz 29158ms (cache miss)
3283 http fetch GET 200 https://registry.npmjs.org/axe-core/-/axe-core-4.12.1.tgz 30092ms (cache miss)
3284 http fetch GET 200 https://registry.npmjs.org/brace-expansion/-/brace-expansion-1.1.16.tgz 30039ms (cache miss)
3285 http fetch GET 200 https://registry.npmjs.org/acorn/-/acorn-8.17.0.tgz 30407ms (cache miss)
3286 http fetch GET 200 https://registry.npmjs.org/streamsearch/-/streamsearch-1.1.0.tgz 30239ms (cache miss)
3287 http fetch GET 200 https://registry.npmjs.org/@nodelib/fs.scandir/-/fs.scandir-2.1.5.tgz 30588ms (cache miss)
3288 http fetch GET 200 https://registry.npmjs.org/reusify/-/reusify-1.1.0.tgz 30695ms (cache miss)
3289 http fetch GET 200 https://registry.npmjs.org/@nodelib/fs.stat/-/fs.stat-2.0.5.tgz 30695ms (cache miss)
3290 http fetch GET 200 https://registry.npmjs.org/@nodelib/fs.walk/-/fs.walk-1.2.8.tgz 30724ms (cache miss)
3291 http fetch GET 200 https://registry.npmjs.org/object-inspect/-/object-inspect-1.13.4.tgz 31697ms (cache miss)
3292 http fetch GET 200 https://registry.npmjs.org/string.prototype.includes/-/string.prototype.includes-2.0.1.tgz 32280ms (cache miss)
3293 http fetch GET 200 https://registry.npmjs.org/has-symbols/-/has-symbols-1.1.0.tgz 32281ms (cache miss)
3294 http fetch GET 200 https://registry.npmjs.org/has-tostringtag/-/has-tostringtag-1.0.2.tgz 32286ms (cache miss)
3295 http fetch GET 200 https://registry.npmjs.org/styled-jsx/-/styled-jsx-5.1.6.tgz 32427ms (cache miss)
3296 http fetch GET 200 https://registry.npmjs.org/@types/node/-/node-22.10.2.tgz 33035ms (cache miss)
3297 http fetch GET 200 https://registry.npmjs.org/@typescript-eslint/types/-/types-8.64.0.tgz 32875ms (cache miss)
3298 http fetch GET 200 https://registry.npmjs.org/es-iterator-helpers/-/es-iterator-helpers-1.4.0.tgz 33286ms (cache miss)
3299 http fetch GET 200 https://registry.npmjs.org/@typescript-eslint/type-utils/-/type-utils-8.64.0.tgz 33493ms (cache miss)
3300 http fetch GET 200 https://registry.npmjs.org/@swc/helpers/-/helpers-0.5.15.tgz 33589ms (cache miss)
3301 http fetch GET 200 https://registry.npmjs.org/@next/eslint-plugin-next/-/eslint-plugin-next-15.1.1.tgz 34140ms (cache miss)
3302 http fetch GET 200 https://registry.npmjs.org/@typescript-eslint/typescript-estree/-/typescript-estree-8.64.0.tgz 34252ms (cache miss)
3303 http fetch GET 200 https://registry.npmjs.org/json-schema-traverse/-/json-schema-traverse-0.4.1.tgz 34418ms (cache miss)
3304 http fetch GET 200 https://registry.npmjs.org/jiti/-/jiti-2.7.0.tgz 35004ms (cache miss)
3305 http fetch GET 200 https://registry.npmjs.org/@typescript-eslint/scope-manager/-/scope-manager-8.64.0.tgz 34681ms (cache miss)
3306 http fetch GET 200 https://registry.npmjs.org/cross-spawn/-/cross-spawn-7.0.6.tgz 34813ms (cache miss)
3307 http fetch GET 200 https://registry.npmjs.org/@eslint/object-schema/-/object-schema-2.1.7.tgz 34873ms (cache miss)
3308 http fetch GET 200 https://registry.npmjs.org/@eslint/config-helpers/-/config-helpers-0.4.2.tgz 35303ms (cache miss)
3309 http fetch GET 200 https://registry.npmjs.org/@eslint/core/-/core-0.17.0.tgz 35459ms (cache miss)
3310 http fetch GET 200 https://registry.npmjs.org/language-subtag-registry/-/language-subtag-registry-0.3.23.tgz 35506ms (cache miss)
3311 http fetch GET 200 https://registry.npmjs.org/@eslint/js/-/js-9.39.5.tgz 35528ms (cache miss)
3312 http fetch GET 200 https://registry.npmjs.org/@jridgewell/resolve-uri/-/resolve-uri-3.1.2.tgz 35703ms (cache miss)
3313 http fetch GET 200 https://registry.npmjs.org/brace-expansion/-/brace-expansion-5.0.7.tgz 35910ms (cache miss)
3314 http fetch GET 200 https://registry.npmjs.org/es-abstract/-/es-abstract-1.24.2.tgz 36047ms (cache miss)
3315 http fetch GET 200 https://registry.npmjs.org/@jridgewell/gen-mapping/-/gen-mapping-0.3.13.tgz 36170ms (cache miss)
3316 http fetch GET 200 https://registry.npmjs.org/balanced-match/-/balanced-match-4.0.4.tgz 36254ms (cache miss)
3317 http fetch GET 200 https://registry.npmjs.org/@eslint/plugin-kit/-/plugin-kit-0.4.1.tgz 37307ms (cache miss)
3318 http fetch GET 200 https://registry.npmjs.org/enhanced-resolve/-/enhanced-resolve-5.21.6.tgz 37617ms (cache miss)
3319 http fetch GET 200 https://registry.npmjs.org/flatted/-/flatted-3.4.2.tgz 38283ms (cache miss)
3320 http fetch GET 200 https://registry.npmjs.org/@eslint/eslintrc/-/eslintrc-3.3.6.tgz 38505ms (cache miss)
3321 http fetch GET 200 https://registry.npmjs.org/js-yaml/-/js-yaml-4.3.0.tgz 38562ms (cache miss)
3322 http fetch GET 200 https://registry.npmjs.org/caniuse-lite/-/caniuse-lite-1.0.30001805.tgz 38900ms (cache miss)
3323 http fetch GET 200 https://registry.npmjs.org/tsconfig-paths/-/tsconfig-paths-3.15.0.tgz 39588ms (cache miss)
3324 http fetch GET 200 https://registry.npmjs.org/axobject-query/-/axobject-query-4.1.0.tgz 39662ms (cache miss)
3325 http fetch GET 200 https://registry.npmjs.org/jsx-ast-utils/-/jsx-ast-utils-3.3.5.tgz 39687ms (cache miss)
3326 http fetch GET 200 https://registry.npmjs.org/eslint-plugin-react/-/eslint-plugin-react-7.37.5.tgz 39899ms (cache miss)
3327 http fetch GET 200 https://registry.npmjs.org/minimatch/-/minimatch-10.2.5.tgz 40178ms (cache miss)
3328 http fetch GET 200 https://registry.npmjs.org/@typescript-eslint/utils/-/utils-8.64.0.tgz 40557ms (cache miss)
3329 http fetch GET 200 https://registry.npmjs.org/@eslint/config-array/-/config-array-0.21.2.tgz 40625ms (cache miss)
3330 http fetch GET 200 https://registry.npmjs.org/fast-glob/-/fast-glob-3.3.1.tgz 40684ms (cache miss)
3331 http fetch GET 200 https://registry.npmjs.org/ajv/-/ajv-6.15.0.tgz 40893ms (cache miss)
3332 http fetch GET 200 https://registry.npmjs.org/aria-query/-/aria-query-5.3.2.tgz 41591ms (cache miss)
3333 http fetch GET 200 https://registry.npmjs.org/eslint-plugin-import/-/eslint-plugin-import-2.32.0.tgz 42461ms (cache miss)
3334 http fetch GET 200 https://registry.npmjs.org/eslint-plugin-jsx-a11y/-/eslint-plugin-jsx-a11y-6.10.2.tgz 42382ms (cache miss)
3335 http fetch GET 200 https://registry.npmjs.org/@rushstack/eslint-patch/-/eslint-patch-1.16.1.tgz 43488ms (cache miss)
3336 http fetch GET 200 https://registry.npmjs.org/resolve/-/resolve-2.0.0-next.7.tgz 43853ms (cache miss)
3337 http fetch GET 200 https://registry.npmjs.org/@types/react/-/react-19.0.2.tgz 44112ms (cache miss)
3338 http fetch GET 200 https://registry.npmjs.org/uri-js/-/uri-js-4.4.1.tgz 46492ms (cache miss)
3339 http fetch GET 200 https://registry.npmjs.org/lightningcss-win32-x64-msvc/-/lightningcss-win32-x64-msvc-1.32.0.tgz 47915ms (cache miss)
3340 http fetch GET 200 https://registry.npmjs.org/@typescript-eslint/eslint-plugin/-/eslint-plugin-8.64.0.tgz 47780ms (cache miss)
3341 http fetch GET 200 https://registry.npmjs.org/react-dom/-/react-dom-19.0.0.tgz 48694ms (cache miss)
3342 http fetch GET 200 https://registry.npmjs.org/@tailwindcss/oxide-win32-x64-msvc/-/oxide-win32-x64-msvc-4.3.2.tgz 50261ms (cache miss)
3343 http fetch GET 200 https://registry.npmjs.org/eslint/-/eslint-9.39.5.tgz 53461ms (cache miss)
3344 http fetch GET 200 https://registry.npmjs.org/next 59237ms (cache miss)
3345 silly packumentCache corgi:https://registry.npmjs.org/next set size:undefined disposed:false
3346 http fetch GET 200 https://registry.npmjs.org/lucide-react/-/lucide-react-0.468.0.tgz 60712ms (cache miss)
3347 http fetch GET 200 https://registry.npmjs.org/typescript/-/typescript-5.9.3.tgz 74782ms (cache miss)
3348 http fetch GET 200 https://registry.npmjs.org/next/-/next-15.1.1.tgz 110503ms (cache miss)
3349 warn deprecated next@15.1.1: This version has a security vulnerability. Please upgrade to a patched version. See https://nextjs.org/blog/CVE-2025-66478 for more details.
3350 warn tar TAR_ENTRY_ERROR ENOENT: no such file or directory, lstat 'C:\Users\34026\Desktop\基于 AI 的在线像素画创作与编辑平台\node_modules\@img\sharp-win32-x64\lib'
3351 silly tar TAR_ENTRY_ERROR ENOENT: no such file or directory, lstat 'C:\Users\34026\Desktop\基于 AI 的在线像素画创作与编辑平台\node_modules\@img\sharp-win32-x64\lib' [Error: ENOENT: no such file or directory, lstat 'C:\Users\34026\Desktop\基于 AI 的在线像素画创作与编辑平台\node_modules\@img\sharp-win32-x64\lib'] {
3351 silly tar   errno: -4058,
3351 silly tar   code: 'ENOENT',
3351 silly tar   syscall: 'lstat',
3351 silly tar   path: 'C:/Users/34026/Desktop/基于 AI 的在线像素画创作与编辑平台/node_modules/@img/sharp-win32-x64/lib',
3351 silly tar   entry: As {
3351 silly tar     _events: [Object: null prototype] {
3351 silly tar       end: [Function (anonymous)],
3351 silly tar       drain: [Function]
3351 silly tar     },
3351 silly tar     _eventsCount: 2,
3351 silly tar     _maxListeners: undefined,
3351 silly tar     writable: true,
3351 silly tar     readable: true,
3351 silly tar     extended: undefined,
3351 silly tar     globalExtended: undefined,
3351 silly tar     header: Ms {
3351 silly tar       cksumValid: true,
3351 silly tar       needPax: false,
3351 silly tar       nullBlock: false,
3351 silly tar       block: undefined,
3351 silly tar       path: 'package/lib/libvips-cpp.dll',
3351 silly tar       mode: 420,
3351 silly tar       uid: undefined,
3351 silly tar       gid: undefined,
3351 silly tar       size: 369152,
3351 silly tar       cksum: 5608,
3351 silly tar       linkpath: '',
3351 silly tar       uname: '',
3351 silly tar       gname: '',
3351 silly tar       devmaj: 0,
3351 silly tar       devmin: 0,
3351 silly tar       atime: undefined,
3351 silly tar       ctime: undefined,
3351 silly tar       mtime: 1985-10-26T08:15:00.000Z,
3351 silly tar       charset: undefined,
3351 silly tar       comment: undefined
3351 silly tar     },
3351 silly tar     startBlockSize: 369152,
3351 silly tar     blockRemain: 330438,
3351 silly tar     remain: 330438,
3351 silly tar     type: 'File',
3351 silly tar     meta: false,
3351 silly tar     ignore: false,
3351 silly tar     path: 'lib/libvips-cpp.dll',
3351 silly tar     mode: 438,
3351 silly tar     uid: undefined,
3351 silly tar     gid: undefined,
3351 silly tar     uname: '',
3351 silly tar     gname: '',
3351 silly tar     size: 369152,
3351 silly tar     mtime: 1985-10-26T08:15:00.000Z,
3351 silly tar     atime: undefined,
3351 silly tar     ctime: undefined,
3351 silly tar     linkpath: undefined,
3351 silly tar     dev: undefined,
3351 silly tar     ino: undefined,
3351 silly tar     nlink: undefined,
3351 silly tar     invalid: false,
3351 silly tar     absolute: 'C:/Users/34026/Desktop/基于 AI 的在线像素画创作与编辑平台/node_modules/@img/sharp-win32-x64/lib/libvips-cpp.dll',
3351 silly tar     unsupported: false,
3351 silly tar     Symbol(shapeMode): false,
3351 silly tar     Symbol(kCapture): false,
3351 silly tar     Symbol(flowing): false,
3351 silly tar     Symbol(paused): true,
3351 silly tar     Symbol(pipes): [],
3351 silly tar     Symbol(buffer): [
3351 silly tar       <Buffer 4d 5a 90 00 03 00 00 00 04 00 00 00 ff ff 00 00 b8 00 00 00 00 00 00 00 40 00 00 00 00 00 00 00 00 00 00 00 00 00 00 00 00 00 00 00 00 00 00 00 00 00 ... 12936 more bytes>,
3351 silly tar       <Buffer e5 02 00 cc cc cc 48 89 5c 24 08 48 89 6c 24 10 48 89 74 24 20 4c 89 44 24 18 57 48 83 ec 40 49 8b f1 49 8b d8 48 8b fa 48 8b e9 49 8b 00 48 89 44 24 ... 16334 more bytes>,
3351 silly tar       <Buffer c3 48 8d 05 7e dd 03 00 48 89 44 24 20 4c 8d 0d fa dd 03 00 41 b8 ad 00 00 00 48 8d 15 15 dd 03 00 33 c9 ff 15 f5 55 03 00 cc 48 8d 0d 4d f2 03 00 e8 ... 9294 more bytes>
3351 silly tar     ],
3351 silly tar     Symbol(objectMode): false,
3351 silly tar     Symbol(encoding): null,
3351 silly tar     Symbol(async): false,
3351 silly tar     Symbol(decoder): null,
3351 silly tar     Symbol(EOF): false,
3351 silly tar     Symbol(emittedEnd): false,
3351 silly tar     Symbol(emittingEnd): false,
3351 silly tar     Symbol(closed): false,
3351 silly tar     Symbol(emittedError): null,
3351 silly tar     Symbol(bufferLength): 38714,
3351 silly tar     Symbol(destroyed): false,
3351 silly tar     Symbol(signal): undefined,
3351 silly tar     Symbol(aborted): false,
3351 silly tar     Symbol(dataListeners): 0,
3351 silly tar     Symbol(discarded): false
3351 silly tar   },
3351 silly tar   cwd: 'C:/Users/34026/Desktop/基于 AI 的在线像素画创作与编辑平台/node_modules/@img/sharp-win32-x64',
3351 silly tar   tarCode: 'TAR_ENTRY_ERROR'
3351 silly tar }
3352 verbose cwd C:\Users\34026\Desktop\基于 AI 的在线像素画创作与编辑平台
3353 verbose os Windows_NT 10.0.26100
3354 verbose node v24.16.0
3355 verbose npm  v11.13.0
3356 notice
3356 notice New major version of npm available! 11.13.0 -> 12.0.1
3356 notice Changelog: https://github.com/npm/cli/releases/tag/v12.0.1
3356 notice To update run: npm install -g npm@12.0.1
3356 notice  { force: true, Symbol(proc-log.meta): true }
3357 verbose exit 1
3358 verbose code 1
3359 error A complete log of this run can be found in: C:\Users\34026\Desktop\基于 AI 的在线像素画创作与编辑平台\.npm-cache\_logs\2026-07-14T07_12_14_418Z-debug-0.log
